<?xml version="1.0" encoding="UTF-8"?>
<asr_order_response>
	<clarification>
		<CNR_Form>
			<cnr_adminsection>
				<DTSENT value="${CURR_DT}"/>
				<CCNA value="${CCNA}"/>
				<PON value="${PON}"/>
				<ICSC value="${ICSC}"/>
				<VER value="${VER}"/>
				<AP_REP value="235245345"/>
				<AP_REP_TELNO value="345-345-3453-45"/>
			</cnr_adminsection>
			<cnr_detailsection>
				<CNT value="F"/>
				<CNR_VER value="00"/>
			</cnr_detailsection>
		</CNR_Form>
	</clarification>
	<RESPONSE_TYPE value="Clarification"/>
</asr_order_response>