<asr_order>
	<ASR_Form>
		<asr_adminsection>
			<DTSENT value="${CURR_DT}" />
			<ICSC value="${ICSC}" />
			<VER value="${VER}" />
			<BAN value="E" />
			<REQTYP value="PA" />
			<QTY value="1" />
			<DDD value="${DDD}" />
			<RTR value="F" />
			<ACT value="N" />
			<CCNA value="${CCNA}" />
			<ACTL value="1234CA67891" />
			<PON value="${PON}" />
			<SUP value="${SUPP}" />
		</asr_adminsection>
		<asr_billsection>
			<ACNA value="OCB" />
		</asr_billsection>
		<asr_contactsection>
			<IMPCON value="TECH ON DUTY" />
			<INIT_TELNO value="877-898-8798" />
			<INIT value="CSIMS" />
			<IMP_TELNO value="888-789-8978" />
		</asr_contactsection>
	</ASR_Form>
	<PVC_Form>
		<pvc_commonsection>
			<NC value="KSA2" />
			<NCI value="02LNF.A02" />
			<RPID value="TWCTTT/56566/BALIN" />
		</pvc_commonsection>

	</PVC_Form>
</asr_order>