<asr_order>
	<ASR_Form>
		<asr_adminsection>
			<DTSENT value="${CURR_DT}" />
			<ICSC value="${ICSC}" />
			<VER value="${VER}" />
			<BAN value="E" />
			<REQTYP value="WD" />
			<QTY value="1" />
			<DDD value="${DDD}" />
			<RTR value="S" />
			<ACT value="N" />
			<CCNA value="${CCNA}" />
			<PON value="${PON}" />
			<QSA value="01" />
			<PIU value="100" />
		</asr_adminsection>
		<asr_billsection>
			<ACNA value="OCB" />
		</asr_billsection>
		<asr_contactsection>
			<IMPCON value="TECH ON DUTY" />
			<INIT_TELNO value="877-898-8798" />
			<INIT value="CSIMS" />
			<IMP_TELNO value="888-789-8978" />
		</asr_contactsection>
	</ASR_Form>
	<WAL_Form>
		<WAL_circuitdetailsection>
			<SECLOC value="E" />
			<SECNCI value="02CXF.N1G" />
			<S25 value="B1373662" />
			<DRL value="N" />
			<NC value="KFE-" />
			<ER value="1" />
		</WAL_circuitdetailsection>
	</WAL_Form>
	<SALI_Formcontainer>
		<SALI_Form>
			<addressdetailsection>
				<CITY value="Irving" />
				<JS value="F" />
				<LCON value="Jim Cummings" />
				<SMJK value="Y" />
				<SATH value="ST" />
				<LCON_EMAIL value="james.cummings@twcable.com" />
				<AACTEL value="571-296-0006" />
				<ZIP value="75601" />
				<STATE value="TX" />
				<SASN value="Edwards" />
				<REFNUM value="0001" />
				<SANO value="2555" />
				<ACTEL value="703-345-2493" />
			</addressdetailsection>
		</SALI_Form>
	</SALI_Formcontainer>
	<SEQNO value="821" />
</asr_order>
