<asr_order>
	<ASR_Form>
		<asr_adminsection>
			<DTSENT value="${CURR_DT}" />
			<REMARKS value="Neustar/iDen Dcom Phase 2" />
			<CCNA value="${CCNA}" />
			<PON value="${PON}" />
			<VER value="${VER}" />
			<DDD value="${DDD}" />
			<PROJECT value="SNKZZ13NXTLDISC" />
			<REQTYP value="MD" />
			<ACT value="D" />
			<ACTI value="F" />
			<ICSC value="${ICSC}" />
			<BAN value="E" />
			<QTY value="1" />
			<RTR value="F" />
			<UNIT value="C" />
			<ECCKT value="1/DF-5EG/GNBONCVDHC1/M-/ASBONCXA1ED" />
			<QSA value="01" />
			<LTP value="EC" />
			<ACTL value="ASBONCXA1ED" />
			<TSC value="EM144671" />
			<ASC_EC value="SW10" />
			<SUP value="${SUPP}" />
		</asr_adminsection>
		<asr_billsection>
			<ACNA value="OCB" />
		</asr_billsection>
		<asr_contactsection>
			<IMPCON value="TECH ON DUTY" />
			<INIT_TELNO value="877-898-8798" />
			<INIT value="CSIMS" />
			<IMP_TELNO value="888-789-8978" />
		</asr_contactsection>
	</ASR_Form>
	<TRUNKING_Form>
		<servicedetailssection>
			<RECCKT value="101/T1ZF/ASBONCXAK01/GNBONCVDHC1" />
			<SECLOC value="GNBONCVDHC1" />
			<TRN value="1   -2" />
		</servicedetailssection>
	</TRUNKING_Form>
	<SEQNO value="980" />
</asr_order>
		