<asr_order>
	<ASR_Form>
		<asr_adminsection>
			<DTSENT value="${CURR_DT}" />
			<ICSC value="${ICSC}" />
			<VER value="${VER}" />
			<BAN value="E" />
			<CUST value="QCC DBA CENTURYLINK QCC" />
			<CKR value="ENNI10GB-22998584" />
			<UNIT value="C" />
			<PIU value="100" />
			<REQTYP value="SD" />
			<QTY value="1" />
			<DDD value="${DDD}" />
			<RTR value="S" />
			<LATA value="552" />
			<SEI value="Y" />
			<ACT value="N" />
			<CCNA value="${CCNA}" />
			<ACTL value="DLLSTX371CW" />
			<PON value="${PON}" />
			<SUP value="${SUPP}" />
		</asr_adminsection>
		<asr_billsection>
			<ACNA value="OCB" />
		</asr_billsection>
		<asr_contactsection>
			<IMPCON value="TECH ON DUTY" />
			<INIT_TELNO value="877-898-8798" />
			<INIT value="CSIMS" />
			<IMP_TELNO value="888-789-8978" />
		</asr_contactsection>
	</ASR_Form>
	<SES_Form>
		<ses_circuitdetailsection>
			<NC value="KSE-" />
			<NCI value="02LNF.A02" />
			<SECNCI value="02CXF.NXG" />
		</ses_circuitdetailsection>
		<ses_locationsection>
			<ESP value="DLLSTX37" />
		</ses_locationsection>
	</SES_Form>
</asr_order>