<asr_order>
	<ASR_Form>
		<asr_adminsection>
			<DTSENT value="${CURR_DT}" />
			<ICSC value="${ICSC}" />
			<VER value="${VER}" />
			<BAN value="E" />
			<CUST value="QCC DBA CENTURYLINK QCC" />
			<CKR value="ENNI10GB-22998584" />
			<UNIT value="C" />
			<PIU value="100" />
			<REQTYP value="ED" />
			<QTY value="1" />
			<DDD value="${DDD}" />
			<RTR value="S" />
			<LATA value="552" />
			<SEI value="Y" />
			<ACT value="N" />
			<CCNA value="${CCNA}" />
			<ACTL value="DLLSTX371CW" />
			<PON value="${PON}" />
			<EVCI value="B" />
			<SEI value="Y" />
			<SUP value="${SUPP}" />
		</asr_adminsection>
		<asr_billsection>
			<ACNA value="OCB" />
		</asr_billsection>
		<asr_contactsection>
			<IMPCON value="TECH ON DUTY" />
			<INIT_TELNO value="877-898-8798" />
			<INIT value="CSIMS" />
			<IMP_TELNO value="888-789-8978" />
		</asr_contactsection>
	</ASR_Form>
	<SES_Form>
		<ses_circuitdetailsection>
			<NC value="KPE-" />
			<NCI value="04LN9.10T" />
			<SECNCI value="04CX9.10T" />
		</ses_circuitdetailsection>
		<ses_locationsection>
			<ESP value="KSCYKSPADS0" />
		</ses_locationsection>
	</SES_Form>
	<SALI_Formcontainer type="container">
		<SALI_Form>
			<addressdetailsection>
				<REFNUM value="0001" />
				<PI value="Y" />
				<EUNAME value="VALLEY VIEW BANK" />
				<SANO value="10840" />
				<SASN value="PARALLEL" />
				<SATH value="PKWY" />
				<LD1 value="RM" />
				<LV1 value="CLOSET" />
				<LD2 value="FLR" />
				<LV2 value="1" />
				<CITY value="KANSAS CITY" />
				<STATE value="KS" />
				<ZIP value="66109" />
				<JK_CODE value="DMARC" />
				<JK_NUM value="99" />
				<JK_POS value="99" />
				<JS value="N" />
				<LCON value="RANDALL MILLER" />
				<ACTEL value="563-557-2363" />
				<LCON_EMAIL value="ANNA@KURTZCOMMUNICATIONS.COM" />
				<ALCON value="NEIL MARBIDA" />
				<ALCON_TEL value="703-430-8674" />
				<ALCON_EMAIL value="NEIL.MARBIDA@CENTURYLINK.COM" />
			</addressdetailsection>
		</SALI_Form>
	</SALI_Formcontainer>
	<EVC_Form>
		<EVC_evcdetail>
			<EVCNUM value="0001" />
			<NC value="VLP-" />
			<NUT value="02" />
		</EVC_evcdetail>
		<EVC_unidetailcontainer>
			<EVC_unidetail>
				<UREF value="01" />
				<AUNT value="A" />
				<UACT value="N" />
				<NCI value="02VLN.V" />
				<EVC_servicedetailcontainer type="container">
					<EVC_servicedetail>
						<LREF value="1" />
						<LOSACT value="N" />
						<LOS value="SILVER" />
						<BDW value="10M" />
					</EVC_servicedetail>
				</EVC_servicedetailcontainer>
			</EVC_unidetail>
			<EVC_unidetail>
				<UREF value="02" />
				<UACT value="N" />
				<NCI value="02VLN.V" />
				<EVCSP value="DLLSTX371CW" />
				<RUID value="21.KGFD.000087..TWCC" />
				<EVC_servicedetailcontainer type="container">
					<EVC_servicedetail>
						<LREF value="1" />
						<LOSACT value="N" />
						<LOS value="SILVER" />
						<BDW value="10M" />
					</EVC_servicedetail>
				</EVC_servicedetailcontainer>
			</EVC_unidetail>
		</EVC_unidetailcontainer>
	</EVC_Form>
</asr_order>