<asr_order>
	<ASR_Form>
		<asr_adminsection>
			<DTSENT value="${CURR_DT}" />
			<ICSC value="${ICSC}" />
			<VER value="${VER}" />
			<BAN value="E" />
			<REQTYP value="SA" />
			<QTY value="1" />
			<DDD value="${DDD}" />
			<RTR value="F" />
			<ACT value="N" />
			<CCNA value="${CCNA}" />
			<ACTL value="1234CA67891" />
			<PON value="${PON}" />
		</asr_adminsection>
		<asr_billsection>
			<ACNA value="OCB" />
		</asr_billsection>
		<asr_contactsection>
			<IMPCON value="TECH ON DUTY" />
			<INIT_TELNO value="877-898-8798" />
			<INIT value="CSIMS" />
			<IMP_TELNO value="888-789-8978" />
		</asr_contactsection>
	</ASR_Form>
	<SEQNO value="925" />
	<TRANSPORT_Form>
		<transport_circuitdetailsection>
			<S25 value="A1234567" />
			<NCI value="22AB1" />
			<SECLOC value="123" />
			<NC value="0001" />
		</transport_circuitdetailsection>
	</TRANSPORT_Form>
</asr_order>