<asr_order>
	<ASR_Form>
		<asr_adminsection>
			<DTSENT value="${CURR_DT}" />
			<ICSC value="${ICSC}" />
			<VER value="${VER}" />
			<BAN value="E" />
			<REQTYP value="SD" />
			<QTY value="1" />
			<PIU value="100" />
			<DDD value="${DDD}" />
			<EVCI value="A" />
			<RTR value="F" />
			<ACT value="C" />
			<CCNA value="${CCNA}" />
			<ACTL value="1234CA67891" />
			<PON value="${PON}" />
			<PROJECT value="ATTMOB" />
			<CNO value="ZZZZZZZZZZZZ" />
		</asr_adminsection>
		<asr_billsection>
			<BILLNM value="AT&amp;T MOBILITY" />
			<SBILLNM value="C/O TEOCO CORPORATION" />
			<ACNA value="AWL" />
			<FUSF value="E" />
			<STREET value="12150 MONUMENT DR." />
			<CITY value="FAIRFAX" />
			<STATE value="VA" />
			<ZIP_CODE value="22033" />
			<BILLCON value="C/O TEOCO CORP" />
		</asr_billsection>
		<asr_contactsection>
			<INIT value="CHANDLER DELAY" />
			<INIT_TELNO value="972-941-9000" />
			<INIT_EMAIL value="CD374C@ATT.COM" />
			<DSGCON value="CHANDLER DELAY" />
			<DSG_TELNO value="972-941-9000" />
			<DSG_EMAIL value="CD374C@ATT.COM" />
			<IMPCON value="PCO TEST" />
			<IMP_TELNO value="817-884-8031" />
			<DTREC value="04-10-2017-1022PM" />
		</asr_contactsection>
	</ASR_Form>
	<EVC_Form>
	<EVC_evcdetail>
		<EVCNUM value="0001" />
		<NC value="VLP-" />
		<EVCID value="TX/VLXP/965588//WINW/" />
		<NUT value="02" />
	</EVC_evcdetail>
	<EVC_unidetailcontainer>
		<EVC_unidetail>
			<UREF value="01" />
			<UACT value="C" />
			<NCI value="02VLN.V" />
			<EVCSP value="LTRKAR10H75" />
			<CE_VLANdetailcontainer type="container">
				<CE_VLANdetail>
					<CE_VLAN value="1380" />
				</CE_VLANdetail>
			</CE_VLANdetailcontainer>
			<RUID value="GE10/LTRKAR10H75/LTRKAR10W11" />
			<EVC_servicedetailcontainer type="container">
				<EVC_servicedetail>
					<LREF value="1" />
					<LOSACT value="C" />
					<SPEC value="OEMAR1" />
					<BDW value="200M" />
				</EVC_servicedetail>
			</EVC_servicedetailcontainer>
		</EVC_unidetail>
		<EVC_unidetail>
			<UREF value="02" />
			<UACT value="C" />
			<NCI value="02VLN.V" />
			<EVCSP value="TXRKTXKEH75" />
			<CE_VLANdetailcontainer type="container">
				<CE_VLANdetail>
					<CE_VLAN value="1380" />
				</CE_VLANdetail>
			</CE_VLANdetailcontainer>
			<RUID value="TX/KRGS/964755//WINW/" />
			<EVC_servicedetailcontainer type="container">
				<EVC_servicedetail>
					<LREF value="1" />
					<LOSACT value="C" />
					<SPEC value="OEMAR1" />
					<BDW value="200M" />
				</EVC_servicedetail>
			</EVC_servicedetailcontainer>
		</EVC_unidetail>
	</EVC_unidetailcontainer>
	<REMARKS value="MTSO ECCKT is 101/GE10/LTRKAR10H75/LTRKAR10W11" />
</EVC_Form>
<SEQNO value="" />
</asr_order>
