<asr_order>
	<ASR_Form>
		<asr_adminsection>
			<DTSENT value="${CURR_DT}" />
			<ICSC value="${ICSC}" />
			<VER value="${VER}" />
			<BAN value="E" />
			<REQTYP value="VD" />
			<QTY value="1" />
			<DDD value="${DDD}" />
			<RTR value="F" />
			<ACT value="D" />
			<CCNA value="${CCNA}" />
			<ACTL value="RLGHNCHOW01" />
			<ECCKT value="60.QGXX.268475..CRLN" />
			<CKR value="T0/DAMC/143329/020/US  /" />
			<PON value="${PON}" />
		</asr_adminsection>
		<asr_billsection>
			<ACNA value="OCB" />
		</asr_billsection>
		<asr_contactsection>
			<IMPCON value="TECH ON DUTY" />
			<INIT_TELNO value="877-898-8798" />
			<INIT value="CSIMS" />
			<IMP_TELNO value="888-789-8978" />
		</asr_contactsection>
	</ASR_Form>
	<TRANSPORT_Form>
		<transport_circuitdetailsection>
			<LMP value="1" />
		</transport_circuitdetailsection>
	</TRANSPORT_Form>
	<VC_Form>
		<vc_circuitdetailsectioncontainer
			type="container">
			<vc_circuitdetailsection>
				<rcdetailsection>
					<RPON value="NONE" />
					<RORD value="NONE" />
					<RECCKT value="12.YIGS.012921" />
					<RDLCI value="9999" />
				</rcdetailsection>
				<vcdetailsection>
					<VCACT value="D" />
					<DLCI value="808" />
					<VCNUM value="0001" />
					<PSPEED value="1.5M" />
				</vcdetailsection>
			</vc_circuitdetailsection>
		</vc_circuitdetailsectioncontainer>
	</VC_Form>
</asr_order>