<asr_order>
	<ASR_Form>
		<asr_adminsection>
			<DTSENT value="${CURR_DT}" />
			<ICSC value="${ICSC}" />
			<VER value="${VER}" />
			<BAN value="E" />
			<REQTYP value="DJ" />
			<QTY value="1" />
			<DDD value="${DDD}" />
			<RTR value="F" />
			<ACT value="N" />
			<CCNA value="${CCNA}" />
			<ACTL value="1234CA67891" />
			<SUP value="${SUPP}" />
			<PON value="${PON}" />
		</asr_adminsection>
		<asr_billsection>
			<ACNA value="OCB" />
		</asr_billsection>
		<asr_contactsection>
			<IMPCON value="TECH ON DUTY" />
			<INIT_TELNO value="877-898-8798" />
			<INIT value="CSIMS" />
			<IMP_TELNO value="888-789-8978" />
		</asr_contactsection>
	</ASR_Form>
	<DIS_Form>
		<dis_circuitdetailsection>
			<NC value="HCE-" />
			<NCI value="02SOF.U" />
			<SECNCI value="04SOF.U" />
		</dis_circuitdetailsection>
	</DIS_Form>
</asr_order>