<asr_order>
	<ASR_Form>
		<asr_adminsection>
			<DTSENT value="${CURR_DT}" />
			<REMARKS value="INSTALL 12 NEW VOICEMAIL CHANNELS ON CHANNELS 1-12" />
			<ICSC value="${ICSC}" />
			<UNIT value="C" />
			<ACTL value="SBNDIN01H48" />
			<VER value="${VER}" />
			<CKR value="1000/T1ZF/SBNDIN01DS0/IPLTINMYK00" />
			<BAN value="E" />
			<REQTYP value="AD" />
			<QTY value="1" />
			<PIU value="100" />
			<DDD value="${DDD}" />
			<RTR value="S" />
			<LTP value="FF" />
			<ACT value="N" />
			<CUST value="WINDSTREAM" />
			<CCNA value="${CCNA}" />
			<PON value="${PON}" />
			<EXP value="Y" />
			<PASSWORD value="IORPROD1" />
			<SUP value="${SUPP}" />
		</asr_adminsection>
		<asr_billsection>
			<ACNA value="OCB" />
		</asr_billsection>
		<asr_contactsection>
			<IMPCON value="TECH ON DUTY" />
			<INIT_TELNO value="877-898-8798" />
			<INIT value="CSIMS" />
			<IMP_TELNO value="888-789-8978" />
		</asr_contactsection>
	</ASR_Form>
	<FGA_Form>
		<FGA_servicedetailsection>
			<NC value="SDAA" />
			<NCI value="04DS6.44" />
			<CFA value="191/T1ZF/01/SBNDIN01H48/SBNDIN01K02" />
			<FIMPTEL value="844-886-3383" />
			<HBAN value="E" />
		</FGA_servicedetailsection>
		<FGA_serviceoptionsection>
			<TBE value="A" />
			<CAD value="Y" />
			<DRL value="Y" />
			<HNTYP value="RG" />
		</FGA_serviceoptionsection>
		<FGA_locationsection>
			<SECLOC value="SBNDIN01DS0" />
		</FGA_locationsection>
	</FGA_Form>
</asr_order>