<?xml version="1.0" encoding="UTF-8"?>
<asr_order>
	<ASR_Form>
		<asr_adminsection>
			<DTSENT value="${CURR_DT}" />
			<REMARKS value="Neustar/iDen Dcom Phase 2" />
			<UNIT value="C" />
			<QTY value="5" />
			<ACTL value="BGVLPAALW02" />
			<BAN value="412M110369" />
			<REQTYP value="RG" />
			<FNI value="NCRNEX" />
			<DDD value="${DDD}" />
			<RTR value="F" />
			<ECCKT value="NEX/OC48/BGVLPAALW02/BTPKPABPW01" />
			<FNT value="A" />
			<ICSC value="${ICSC}" />
			<PON value="${PON}" />
			<ACT value="N" />
			<SUP value="${SUPP}" />
			<CCNA value="${CCNA}" />
			<VER value="${VER}" />
		</asr_adminsection>
		<asr_billsection>
			<ACNA value="NXT" />
		</asr_billsection>
		<asr_contactsection>
			<IMPCON value="Jen Marino" />
			<INIT value="Jen Marino" />
			<INIT_TELNO value="610-316-4114" />
			<IMP_TELNO value="610-316-4114" />
		</asr_contactsection>
	</ASR_Form>
	<RING_Form>
		<ring_prilocsection>
			<NID value="01" />
		</ring_prilocsection>
	</RING_Form>
	<ARI_Formcontainer>
		<ARI_Form>
			<ari_circuitdetailsection>
				<REFNUM value="0002" />
				<ECCKT value="NEX/OC48/CARNPACAW01/PITBPADTW16" />
			</ari_circuitdetailsection>
			<ari_prilocsection>
				<NID value="02" />
			</ari_prilocsection>
		</ARI_Form>
		<ARI_Form>
			<ari_circuitdetailsection>
				<REFNUM value="0003" />
				<ECCKT value="NEX/OC48/PITBPADGW02/PITBPADTW16" />
			</ari_circuitdetailsection>
			<ari_prilocsection>
				<NID value="03" />
			</ari_prilocsection>
		</ARI_Form>
		<ARI_Form>
			<ari_circuitdetailsection>
				<REFNUM value="0004" />
				<ECCKT value="NEX/OC48/BGVLPAALW02/CARNPACAW01" />
			</ari_circuitdetailsection>
			<ari_prilocsection>
				<NID value="04" />
			</ari_prilocsection>
		</ARI_Form>
		<ARI_Form>
			<ari_circuitdetailsection>
				<REFNUM value="0005" />
				<ECCKT value="NEX/OC48/BTPKPABPW01/PITBPADGW02" />
			</ari_circuitdetailsection>
			<ari_prilocsection>
				<NID value="05" />
			</ari_prilocsection>
		</ARI_Form>
	</ARI_Formcontainer>
</asr_order>