<asr_order>
	<ASR_Form>
		<asr_adminsection>
			<DTSENT value="${CURR_DT}" />
			<ICSC value="${ICSC}" />
			<VER value="${VER}" />
			<BAN value="E" />
			<REQTYP value="PA" />
			<QTY value="1" />
			<DDD value="${DDD}" />
			<RTR value="F" />
			<ACT value="D" />
			<CCNA value="${CCNA}" />
			<PON value="${PON}" />
			<PVCI value="B" />
			<NPVC value="01" />
			<SUP value="${SUPP}" />
		</asr_adminsection>
		<asr_billsection>
			<ACNA value="OCB" />
		</asr_billsection>
		<asr_contactsection>
			<IMPCON value="TECH ON DUTY" />
			<INIT_TELNO value="877-898-8798" />
			<INIT value="CSIMS" />
			<IMP_TELNO value="888-789-8978" />
		</asr_contactsection>
	</ASR_Form>
	<PIP_Form>
		<pip_circuitdetailsection>
			<NCI value="12NCI" />
			<NC value="12NC" />
		</pip_circuitdetailsection>
	</PIP_Form>
</asr_order>