<?xml version="1.0" encoding="UTF-8"?>
<asr_order>
	<ASR_Form>
		<asr_adminsection>
			<DTSENT value="${CURR_DT}" />
			<REMARKS value="REROUTE ANY REMAINING TRAFFIC TO THE APPROPRIATE TANDEM" />
			<CCNA value="${CCNA}" />
			<PON value="${PON}" />
			<VER value="${VER}" />
			<DDD value="${DDD}" />
			<REQTYP value="MD" />
			<ACT value="D" />
			<ACTI value="F" />
			<RTR value="F" />
			<UNIT value="C" />
			<ECCKT value="1/DF45TFKESM /CDCYUTMA02T/77/SLKDUTYIW02" />
			<QTY value="72" />
			<AFO value="Y" />
			<LTP value="LA" />
			<BAN value="801 R54-8009" />
			<ICSC value="${ICSC}" />
			<ACTL value="SLKDUTYIW02" />
			<TSC value="AE138232" />
		</asr_adminsection>
		<asr_billsection>
			<ACNA value="NXT" />
		</asr_billsection>
		<asr_contactsection>
			<INIT value="VIVEK" />
			<INIT_TELNO value="650-270-7106" />
			<IMPCON value="Vivek" />
			<IMP_TELNO value="571-434-3546" />
			<SITECON value ="TEST123" />
			<SITECON_TELNO value ="123-123-3456-5678" />
			<SITECON_EMAIL value ="vivekk@xavient.com" />
		</asr_contactsection>
	</ASR_Form>
	<TRUNKING_Form>
		<servicedetailssection>
			<RECCKT value="102.T1ZF.CDCYUTMADC0.SLKDUTYIHAG" />
			<TCIC value="00101-00124" />
			<SECLOC value="CDCYUTMA02T" />
			<CSPC value="219-105-155" />
			<QACI value="02" />
		</servicedetailssection>
	</TRUNKING_Form>
	<ACI_Formcontainer>
		<ACI_Form>
			<aci_circuitdetailsection>
				<REFNUM value="0002" />
				<ECCKT value="25 /DF45TFKESM /CDCYUTMA02T/77/SLKDUTYIW02" />
				<RECCKT value="103.T1ZF.CDCYUTMADC0.SLKDUTYIHAG" />
				<TCIC value="00125-00148" />
			</aci_circuitdetailsection>
		</ACI_Form>
		<ACI_Form>
			<aci_circuitdetailsection>
				<REFNUM value="0003" />
				<ECCKT value="49 /DF45TFKESM /CDCYUTMA02T/77/SLKDUTYIW02" />
				<RECCKT value="104.T1ZF.CDCYUTMADC0.SLKDUTYIHAG" />
				<TCIC value="00149-00172" />
			</aci_circuitdetailsection>
		</ACI_Form>
	</ACI_Formcontainer>
	<SEQNO value="923" />
</asr_order>