<?xml version="1.0" encoding="UTF-8"?><asr_order><ASR_Form><asr_adminsection><DTSENT value="${CURR_DT}"/><ICSC value="${ICSC}"/><VER value="${VER}"/><DDD value="${DDD}"/><CCNA value="${CCNA}"/><PON value="${PON}"/><SUP value="${SUPP}" /><UNIT value="C"/><QTY value="1"/><QSA value="00"/><ACTL value="QWERCAUIOPL"/><BAN value="E"/><REQTYP value="AG"/><RTR value="F"/><RPON value="12"/><ECCKT value="2006/T1C/-A/IR/H"/><PIU value="100"/><ACT value="N"/><LTP value="AA0"/><NOR value="56-78"/></asr_adminsection><asr_billsection><BILLNM value="SSADFSAF"/><ACNA value="SWB"/><FUSF value="E"/></asr_billsection><asr_contactsection><IMPCON value="VICKS"/><DSG_TELNO value="214-800-1234"/><INIT value="gmail"/><INIT_TELNO value="123-456-7890"/><DSGCON value="VIKAS"/><INIT_EMAIL value="VICKS@gmail.com"/><IMP_TELNO value="123-333-3333"/></asr_contactsection></ASR_Form><FGA_Form><FGA_servicedetailsection><NC value="AS--"/><NCI value="04DS9..AX"/></FGA_servicedetailsection><FGA_serviceoptionsection><TBE value="A"/><CAD value="S"/></FGA_serviceoptionsection><FGA_locationsection><SECLOC value="EFGH012345-"/></FGA_locationsection></FGA_Form><SEQNO value="835"/></asr_order>