<?xml version="1.0" encoding="UTF-8"?><asr_order><ASR_Form><asr_adminsection><DTSENT value="${CURR_DT}"/><ICSC value="${ICSC}"/><VER value="${VER}"/><DDD value="${DDD}"/><CCNA value="${CCNA}"/><PON value="${PON}"/><RPON value="12"/><BAN value="E"/><REQTYP value="WG"/><QTY value="1"/><PIU value="100"/><RTR value="F"/><ACT value="D"/><ECCKT value="2006/T1C/-A/IR/H"/><NOR value="56-78"/></asr_adminsection><asr_billsection><BILLNM value="SSADFSAF"/><ACNA value="SWB"/></asr_billsection><asr_contactsection><IMPCON value="ANKS"/>
<INIT_TELNO value="123-456-7890"/><INIT_EMAIL value="ANKS@gmail.com"/><INIT value="Ankit"/><IMP_TELNO value="123-333-3333"/></asr_contactsection></ASR_Form><WAL_Form>
<WAL_circuitdetailsection><NC value="AS--"/></WAL_circuitdetailsection></WAL_Form></asr_order>
