<?xml version="1.0" encoding="UTF-8"?><asr_order><ASR_Form><asr_adminsection><DTSENT value="${CURR_DT}"/><ICSC value="${ICSC}"/><VER value="${VER}"/><DDD value="${DDD}"/><CCNA value="${CCNA}"/><PON value="${PON}"/><SUP value="${SUPP}" /><ACTL value="AKEVCA34521"/><BAN value="3256985"/><REQTYP value="SC"/><RTR value="F"/><ACT value="D"/><ECCKT value="96/ARDU/101675//NY"/><ISTN value="654-465-6546"/><BIC_ID value="54654"/><BIC_TEL value="654-654-4465"/><BIC value="1"/></asr_adminsection><asr_billsection><ACNA value="DVD"/><BILLCON value="QA"/><TELNO value="687-654-5465-6546545"/></asr_billsection><asr_contactsection><IMPCON value="ANKS"/><INIT_TELNO value="123-351-7890-6546546"/><INIT_EMAIL value="ANKS@gmail.com"/><INIT value="Ankit"/><IMP_TELNO value="123-333-3333-8787"/><INIT_FAXNO value="545-566-8798"/><DSG_FAXNO value="987-898-9879"/><MTCE value="qa"/><MAIN_TELNO value="465-874-6546"/></asr_contactsection></ASR_Form></asr_order>