﻿<?xml version="1.0" encoding="UTF-8"?><asr_order><ASR_Form><asr_adminsection><DTSENT value="${CURR_DT}"/><ICSC value="${ICSC}"/><VER value="${VER}"/><DDD value="${DDD}"/><CCNA value="${CCNA}"/><PON value="${PON}"/><SUP value="${SUPP}" /><RPON value="12"/><BAN value="E"/><REQTYP value="EA"/><QTY value="1"/><PIU value="100"/><RTR value="F"/><ACT value="D"/><ECCKT value="96/ARDU/101675//NY"/><NOR value="56-78"/><UNIT value="B"/></asr_adminsection><asr_billsection><BILLNM value="SSADFSAF"/><ACNA value="SWB"/><FUSF value="E"/></asr_billsection><asr_contactsection><IMPCON value="ANKS"/><INIT_TELNO value="123-456-7890"/><INIT_EMAIL value="ANKS@gmail.com"/><INIT value="Ankit"/><IMP_TELNO value="123-333-3333"/></asr_contactsection></ASR_Form><EUSA_Form><eusa_circuitdetailsection><NCI value="04DS9..AX"/><SECNCI value="12EEA"/><NC value="AS--"/></eusa_circuitdetailsection></EUSA_Form><SEQNO value="808"/></asr_order>