<?xml version="1.0" encoding="UTF-8"?><asr_preorder><RequestHeader><RequestType value="LocationInquiry"/><MESSAGE_ID value="${PON}"/><CCNA value="${CCNA}"/><DTSENT value="${CURR_DT}"/><CC value="KLJK"/><ICSC value="${ICSC}"/><STATE value="GF"/><LOA_INDICATOR value="FGHGFHGFHGF"/><LOA_CCNA value="GFHG"/></RequestHeader><RequestBody><LocationInquiry><Addr><SASN value="FGHFHGFJGFH"/><CITY value="HGFHGFHJ"/><STATE value="GF"/><ZIP value="GF654654757"/></Addr></LocationInquiry></RequestBody></asr_preorder>