<?xml version="1.0" encoding="UTF-8"?>
<asr_order>
	<ASR_Form>
		<asr_adminsection>
			<DTSENT value="${CURR_DT}" />
			<REMARKS value="REROUTE ANY REMAINING TRAFFIC TO THE APPROPRIATE TANDEM" />
			<CCNA value="${CCNA}" />
			<PON value="${PON}" />
			<VER value="${VER}" />
			<DDD value="${DDD}" />
			<REQTYP value="EA" />
			<ACT value="T" />
			<RTR value="F" />
			<PIU value="01" />
			<UNIT value="C" />
			<QTY value="72" />
			<AFO value="Y" />
			<BAN value="801 R54-8009" />
			<ICSC value="${ICSC}" />
			<TSC value="AE138232" />
			<SEI value="Y" />
		</asr_adminsection>
		<asr_billsection>
			<ACNA value="dsc" />
			<FUSF value="E" />
		</asr_billsection>
		<asr_contactsection>
			<INIT_TELNO value="345-456-4567" />
			<DSGCON value="vivek kumar" />
			<INIT value="erty" />
			<IMP_TELNO value="234-456-4567" />
			<DSG_TELNO value="123-345-4567" />
			<IMPCON value="TESTXAV" />
		</asr_contactsection>
	</ASR_Form>
	<SES_Form>
		<ses_circuitdetailsection>
			<NC value="1111" />
		</ses_circuitdetailsection>
	</SES_Form>
	<ACI_Formcontainer>
		<ACI_Form>
			<aci_circuitdetailsection>
				<PTV value="TEST1" />
				<RCID value="VIVEK345" />
				<REFNUM value="0002" />
			</aci_circuitdetailsection>
		</ACI_Form>
	</ACI_Formcontainer>
	<SEQNO value="923" />
</asr_order>