﻿<?xml version="1.0" encoding="UTF-8"?>
<asr_order>
	<ASR_Form>
		<asr_adminsection>
			<DTSENT value="${CURR_DT}"/>
			<REMARKS value="PLEASE DISCONNECT SERVICES"/>
			<ICSC value="${ICSC}"/>
			<VER value="${VER}"/>
			<CKR value="30/FEDO/529897/175/PUA /FED"/>
			<BAN value="E"/>
			<REQTYP value="EA"/>
			<QTY value="1"/>
			<DDD value="${DDD}"/>
			<RTR value="F"/>
			<ACT value="D"/>
			<CUST value="WINDSTREAM /PAETEC/ UHC"/>
			<ECCKT value="12.VLXX.001128..COXC"/>
			<CCNA value="${CCNA}"/>
			<PON value="${PON}"/>
		</asr_adminsection>
		<asr_billsection>
			<BILLNM value="PAETEC"/>
			<ACNA value="PUA"/>
		</asr_billsection>
		<asr_contactsection>
			<IMPCON value="TECH ON DUTY"/>
			<INIT_TELNO value="704-845-7366"/>
			<INIT_EMAIL value="vibha@abc.com"/>
			<INIT_FAXNO value="330-487-2885"/>
			<INIT value="VIBHA"/>
			<IMP_TELNO value="714-333-9990"/>
		</asr_contactsection>
	</ASR_Form>
	<EUSA_Form>
		<eusa_circuitdetailsection>
			<NCI value="04DS9..AX"/>
			<NC value="AS--"/>
		</eusa_circuitdetailsection>
	</EUSA_Form>
</asr_order>