<?xml version="1.0" encoding="UTF-8"?><asr_order><ASR_Form><asr_adminsection><CCNA value="${CCNA}"/><PON value="${PON}"/><VER value="${VER}"/><ICSC value="${ICSC}"/><DTSENT value="${CURR_DT}"/><DDD value="${DDD}"/><SUP value="${SUPP}" /><QTY value="1"/><BAN value="E"/><REQTYP value="SA"/><RTR value="F"/><ACT value="D"/><EVCI value="A"/></asr_adminsection><asr_billsection><BILLNM value="SSADFSAF"/><ACNA value="SWB"/></asr_billsection><asr_contactsection><IMPCON value="SIDDHARTH"/><INIT value="gmail"/><INIT_TELNO value="123-456-7890"/><INIT_EMAIL value="VICKS@gmail.com"/><IMP_TELNO value="111-111-1111"/></asr_contactsection></ASR_Form><EVC_Form><EVC_evcdetail><NUT value="01"/><NC value="VLM-"/><EVCNUM value="0001"/><EVCID value="12"/></EVC_evcdetail><EVC_unidetailcontainer><EVC_unidetail><RPON value="12"/><UACT value="K"/><UREF value="11"/></EVC_unidetail></EVC_unidetailcontainer></EVC_Form><SEQNO value="541"/></asr_order>
