<?xml version="1.0" encoding="UTF-8"?><asr_preorder><RequestHeader><RequestType value="CFAInquiry"/><MESSAGE_ID value="${PON}"/><CCNA value="${CCNA}"/><DTSENT value="${CURR_DT}"/><CC value="DFSF"/><ICSC value="${ICSC}"/><STATE value="SD"/><LOA_INDICATOR value="DFGDGDFGFD"/><LOA_CCNA value="DFGH"/></RequestHeader><RequestBody><CFAInquiry><FACDESG value="GDFGH"/><FACTYPE value="GFHJGF"/><CHANNEL value="77-88"/><LOCA value="HGFHSDJGFJG"/><LOCZ value="GFJGHJGHJGH"/></CFAInquiry></RequestBody></asr_preorder>