<?xml version="1.0" encoding="UTF-8"?>
<asr_order>
	<ASR_Form>
		<asr_adminsection>
			<DTSENT value="${CURR_DT}" />
			<ACTL value="RLGHNCHOW01" />
			<BAN value="307924861" />
			<REQTYP value="VD" />
			<DDD value="${DDD}" />
			<RTR value="F" />
			<ECCKT value="60.QGXX.268475..CRLN" />
			<ICSC value="${ICSC}" />
			<CKR value="T0/DAMC/143329/020/US  /" />
			<ACT value="D" />
			<SUP value="${SUPP}" />
			<CCNA value="${CCNA}" />
			<PON value="${PON}" />
			<VER value="${VER}" />
		</asr_adminsection>
		<asr_billsection>
			<BILLCON_EMAIL value="CAQWQWRIS@PCQWQWQW.COM" />
			<SBILLNM value="USLEC" />
			<BILLCON value="CATHY MORRIS" />
			<BILLNM value="PAETEC" />
			<TELNO value="704-319-1099" />
			<ACNA value="UHC" />
		</asr_billsection>
		<asr_contactsection>
			<INIT_TELNO value="704-319-1099" />
			<IMPCON value="VIVEK KUMAR" />
			<IMP_TELNO value="704-319-1099" />
			<INIT value="VIVEK" />
			<SITECON value ="TEST123" />
			<SITECON_TELNO value ="123-123-3456-5678" />
			<SITECON_EMAIL value ="vivekk@xavient.com" />
		</asr_contactsection>
	</ASR_Form>
	<TRANSPORT_Form>
		<transport_circuitdetailsection>
			<LMP value="1" />
		</transport_circuitdetailsection>
	</TRANSPORT_Form>
	<SEQNO value="861" />
</asr_order>