<?xml version="1.0" encoding="UTF-8"?><asr_order><ASR_Form><asr_adminsection><DTSENT value="${CURR_DT}"/><ICSC value="${ICSC}"/><VER value="${VER}"/><DDD value="${DDD}"/><CCNA value="${CCNA}"/><PON value="${PON}"/><ACTL value="AKEVCA34521"/><BAN value="3256985"/><REQTYP value="SC"/><RTR value="F"/><ACT value="D"/><ECCKT value="96/ARDU/101675//NY"/></asr_adminsection><asr_billsection><ACNA value="DVD"/></asr_billsection><asr_contactsection><IMPCON value="ANKS"/><INIT_TELNO value="123-456-7890"/><INIT_EMAIL value="ANKS@gmail.com"/><INIT value="Ankit"/><IMP_TELNO value="123-333-3333"/></asr_contactsection></ASR_Form></asr_order>

