<?xml version="1.0" encoding="UTF-8"?>
<asr_order>
	<ASR_Form>
		<asr_adminsection>
			<DTSENT value="${CURR_DT}"/>
			<ICSC value="${ICSC}"/>
			<VER value="${VER}"/>
			<DDD value="${DDD}"/>
			<CCNA value="${CCNA}"/>
			<PON value="${PON}"/>
			<ACTL value="VIBHCA12345"/>
			<BAN value="E"/>
			<REQTYP value="SD"/>
			<QTY value="1"/>
			<PIU value="0"/>
			<RTR value="F"/>
			<ACT value="R"/>
			<ECCKT value="SDFSDFGDSFGSDF"/>
			<REMARKS value="(Cust Add: AA-WAIKIKI BEACH MARIOTT RESORT)"/>
			<SEI value="Y"/>
			<PIU value="LOF"/>
			<ASC_EC value="HW10"/>
</asr_adminsection>
<asr_billsection>
<ACNA value="CCC"/>
<FUSF value="E"/>
<PNUM value="AC"/>
<IWBAN value="TEST1"/>
</asr_billsection>
<asr_contactsection>
<IMPCON value="Divya"/>
<INIT_TELNO value="324-234-4234"/>
<INIT value="Divya"/>
<IMP_TELNO value="435-354-5345"/>
<DSG_TELNO value="111-111-1111"/>
<DSGCON value="TEST1234"/>
<SITECON value="SAMP"/>
<SITECON_TELNO value="111-111-1234"/>
<SITECON_EMAIL value="Sample_EMAIL@Neustar.com"/>
</asr_contactsection>
</ASR_Form>
<SES_Form>
<ses_circuitdetailsection>
<NC value="0001"/>
<NCI value="00CC1"/>
<SECNCI value="01AA1"/>
</ses_circuitdetailsection>
<ses_locationsection>
<OTC value="111"/>
<ESP value="AAAACA12"/>
<GETO value="H"/>
</ses_locationsection>
</SES_Form>
<MULTIEC_Formcontainer type="container">
<MULTIEC_Form>
<asccdetailsection>
<ASCICSC value="HW10"/>
<ASCHBAN value="704 N01 0067"/>
<ASCBAN value="704 N01 0067"/>
</asccdetailsection>
<oecdetailsectioncontainer>
<oecdetailsection>
<OECBAN value="E"/>
<OECHBAN value="E"/>
<OECICSC value="CA03"/>
</oecdetailsection>
<oecdetailsection>
<OECBAN value="E"/>
<OECHBAN value="E"/>
<OECICSC value="AT01"/>
</oecdetailsection>
<oecdetailsection>
<OECBAN value="E"/>
<OECHBAN value="E"/>
<OECICSC value="WT33"/>
</oecdetailsection>
<oecdetailsection>
<OECBAN value="E"/>
<OECHBAN value="E"/>
<OECICSC value="SB01"/>
</oecdetailsection>
</oecdetailsectioncontainer>
</MULTIEC_Form>
</MULTIEC_Formcontainer>
</asr_order>