<?xml version="1.0" encoding="UTF-8"?>
<asr_order>
	<ASR_Form>
		<asr_adminsection>
			<DTSENT value="${CURR_DT}"/>
			<ICSC value="${ICSC}"/>
			<BAN value="E"/>
			<REQTYP value="EA"/>
			<QTY value="1"/>
			<PIU value="0"/>
			<DDD value="${DDD}"/>
			<RTR value="F"/>
			<ACT value="R"/>
			<ECCKT value="SDFSDFGDSFGSDF"/>
			<CCNA value="${CCNA}"/>
			<PON value="${PON}"/>
			<VER value="${VER}"/>
			<LAG value="Z">
			<REMARKS value="(Cust Add: AA-WAIKIKI BEACH MARIOTT RESORT)"/>
		</asr_adminsection>
		<asr_billsection>
			<BILLNM value="Vibha"/>
			<ACNA value="RCV"/>
		</asr_billsection>
		<asr_contactsection>
			<INIT_TELNO value="123-456-7890"/>
			<INIT_EMAIL value="Vib@Gmail.com"/>
			<DSG_TELNO value="123-456-7890"/>
			<DSGCON value="Vibha"/>
			<INIT value="Vibha"/>
			<DTREC value="04-11-2013-0413PM"/>
		</asr_contactsection>
	</ASR_Form>
	<EUSA_Form>
		<eusa_circuitdetailsection>
			<NCI value="04DS9..AX"/>
			<NC value="AS--"/>
		</eusa_circuitdetailsection>
	</EUSA_Form>
	<SEQNO value="3724"/>
</asr_order>