<?xml version="1.0" encoding="UTF-8"?>
<asr_order>
	<ASR_Form>
		<asr_adminsection>
			<DTSENT value="${CURR_DT}"/>
			<TSC value="GW038107"/>
			<REMARKS value="DISCO 24 TRUNKS AND 1 T1.  EMAIL-KS/WMCC."/>
			<ICSC value="${ICSC}"/>
			<UNIT value="C"/>
			<ACTI value="D"/>
			<ACTL value="PRLCHIAH1MD"/>
			<CKR value="73708102"/>
			<BAN value="E"/>
			<REQTYP value="MD"/>
			<QTY value="24"/>
			<DDD value="${DDD}"/>
			<LATA value="834"/>
			<CC value="8719"/>
			<RTR value="F"/>
			<LTP value="EA"/>
			<ACT value="D"/>
			<ECCKT value="25-48/PH5-ED/PRLCHIAH1MD/77/WPHUHICODS1"/>
			<CCNA value="${CCNA}"/>
			<PON value="${PON}"/>
			<VER value="${VER}"/>
		</asr_adminsection>
		<asr_billsection>
			<ZIP_CODE value="22033"/>
			<BILLNM value="SPRINT C/O TEOCO CORP"/>
			<BILLCON value="HELP DESK"/>
			<TE value="A"/>
			<SBILLNM value="ACCESS VERIFICATION"/>
			<CITY value="FAIRFAX"/>
			<STATE value="VA"/>
			<STREET value="12150 MONUMENT DR STE 700"/>
			<TELNO value="913-762-6474"/>
			<ACNA value="UTC"/>
		</asr_billsection>
		<asr_contactsection>
			<IMPCON value="TECH ON DUTY"/>
			<INIT_TELNO value="913-253-5363"/>
			<INIT_EMAIL value="MARIA.ROMERO@ERICSSON.COM"/>
			<INIT_FAXNO value="913-523-0801"/>
			<DSG_TELNO value="913-253-5363"/>
			<DSGCON value="MARIA ROMERO"/>
			<INIT value="MARIA ROMERO"/>
			<IMP_TELNO value="808-456-6900"/>
			<DTREC value="05-24-2013-0634PM"/>
			<DSG_EMAIL value="MARIA.ROMERO@ERICSSON.COM"/>
			<DSG_FAXNO value="913-523-0801"/>
		</asr_contactsection>
	</ASR_Form>
	<TRUNKING_Form>
		<servicedetailssection>
			<HBAN value="E"/>
			<TCIC value="00025-00048"/>
			<SECLOC value="WPHUHICODS1"/>
			<CKR1 value="73708151"/>
			<CSPC value="253-128-144"/>
			<CIC value="0333"/>
			<RECCKT value="2/T1/PRLCHIAH1MD/WPHUHICODS1"/>
		</servicedetailssection>
		<REMARKS value="CFA IS 303E/OC12/673/HNLLHIMNH4U/PRLCHIAHW01"/>
	</TRUNKING_Form>
	<SEQNO value="92866"/>
</asr_order>
