<?xml version="1.0" encoding="UTF-8"?>
<asr_order>
	<ASR_Form>
		<asr_adminsection>
			<DTSENT value="${CURR_DT}"/>
			<ICSC value="${ICSC}"/>
			<VER value="${VER}"/>
			<DDD value="${DDD}"/>
			<CCNA value="${CCNA}"/>
			<PON value="${PON}"/>
			<EVCI value="A"/>
			<BAN value="E"/>
			<REQTYP value="SA"/>
			<QTY value="1"/>
			<RTR value="F"/>
			<ACT value="D"/>
			<REMARKS value="(Cust Add: AA-WAIKIKI BEACH MARIOTT RESORT/ 2552 KALAKAUA AVE,HONOLULU,96815,HAWAII /LCON - RICK MOAD@808-921-5116) Reqt:Robin Thomas Ph:6783463602"/>
		</asr_adminsection>
		<asr_billsection>
			<BILLNM value="SSADFSAF"/>
			<ACNA value="RCV"/>
		</asr_billsection>
		<asr_contactsection>
			<IMPCON value="RAVI"/>
			<INIT_TELNO value="123-456-7890"/>
			<INIT_EMAIL value="Shravan@smiling.com"/>
			<DSG_TELNO value="123-456-7890"/>
			<DSGCON value="Shravan"/>
			<INIT value="Smiling"/>
			<IMP_TELNO value="123-666-9999"/>
			<DTREC value="04-11-2013-0750PM"/>
		</asr_contactsection>
	</ASR_Form>
	<EVC_Form>
		<EVC_evcdetail>
			<EVCID value="64655"/>
			<EVCNUM value="0001"/>
			<NC value="NC--"/>
		</EVC_evcdetail>
	</EVC_Form>
	<SEQNO value="3790"/>
</asr_order>
