<?xml version="1.0" encoding="UTF-8"?>
<asr_order>
	<ASR_Form>
		<asr_adminsection>
			<DTSENT value="${CURR_DT}"/>
			<ICSC value="${ICSC}"/>
			<VER value="${VER}"/>
			<DDD value="${DDD}"/>
			<CCNA value="${CCNA}"/>
			<PON value="${PON}"/>
			<SUP value="${SUPP}" />
			<QTY value="1"/>
			<BAN value="E"/>
			<REQTYP value="WA"/>
			<RTR value="F"/>
			<ECCKT value="SDFSDFGDSFGSDF"/>
			<PIU value="0"/>
			<ACT value="R"/>
			<REMARKS value="(Cust Add: AA-WAIKIKI BEACH MARIOTT RESORT)"/>
		</asr_adminsection>
		<asr_billsection>
			<BILLNM value="SSADFSAF"/>
			<ACNA value="RCV"/>
		</asr_billsection>
		<asr_contactsection>
			<DSG_TELNO value="123-456-7890"/>
			<INIT value="Smiling"/>
			<INIT_TELNO value="123-456-7890"/>
			<DSGCON value="Shravan"/>
			<INIT_EMAIL value="Shravan@smiling.com"/>
			<DTREC value="08-21-2012-1117AM"/>
		</asr_contactsection>
	</ASR_Form>
	<WAL_Form>
		<WAL_circuitdetailsection>
			<NC value="AS--"/>
		</WAL_circuitdetailsection>
	</WAL_Form>
	<SEQNO value="2366"/>
</asr_order>