<?xml version="1.0"?>
<asr_order>
	<SEQNO value="1961" />
	<ASR_Form>
		<asr_adminsection>
			<DTSENT value="${CURR_DT}"/>
			<UNIT value="B" />
			<QTY value="1" />
			<ACTL value="MLUAHISBW01" />
			<BAN value="E" />
			<REQTYP value="AD" />
			<DDD value="${DDD}"/>
			<RTR value="F" />
			<ECCKT value="82XHGS710455GTEW" />
			<ICSC value="${ICSC}"/>
			<PON value="${PON}"/>
			<ACT value="D" />
			<LTP value="A" />
			<VER value="${VER}"/>
			<CCNA value="${CCNA}"/>
			<REMARKS value="(Cust Add: AA-WAIKIKI BEACH MARIOTT RESORT/ 2552 KALAKAUA AVE,HONOLULU,96815,HAWAII /LCON - RICK MOAD@808-921-5116) Reqt:Robin Thomas Ph:6783463602" />
			<CUST value="Nova-American Airlines" />
		</asr_adminsection>
		<asr_billsection>
			<BILLCON_EMAIL value="FRANK.NAVA@ORANGE-FTGROUP.COM" />
			<SBILLNM value="CIRCUIT ACCOUNTING" />
			<STATE value="VA" />
			<BILLCON value="FRANK NAVA" />
			<BILLNM value="EQU" />
			<TELNO value="571-643-7144" />
			<STREET value="BOX 706" />
			<ACNA value="EQU" />
			<CITY value="HERNDON" />
			<ZIP_CODE value="20172" />
		</asr_billsection>
		<asr_contactsection>
			<DSG_STREET value="400 Galeria Parkway" />
			<DSG_EMAIL value="robin.thomas@orange-ftgroup.com" />
			<INIT_TELNO value="678-346-3602" />
			<MTCE value="On Duty" />
			<DSGCON value="R Thomas" />
			<DSG_STATE value="GA" />
			<INIT_EMAIL value="robin.thomas@orange-ftgroup.com" />
			<IMPCON value="Tech On Duty" />
			<MAIN_TELNO value="800-568-7808" />
			<DSG_TELNO value="678-346-3602" />
			<DSG_FLOOR value="6th" />
			<DSG_ZIP_CODE value="30339" />
			<IMP_TELNO value="800-234-5551" />
			<INIT value="Robin Thomas" />
			<DSG_CITY value="Altanta" />
			<DTREC value="09-21-2007-0605PM" />
		</asr_contactsection>
	</ASR_Form>
	<FGA_Form>
		<FGA_servicedetailsection>
			<NC value="XH--" />
			<NCI value="04DU5.56" />
		</FGA_servicedetailsection>
	</FGA_Form>
</asr_order>