<?xml version="1.0" encoding="UTF-8"?>
<asr_order_response>
	<dlr>
		<DLR_Form>
			<dlr_adminsection>
				<IC value="${CCNA}"/>
				<PON value="${PON}"/>
				<ECDSGCON value="456"/>
				<ECMCO value="258"/>
				<ECTEL value="981-170-3680"/>
				<VER value="${VER}"/>
				<ISS_NO value="12"/>
				<DLR value="789"/>
				<DSGCON value="456"/>
			</dlr_adminsection>
			<dlr_primarylocationsection>
				<PEU_STATE value="FL"/>
				<PEU_CITY value="FLORIDA"/>
			</dlr_primarylocationsection>
			<dlr_secondarylocationsection>
				<SEU_STATE value="CA"/>
				<SEU_CITY value="CALIFORNIA"/>
			</dlr_secondarylocationsection>
		</DLR_Form>
	</dlr>
	<RESPONSE_TYPE value="DLR"/>
</asr_order_response>