<?xml version="1.0" encoding="UTF-8"?>
<asr_order>
	<ASR_Form>
		<asr_adminsection>
			<DTSENT value="${CURR_DT}"/>
			<QSA value="01"/>
			<ACT value="D"/>
			<REQTYP value="VD"/>
			<RTR value="F"/>
			<VER value="${VER}"/>
			<CCNA value="${CCNA}"/>
			<ICSC value="${ICSC}"/>
			<PON value="${PON}"/>
			<QTY value="1"/>
			<ACTL value="HNLLHIMNMCR"/>
			<BAN value="H1M TA1-1153"/>
			<REMARKS value="DISCONNECT PER CUSTOMER'S REQUEST"/>
			<ASG value="20000"/>
			<CUST value="AUDIO VISUAL SVCS"/>
			<DDD value="${DDD}"/>
			<ECCKT value="12.YGGS.000006..HAWT"/>
		</asr_adminsection>
		<asr_billsection>
			<BILLCON_EMAIL value="GEOCHMELZER@HAIANTEL.COM"/>
			<SBILLNM value="HAWAIIAN TELCOM - HTSC"/>
			<STATE value="HI"/>
			<BILLCON value="GEO SCHMELZER"/>
			<BILLNM value="GEORGE SCHMELZER"/>
			<TELNO value="808-546-4658"/>
			<STREET value="1177 BISHOP STREET"/>
			<ACNA value="HWY"/>
			<CITY value="HONOLULU"/>
			<ZIP_CODE value="96813"/>
		</asr_billsection>
		<asr_contactsection>
			<DSG_STREET value="1177 BISHOP STREET"/>
			<DSG_EMAIL value="GWEATSUNAGA@HAANTEL.COM"/>
			<INIT_TELNO value="808-546-7732"/>
			<DSGCON value="GWEN MATSUNAGA"/>
			<DSG_STATE value="HI"/>
			<IMPCON value="GWEN MATSUNAGA"/>
			<INIT_EMAIL value="GWEATSUNAGA@HAIANTEL.COM"/>
			<DSG_TELNO value="808-546-7732"/>
			<DSG_ZIP_CODE value="96813"/>
			<IMP_TELNO value="808-546-7732"/>
			<INIT value="GWEN MATSUNAGA"/>
			<DSG_CITY value="HONOLULU"/>
			<DTREC value="02-04-2013-0513PM"/>
		</asr_contactsection>
	</ASR_Form>
	<SALI_Formcontainer type="container">
		<SALI_Form>
			<addressdetailsection>
				<STATE value="HI"/>
				<EUNAME value="AUDIO VISUAL SVCS"/>
				<LV1 value="MAUI BALLR"/>
				<REFNUM value="0001"/>
				<SANO value="2605"/>
				<LD1 value="RM"/>
				<ACTEL value="847-876-7563"/>
				<ZIP value="96761"/>
				<JS value="D"/>
				<SASN value="KAANAPALI"/>
				<LD2 value="LOC"/>
				<CITY value="LAHAINA"/>
				<AAI value="808-661"/>
				<LCON value="SHARI MICHAELS"/>
				<LV2 value="PROJ BOOTH"/>
				<SATH value="PKWY"/>
			</addressdetailsection>
		</SALI_Form>
	</SALI_Formcontainer>
	<VC_Form>
		<vc_circuitdetailsectioncontainer type="container">
			<vc_circuitdetailsection>
				<rcdetailsection>
					<RPON value="NONE"/>
					<RORD value="NONE"/>
					<RECCKT value="12.YIGS.012921"/>
					<RDLCI value="9999"/>
				</rcdetailsection>
				<vcdetailsection>
					<VCACT value="D"/>
					<DLCI value="808"/>
					<VCNUM value="0001"/>
					<PSPEED value="1.5M"/>
				</vcdetailsection>
			</vc_circuitdetailsection>
		</vc_circuitdetailsectioncontainer>
	</VC_Form>
	<TRANSPORT_Form>
		<transport_circuitdetailsection>
			<PSPEED value="1.5M"/>
			<NVC value="1"/>
			<N_U value="U"/>
			<LMP value="1"/>
			<BSC value="F"/>
			<NC value="HXGF"/>
			<NCI value="04DU9.1SN"/>
			<SECLOC value="E"/>
			<SECNCI value="04CX9"/>
		</transport_circuitdetailsection>
	</TRANSPORT_Form>
	<SEQNO value="22958"/>
</asr_order>