<?xml version="1.0" encoding="UTF-8"?>
<asr_order>
	<ASR_Form>
		<asr_adminsection>
			<DTSENT value="${CURR_DT}"/>
			<ICSC value="${ICSC}"/>
			<VER value="${VER}"/>
			<DDD value="${DDD}"/>
			<CCNA value="${CCNA}"/>
			<PON value="${PON}"/>
			<QTY value="1"/>
			<ACTL value="QWERTYUIOPL"/>
			<BAN value="E"/>
			<REQTYP value="RA"/>
			<FNI value="111"/>
			<RTR value="F"/>
			<ECCKT value="SDFSDFGDSFGSDF"/>
			<PIU value="0"/>
			<FNT value="A"/>
			<ACT value="R"/>
			<REMARKS value="(Cust Add: AA-WAIKIKI BEACH MARIOTT RESORT)"/>
		</asr_adminsection>
		<asr_billsection>
			<BILLNM value="SSADFSAF"/>
			<ACNA value="RCV"/>
		</asr_billsection>
		<asr_contactsection>
			<DSG_TELNO value="123-456-7890"/>
			<INIT value="Smiling"/>
			<INIT_TELNO value="123-456-7890"/>
			<DSGCON value="Shravan"/>
			<INIT_EMAIL value="Shravan@smiling.com"/>
			<DTREC value="01-18-2012-1251AM"/>
		</asr_contactsection>
	</ASR_Form>
	<RING_Form>
		<ring_circuitdetailsection>
			<NCI value="04DS9..AX"/>
			<NC value="AS--"/>
			<SECNCI value="21AB1"/>
		</ring_circuitdetailsection>
		<ring_seclocsection>
			<SECLOC value="CSECLOC2154"/>
		</ring_seclocsection>
	</RING_Form>
	<SEQNO value="2120"/>
</asr_order>