<?xml version="1.0" encoding="UTF-8"?>
<con:soapui-project id="c83e2984-aa1d-48ba-9c9c-60f42b6e4576" activeEnvironment="Default" name="CTE_ASRRequest" resourceRoot="" soapui-version="5.1.3" abortOnError="false" runType="SEQUENTIAL" xmlns:con="http://eviware.com/soapui/config"><con:settings/><con:interface xsi:type="con:WsdlInterface" id="2fff55b2-c99f-4cf5-b639-dc737051d2f4" wsaVersion="NONE" name="SOAPRequestHandlerSoapBinding" type="wsdl" bindingName="{http://www.neustar.biz/clearinghouse/SOAPRequestHandler/1.0}SOAPRequestHandlerSoapBinding" soapVersion="1_1" anonymous="optional" definition="https://chsoapapi-cte.neustar.biz/axis/services/SOAPRequestHandler?wsdl" xmlns:xsi="http://www.w3.org/2001/XMLSchema-instance"><con:settings/><con:definitionCache type="TEXT" rootPart="https://chsoapapi-cte.neustar.biz/axis/services/SOAPRequestHandler?wsdl"><con:part><con:url>https://chsoapapi-cte.neustar.biz/axis/services/SOAPRequestHandler?wsdl</con:url><con:content><![CDATA[<wsdl:definitions targetNamespace="http://www.neustar.biz/clearinghouse/SOAPRequestHandler/1.0" xmlns:apachesoap="http://xml.apache.org/xml-soap" xmlns:impl="http://www.neustar.biz/clearinghouse/SOAPRequestHandler/1.0" xmlns:intf="http://www.neustar.biz/clearinghouse/SOAPRequestHandler/1.0" xmlns:soapenc="http://schemas.xmlsoap.org/soap/encoding/" xmlns:wsdl="http://schemas.xmlsoap.org/wsdl/" xmlns:wsdlsoap="http://schemas.xmlsoap.org/wsdl/soap/" xmlns:xsd="http://www.w3.org/2001/XMLSchema">
  <!--WSDL created by Apache Axis version: 1.3
Built on Oct 05, 2005 (05:23:37 EDT)-->
  <wsdl:types>
    <schema targetNamespace="http://www.neustar.biz/clearinghouse/SOAPRequestHandler/1.0" xmlns="http://www.w3.org/2001/XMLSchema">
      <import namespace="http://schemas.xmlsoap.org/soap/encoding/"/>
      <complexType name="ArrayOf_xsd_string">
        <complexContent>
          <restriction base="soapenc:Array">
            <attribute ref="soapenc:arrayType" wsdl:arrayType="xsd:string[]"/>
          </restriction>
        </complexContent>
      </complexType>
    </schema>
  </wsdl:types>
  <wsdl:message name="processSyncRequest">
    <wsdl:part name="in0" type="xsd:string"/>
    <wsdl:part name="in1" type="xsd:string"/>
  </wsdl:message>
  <wsdl:message name="processAsyncResponse"></wsdl:message>
  <wsdl:message name="processSyncResponse">
    <wsdl:part name="processSyncReturn" type="impl:ArrayOf_xsd_string"/>
  </wsdl:message>
  <wsdl:message name="processAsyncRequest">
    <wsdl:part name="in0" type="xsd:string"/>
    <wsdl:part name="in1" type="xsd:string"/>
  </wsdl:message>
  <wsdl:portType name="SOAPRequestHandler">
    <wsdl:operation name="processSync" parameterOrder="in0 in1">
      <wsdl:input message="impl:processSyncRequest" name="processSyncRequest"/>
      <wsdl:output message="impl:processSyncResponse" name="processSyncResponse"/>
    </wsdl:operation>
    <wsdl:operation name="processAsync" parameterOrder="in0 in1">
      <wsdl:input message="impl:processAsyncRequest" name="processAsyncRequest"/>
      <wsdl:output message="impl:processAsyncResponse" name="processAsyncResponse"/>
    </wsdl:operation>
  </wsdl:portType>
  <wsdl:binding name="SOAPRequestHandlerSoapBinding" type="impl:SOAPRequestHandler">
    <wsdlsoap:binding style="rpc" transport="http://schemas.xmlsoap.org/soap/http"/>
    <wsdl:operation name="processSync">
      <wsdlsoap:operation soapAction=""/>
      <wsdl:input name="processSyncRequest">
        <wsdlsoap:body encodingStyle="http://schemas.xmlsoap.org/soap/encoding/" namespace="http://www.neustar.biz/clearinghouse/SOAPRequestHandler/1.0" use="encoded"/>
      </wsdl:input>
      <wsdl:output name="processSyncResponse">
        <wsdlsoap:body encodingStyle="http://schemas.xmlsoap.org/soap/encoding/" namespace="http://www.neustar.biz/clearinghouse/SOAPRequestHandler/1.0" use="encoded"/>
      </wsdl:output>
    </wsdl:operation>
    <wsdl:operation name="processAsync">
      <wsdlsoap:operation soapAction=""/>
      <wsdl:input name="processAsyncRequest">
        <wsdlsoap:body encodingStyle="http://schemas.xmlsoap.org/soap/encoding/" namespace="http://www.neustar.biz/clearinghouse/SOAPRequestHandler/1.0" use="encoded"/>
      </wsdl:input>
      <wsdl:output name="processAsyncResponse">
        <wsdlsoap:body encodingStyle="http://schemas.xmlsoap.org/soap/encoding/" namespace="http://www.neustar.biz/clearinghouse/SOAPRequestHandler/1.0" use="encoded"/>
      </wsdl:output>
    </wsdl:operation>
  </wsdl:binding>
  <wsdl:service name="SOAPRequestHandlerService">
    <wsdl:port binding="impl:SOAPRequestHandlerSoapBinding" name="SOAPRequestHandler">
      <wsdlsoap:address location="http://chsoapapi-cte.neustar.biz/axis/services/SOAPRequestHandler"/>
    </wsdl:port>
  </wsdl:service>
</wsdl:definitions>]]></con:content><con:type>http://schemas.xmlsoap.org/wsdl/</con:type></con:part></con:definitionCache><con:endpoints><con:endpoint>http://chsoapapi-cte.neustar.biz/axis/services/SOAPRequestHandler</con:endpoint></con:endpoints><con:operation id="1115582f-e2af-4339-a932-2ab8b4432eb0" isOneWay="false" action="" name="processAsync" bindingOperationName="processAsync" type="Request-Response" outputName="processAsyncResponse" inputName="processAsyncRequest" receivesAttachments="false" sendsAttachments="false" anonymous="optional"><con:settings/><con:call id="379f4cdf-28e0-4d12-b051-c9b00e4909f4" name="Request 1"><con:settings><con:setting id="com.eviware.soapui.impl.wsdl.WsdlRequest@request-headers">&lt;xml-fragment/></con:setting></con:settings><con:encoding>UTF-8</con:encoding><con:endpoint>http://chsoapapi-cte.neustar.biz/axis/services/SOAPRequestHandler</con:endpoint><con:request><![CDATA[<soapenv:Envelope xmlns:xsi="http://www.w3.org/2001/XMLSchema-instance" xmlns:xsd="http://www.w3.org/2001/XMLSchema" xmlns:soapenv="http://schemas.xmlsoap.org/soap/envelope/" xmlns:ns="http://www.neustar.biz/clearinghouse/SOAPRequestHandler/1.0">
   <soapenv:Header/>
   <soapenv:Body>
      <ns:processAsync soapenv:encodingStyle="http://schemas.xmlsoap.org/soap/encoding/">
         <in0 xsi:type="xsd:string"><![CDATA[<header>
  <Request value="asr_order" />
  <Subrequest value="Transport" />
  <CustomerIdentifier value="CCST_E2E" />
  <InterfaceVersion value="ASOG" />
  <Supplier value="BS" />
  <UserIdentifier value="example" />
  <UserPassword value="livecon" />
  <ApplyBusinessRules value="Y" />
  <Action value="submit" />
</header>]]]]>><![CDATA[</in0>
         <in1 xsi:type="xsd:string"><![CDATA[<asr_order>
<ASR_Form>
<asr_adminsection>
<DTSENT value="12-04-2016-0934AM"/>
<REMARKS value="PLEASE ORDER DS1 DEMARC MPOE CANCEL"/>
<CCNA value="OMQ"/>
<ICSC value="SB03"/>
<DDD value="12-05-2016"/>
<REQTYP value="SD"/>
<ACT value="N"/>
<FBA value="A" />
<QSA value="01"/>
<RTR value="S"/>
<CUST value="PAETEC COMMUNICATIONS, IN"/>
<CKR value="22/HCGS/849195/210/PUA /DS1"/>
<PIU value="100"/>
<QTY value="2"/>
<BAN value="E"/>
<ACTL value="CHRLNCER2MD"/>
<PON value="XAVTST22997BS"/>
<VER value="00"/>
<isCustomerOnUOM value="true"/>
<LA value="Y"/>
<LADATED value="05-25-2006"/>
<LANM value="BETH DRUMM"/>
<ASC_EC value="SB03"/>
<supplierUpdated value="TRUE"/>
<AFO value="Y"/>
</asr_adminsection>
<asr_billsection>
<BILLNM value="RAZORSIGHT"/>
<SBILLNM value="C/O WINDSTREAM"/>
<ACNA value="SZC"/>
<STREET value="PO BOX 981822"/>
<CITY value="EL PASO"/>
<STATE value="TX"/>
<ZIP_CODE value="79998"/>
<BILLCON value="WHOLESALECOST"/>
<TELNO value="501-748-7126"/>
<BILLCON_EMAIL value="WINDSTREAM.WHOLESALE@WINDSTREAM.COM"/>
<FUSF value="E"/>
</asr_billsection>
<asr_contactsection>
<INIT value="DIANE STOVER"/>
<INIT_TELNO value="704-319-1005"/>
<INIT_FAXNO value="704-602-1005"/>
<INIT_EMAIL value="DIANE.STOVER@WINDSTREAM.COM"/>
<DSGCON value="DIANE STOVER"/>
<DSG_TELNO value="704-319-1005"/>
<DSG_FAXNO value="704-602-1005"/>
<DSG_EMAIL value="DIANE.STOVER@WINDSTREAM.COM"/>
<IMPCON value="TECH ON DUTY"/>
<IMP_TELNO value="877-686-9088"/>
</asr_contactsection>
</ASR_Form>
<SEQNO value="857"/>
<TRANSPORT_Form>
<REMARKS value="DEMARC MPOE"/>
<transport_circuitdetailsection>
<NC value="HCE-"/>
<NCI value="04QB6.33"/>
<SECNCI value="04DU9.1SN"/>
<S25 value="A"/>
<SECLOC value="E"/>
<MUXLOC value="CHRLNCER"/>
<CFA value="9106/T3Z/10/CHRLNCER/CHRLNCER2MD"/>
<OTC value="0542"/>
</transport_circuitdetailsection>
</TRANSPORT_Form>
<SALI_Formcontainer>
<SALI_Form>
<addressdetailsection>
<EUNAME value="BROTHERS CHARLOTTE"/>
<SANO value="1320"/>
<SASN value="MAIN"/>
<CITY value="ROCK HILL"/>
<STATE value="SC"/>
<ZIP value="29730"/>
<JK_CODE value="RJ48C"/>
<JK_NUM value="99"/>
<JK_POS value="99"/>
<JS value="N"/>
<LCON value="John Salmons"/>
<REFNUM value="0001"/>
<ACTEL value="919-861-0911"/>
<SATH value="ST"/>
<ICOL value="RCHLSCXB"/>
<LCON_EMAIL value="jsalmons@ars.com"/>
<LV1 value="MPOE"/>
<SASD value="E"/>
<LD1 value="FLR"/>
<WKTEL value="901-271-9887"/>
<AACTEL value="919-669-3388"/>
</addressdetailsection>
</SALI_Form>
</SALI_Formcontainer>
<MULTIEC_Formcontainer type="container">
<MULTIEC_Form>
<asccdetailsection>
<ASCICSC value="SB03"/>
<ASCHBAN value="704 N01 0067"/>
<ASCBAN value="704 N01 0067"/>
</asccdetailsection>
<oecdetailsectioncontainer>
<oecdetailsection>
<OECBAN value="E"/>
<OECHBAN value="E"/>
<OECICSC value="CI00"/>
</oecdetailsection>
</oecdetailsectioncontainer>
</MULTIEC_Form>
</MULTIEC_Formcontainer>
<ACI_Formcontainer>
<ACI_Form>
<aci_circuitdetailsection>
<CKR value="22/HCGS/849196/210/PUA /DS1"/>
<CFA value="9106/T3Z/22/CHRLNCER/CHRLNCER2MD"/>
<SECLOC_JS value="N"/>
<SECLOC_JKNUM value="99"/>
<SECLOC_JKCODE value="RJ48C"/>
<REFNUM value="0002"/>
<SECLOC_JKPOS value="99"/>
</aci_circuitdetailsection>
</ACI_Form>
</ACI_Formcontainer>
</asr_order>]]]]>><![CDATA[</in1>
      </ns:processAsync>
   </soapenv:Body>
</soapenv:Envelope>]]></con:request><con:credentials><con:authType>No Authorization</con:authType></con:credentials><con:jmsConfig JMSDeliveryMode="PERSISTENT"/><con:jmsPropertyConfig/><con:wsaConfig mustUnderstand="NONE" version="200508" action="http://www.neustar.biz/clearinghouse/SOAPRequestHandler/1.0/SOAPRequestHandler/processAsyncRequest"/><con:wsrmConfig version="1.2"/></con:call></con:operation><con:operation id="650567ca-998f-48a2-a4a3-2abafba88bcc" isOneWay="false" action="" name="processSync" bindingOperationName="processSync" type="Request-Response" outputName="processSyncResponse" inputName="processSyncRequest" receivesAttachments="false" sendsAttachments="false" anonymous="optional"><con:settings/><con:call id="1152d164-94f8-428f-a9dd-eb41cff7698d" name="Request 1"><con:settings/><con:encoding>UTF-8</con:encoding><con:endpoint>http://chsoapapi-cte.neustar.biz/axis/services/SOAPRequestHandler</con:endpoint><con:request><![CDATA[<soapenv:Envelope xmlns:xsi="http://www.w3.org/2001/XMLSchema-instance" xmlns:xsd="http://www.w3.org/2001/XMLSchema" xmlns:soapenv="http://schemas.xmlsoap.org/soap/envelope/" xmlns:ns="http://www.neustar.biz/clearinghouse/SOAPRequestHandler/1.0">\r
   <soapenv:Header/>\r
   <soapenv:Body>\r
      <ns:processSync soapenv:encodingStyle="http://schemas.xmlsoap.org/soap/encoding/">\r
         <in0 xsi:type="xsd:string">?</in0>\r
         <in1 xsi:type="xsd:string">?</in1>\r
      </ns:processSync>\r
   </soapenv:Body>\r
</soapenv:Envelope>]]></con:request><con:wsaConfig mustUnderstand="NONE" version="200508" action="http://www.neustar.biz/clearinghouse/SOAPRequestHandler/1.0/SOAPRequestHandler/processSyncRequest"/></con:call></con:operation></con:interface><con:properties/><con:wssContainer/><con:oAuth2ProfileContainer/></con:soapui-project>