<?xml version="1.0" encoding="UTF-8"?>
<con:soapui-project id="7729938f-2d04-4fcf-b9cb-344041835384" activeEnvironment="Default" name="LT_ASR_RECV_UOM" resourceRoot="" soapui-version="5.1.3" abortOnError="false" runType="SEQUENTIAL" xmlns:con="http://eviware.com/soapui/config"><con:settings/><con:interface xsi:type="con:WsdlInterface" id="09830df1-953a-491d-a6e5-48b7d62518bc" wsaVersion="NONE" name="WSRequestHandlerPortSoapBinding" type="wsdl" bindingName="{urn:WSRequestHandlerPort}WSRequestHandlerPortSoapBinding" soapVersion="1_1" anonymous="optional" definition="http://stomvltvasrrcvgw1.va.neustar.com:8001/axis/services/asrrcvuomGWS?wsdl" xmlns:xsi="http://www.w3.org/2001/XMLSchema-instance"><con:settings/><con:definitionCache type="TEXT" rootPart="http://stomvltvasrrcvgw1.va.neustar.com:8001/axis/services/asrrcvuomGWS?wsdl"><con:part><con:url>http://stomvltvasrrcvgw1.va.neustar.com:8001/axis/services/asrrcvuomGWS?wsdl</con:url><con:content><![CDATA[<wsdl:definitions targetNamespace="urn:WSRequestHandlerPort" xmlns:apachesoap="http://xml.apache.org/xml-soap" xmlns:impl="urn:WSRequestHandlerPort" xmlns:intf="urn:WSRequestHandlerPort" xmlns:soapenc="http://schemas.xmlsoap.org/soap/encoding/" xmlns:wsdl="http://schemas.xmlsoap.org/wsdl/" xmlns:wsdlsoap="http://schemas.xmlsoap.org/wsdl/soap/" xmlns:xsd="http://www.w3.org/2001/XMLSchema">
  <!--WSDL created by Apache Axis version: 1.3
Built on Oct 05, 2005 (05:23:37 EDT)-->
  <wsdl:message name="processAsyncRequest">
    <wsdl:part name="in0" type="soapenc:string"/>
    <wsdl:part name="in1" type="soapenc:string"/>
  </wsdl:message>
  <wsdl:message name="processSyncResponse">
    <wsdl:part name="processSyncReturn" type="soapenc:string"/>
  </wsdl:message>
  <wsdl:message name="processAsyncResponse"></wsdl:message>
  <wsdl:message name="processSyncRequest">
    <wsdl:part name="in0" type="soapenc:string"/>
    <wsdl:part name="in1" type="soapenc:string"/>
  </wsdl:message>
  <wsdl:portType name="WSRequestHandlerPortType">
    <wsdl:operation name="processAsync" parameterOrder="in0 in1">
      <wsdl:input message="impl:processAsyncRequest" name="processAsyncRequest"/>
      <wsdl:output message="impl:processAsyncResponse" name="processAsyncResponse"/>
    </wsdl:operation>
    <wsdl:operation name="processSync" parameterOrder="in0 in1">
      <wsdl:input message="impl:processSyncRequest" name="processSyncRequest"/>
      <wsdl:output message="impl:processSyncResponse" name="processSyncResponse"/>
    </wsdl:operation>
  </wsdl:portType>
  <wsdl:binding name="WSRequestHandlerPortSoapBinding" type="impl:WSRequestHandlerPortType">
    <wsdlsoap:binding style="rpc" transport="http://schemas.xmlsoap.org/soap/http"/>
    <wsdl:operation name="processAsync">
      <wsdlsoap:operation soapAction=""/>
      <wsdl:input name="processAsyncRequest">
        <wsdlsoap:body encodingStyle="http://schemas.xmlsoap.org/soap/encoding/" namespace="urn:WSRequestHandlerPort" use="encoded"/>
      </wsdl:input>
      <wsdl:output name="processAsyncResponse">
        <wsdlsoap:body encodingStyle="http://schemas.xmlsoap.org/soap/encoding/" namespace="urn:WSRequestHandlerPort" use="encoded"/>
      </wsdl:output>
    </wsdl:operation>
    <wsdl:operation name="processSync">
      <wsdlsoap:operation soapAction=""/>
      <wsdl:input name="processSyncRequest">
        <wsdlsoap:body encodingStyle="http://schemas.xmlsoap.org/soap/encoding/" namespace="urn:WSRequestHandlerPort" use="encoded"/>
      </wsdl:input>
      <wsdl:output name="processSyncResponse">
        <wsdlsoap:body encodingStyle="http://schemas.xmlsoap.org/soap/encoding/" namespace="urn:WSRequestHandlerPort" use="encoded"/>
      </wsdl:output>
    </wsdl:operation>
  </wsdl:binding>
  <wsdl:service name="WSRequestHandlerPortTypeService">
    <wsdl:port binding="impl:WSRequestHandlerPortSoapBinding" name="WSRequestHandlerPort">
      <wsdlsoap:address location="http://stomvltvasrrcvgw1.va.neustar.com:8001/axis/services/asrrcvuomGWS"/>
    </wsdl:port>
  </wsdl:service>
</wsdl:definitions>]]></con:content><con:type>http://schemas.xmlsoap.org/wsdl/</con:type></con:part></con:definitionCache><con:endpoints><con:endpoint>http://stomvltvasrrcvgw1.va.neustar.com:8001/axis/services/asrrcvuomGWS</con:endpoint></con:endpoints><con:operation id="f96c304d-aa56-458d-93af-3aaa5c2e6b70" isOneWay="false" action="" name="processAsync" bindingOperationName="processAsync" type="Request-Response" outputName="processAsyncResponse" inputName="processAsyncRequest" receivesAttachments="false" sendsAttachments="false" anonymous="optional"><con:settings/><con:call id="a60147b3-141e-40ee-ad7c-474550b00f63" name="Request 1"><con:settings><con:setting id="com.eviware.soapui.impl.wsdl.WsdlRequest@request-headers">&lt;xml-fragment/></con:setting></con:settings><con:encoding>UTF-8</con:encoding><con:endpoint>http://stomvltvasrrcvgw1.va.neustar.com:8301/axis/services/asrport</con:endpoint><con:request><![CDATA[<?xml version="1.0" encoding="UTF-8"?>
<soapenv:Envelope xmlns:soapenv="http://schemas.xmlsoap.org/soap/envelope/" xmlns:xsd="http://www.w3.org/2001/XMLSchema" xmlns:xsi="http://www.w3.org/2001/XMLSchema-instance">
<soapenv:Header>
<tMLHeader xmlns="http://tml.t1m1.org/tML.Transport.xsd">
<ApplicationType>ASRORDER</ApplicationType>
<From>BPTEST</From>
<To>HAWAIITEL</To>
</tMLHeader>
 <wsse:Security soapenv:actor="" soapenv:mustUnderstand="0" xmlns:wsse="http://schemas.xmlsoap.org/ws/2002/04/secext">
            <wsse:UsernameToken>
                <wsse:Username>bptest</wsse:Username>
                <wsse:Password>example</wsse:Password>
            </wsse:UsernameToken>
        </wsse:Security>
</soapenv:Header>
<soapenv:Body>
<processAsyncRequest xmlns="java:asr.webservice.neustar.biz">
<in1 xsi:type="xsd:string"><![CDATA[
<ASR_SERVICE_REQUEST xmlns="http://www.atis.org/OBF/ASR/UOM-ASR">
<HDR>
<MESSAGE_ID>1482113072763818603402722</MESSAGE_ID>
<CCNA>UOM</CCNA>
<MSG_TIMESTAMP>2016-12-16T18:25:53-05:00</MSG_TIMESTAMP>
<ICSC>HW10</ICSC>
<ASOG_VER>54</ASOG_VER>
</HDR>
<STANDALONE_EVC_SVC>
<ASR>
<ADMIN>
<PON>XAVVIVEK111XAV</PON>
<CCNA>UOM</CCNA>
<VER>00</VER>
<ICSC>HW10</ICSC>
<D_SENT>20170125</D_SENT>
<T_SENT>0625PM</T_SENT>
<DDD>20170131</DDD>
<PROJECT>MPAEVC</PROJECT>
<CNO>146339773927</CNO>
<REQTYP>SD</REQTYP>
<ACT>C</ACT>
<EVCI>A</EVCI>
<RTR>F</RTR>
<PIU>100</PIU>
<QTY>0000001</QTY>
<BAN>110 742-5013</BAN>
<ASC_EC>HW10</ASC_EC>
<ASR_REMARKS>PLEASE UPSPEED EVC MEETPOINT USID 75568; FA 10041175 CW 6740975</ASR_REMARKS>
</ADMIN>
<BILLING>
<BILLNM>AT&amp;T MOBILITY</BILLNM>
<SBILLNM>C/O TEOCO CORPORATION</SBILLNM>
<ACNA>AWL</ACNA>
<FUSF>E</FUSF>
<BILL_STR>12150 MONUMENT DR.</BILL_STR>
<BILL_CITY>FAIRFAX</BILL_CITY>
<BILL_STATE>VA</BILL_STATE>
<BILL_ZIP>22033</BILL_ZIP>
<BILLCON>C/O TEOCO CORP</BILLCON>
<VTA>60</VTA>
</BILLING>
<CONTACT>
<INIT>ANTOINETTE LEON</INIT>
<INITIATOR_TEL>8173554203</INITIATOR_TEL>
<INIT_EMAIL>AL9442@ATT.COM</INIT_EMAIL>
<DSGCON>ANTOINETTE LEON</DSGCON>
<DSGCON_TEL>8173554203</DSGCON_TEL>
<DSG_EMAIL>AL9442@ATT.COM</DSG_EMAIL>
<IMPCON>PCO TEST</IMPCON>
<IMPCON_TEL>8178848031</IMPCON_TEL>
</CONTACT>
</ASR>
<EVC>
<EVC_DETAILS>
<EVCNUM>0001</EVCNUM>
<NC>VLP-</NC>
<EVCID>84/VLXP/100875//SW</EVCID>
<NUT>02</NUT>
<UNI_MAPPING>
<UREF>01</UREF>
<UACT>C</UACT>
<NCI>02VLN.V</NCI>
<EVCSP>BLVRMOAHH75</EVCSP>
<RUID>MO/KRGS/383977//WINW/</RUID>
<EVCMPID>JU101/GE1N/FRPLMOXAH76/WLGVMOWY0BW</EVCMPID>
<OTC>AA01</OTC>
<CEVLAN_MAPPING>
<CE_VLAN>
<CE_VLAN_START>2841</CE_VLAN_START>
</CE_VLAN>
</CEVLAN_MAPPING>
<LREF_MAPPING>
<LREF>1</LREF>
<LOSACT>C</LOSACT>
<SPEC>OEMAR1</SPEC>
<BDW>200M</BDW>
</LREF_MAPPING>
</UNI_MAPPING>
<UNI_MAPPING>
<UREF>02</UREF>
<UACT>C</UACT>
<NCI>02VLN.V</NCI>
<EVCSP>JPLNMOMA0CW</EVCSP>
<RUID>84/KRGN/020659//SW</RUID>
<EVCMPID>JU101/GE1N/FRPLMOXAH76/WLGVMOWY0BW</EVCMPID>
<OTC>SW30</OTC>
<CEVLAN_MAPPING>
<CE_VLAN>
<CE_VLAN_START>2841</CE_VLAN_START>
</CE_VLAN>
</CEVLAN_MAPPING>
<LREF_MAPPING>
<LREF>1</LREF>
<LOSACT>C</LOSACT>
<SPEC>OEMAR1</SPEC>
<BDW>200M</BDW>
</LREF_MAPPING>
</UNI_MAPPING>
</EVC_DETAILS>
</EVC>
<MULTI_EC>
<ASC_EC_DETAILS>
<ICSC>HW10</ICSC>
<BAN>110 742-5013</BAN>
</ASC_EC_DETAILS>
<OTHER_EC_DETAILS>
<ICSC>MC40</ICSC>
<BAN>E</BAN>
<OECVTA>60</OECVTA>
</OTHER_EC_DETAILS>
</MULTI_EC>
</STANDALONE_EVC_SVC>
</ASR_SERVICE_REQUEST>

]]]]>><![CDATA[</in1>
</processAsyncRequest>
</soapenv:Body>
</soapenv:Envelope>]]></con:request><con:credentials><con:authType>No Authorization</con:authType></con:credentials><con:jmsConfig JMSDeliveryMode="PERSISTENT"/><con:jmsPropertyConfig/><con:wsaConfig mustUnderstand="NONE" version="200508" action="urn:WSRequestHandlerPort/WSRequestHandlerPortType/processAsyncRequest"/><con:wsrmConfig version="1.2"/></con:call><con:call id="5bd21a3a-0951-4966-8a7d-64921f64f33f" name="COmbined"><con:settings><con:setting id="com.eviware.soapui.impl.wsdl.WsdlRequest@request-headers">&lt;xml-fragment/></con:setting></con:settings><con:encoding>UTF-8</con:encoding><con:endpoint>http://stomvqavasrogw1.va.neustar.com:8001/axis/services/combinedasruomGWS</con:endpoint><con:request><![CDATA[<?xml version="1.0" encoding="UTF-8"?>
<soapenv:Envelope xmlns:soapenv="http://schemas.xmlsoap.org/soap/envelope/" xmlns:xsd="http://www.w3.org/2001/XMLSchema" xmlns:xsi="http://www.w3.org/2001/XMLSchema-instance">
<soapenv:Header>
<tMLHeader xmlns="http://tml.t1m1.org/tML.Transport.xsd">
<ApplicationType>ASRORDER</ApplicationType>
<From>CCST_E2E</From>
<To>CONSOLIDATED COMMUNICATIONS</To>
</tMLHeader>
 <wsse:Security soapenv:actor="" soapenv:mustUnderstand="0" xmlns:wsse="http://schemas.xmlsoap.org/ws/2002/04/secext">
            <wsse:UsernameToken>
                <wsse:Username>example</wsse:Username>
                <wsse:Password>example</wsse:Password>
            </wsse:UsernameToken>
        </wsse:Security>
</soapenv:Header>
<soapenv:Body>
<processAsyncRequest xmlns="java:asr.webservice.neustar.biz">
<in1 xsi:type="xsd:string"><![CDATA[
<ASR_SERVICE_REQUEST xmlns="http://www.atis.org/OBF/ASR/UOM-ASR">
<HDR>
<MESSAGE_ID>1482113072763818603402722</MESSAGE_ID>
<CCNA>UOM</CCNA>
<MSG_TIMESTAMP>2016-12-16T18:25:53-05:00</MSG_TIMESTAMP>
<ICSC>HW10</ICSC>
<ASOG_VER>54</ASOG_VER>
</HDR>
<STANDALONE_EVC_SVC>
<ASR>
<ADMIN>
<PON>XAVVIVEK111XAV</PON>
<CCNA>UOM</CCNA>
<VER>00</VER>
<ICSC>HW10</ICSC>
<D_SENT>20170125</D_SENT>
<T_SENT>0625PM</T_SENT>
<DDD>20170131</DDD>
<PROJECT>MPAEVC</PROJECT>
<CNO>146339773927</CNO>
<REQTYP>SD</REQTYP>
<ACT>C</ACT>
<EVCI>A</EVCI>
<RTR>F</RTR>
<PIU>100</PIU>
<QTY>0000001</QTY>
<BAN>110 742-5013</BAN>
<ASC_EC>HW10</ASC_EC>
<ASR_REMARKS>PLEASE UPSPEED EVC MEETPOINT USID 75568; FA 10041175 CW 6740975</ASR_REMARKS>
</ADMIN>
<BILLING>
<BILLNM>AT&amp;T MOBILITY</BILLNM>
<SBILLNM>C/O TEOCO CORPORATION</SBILLNM>
<ACNA>AWL</ACNA>
<FUSF>E</FUSF>
<BILL_STR>12150 MONUMENT DR.</BILL_STR>
<BILL_CITY>FAIRFAX</BILL_CITY>
<BILL_STATE>VA</BILL_STATE>
<BILL_ZIP>22033</BILL_ZIP>
<BILLCON>C/O TEOCO CORP</BILLCON>
<VTA>60</VTA>
</BILLING>
<CONTACT>
<INIT>ANTOINETTE LEON</INIT>
<INITIATOR_TEL>8173554203</INITIATOR_TEL>
<INIT_EMAIL>AL9442@ATT.COM</INIT_EMAIL>
<DSGCON>ANTOINETTE LEON</DSGCON>
<DSGCON_TEL>8173554203</DSGCON_TEL>
<DSG_EMAIL>AL9442@ATT.COM</DSG_EMAIL>
<IMPCON>PCO TEST</IMPCON>
<IMPCON_TEL>8178848031</IMPCON_TEL>
</CONTACT>
</ASR>
<EVC>
<EVC_DETAILS>
<EVCNUM>0001</EVCNUM>
<NC>VLP-</NC>
<EVCID>84/VLXP/100875//SW</EVCID>
<NUT>02</NUT>
<UNI_MAPPING>
<UREF>01</UREF>
<UACT>C</UACT>
<NCI>02VLN.V</NCI>
<EVCSP>BLVRMOAHH75</EVCSP>
<RUID>MO/KRGS/383977//WINW/</RUID>
<EVCMPID>JU101/GE1N/FRPLMOXAH76/WLGVMOWY0BW</EVCMPID>
<OTC>AA01</OTC>
<CEVLAN_MAPPING>
<CE_VLAN>
<CE_VLAN_START>2841</CE_VLAN_START>
</CE_VLAN>
</CEVLAN_MAPPING>
<LREF_MAPPING>
<LREF>1</LREF>
<LOSACT>C</LOSACT>
<SPEC>OEMAR1</SPEC>
<BDW>200M</BDW>
</LREF_MAPPING>
</UNI_MAPPING>
<UNI_MAPPING>
<UREF>02</UREF>
<UACT>C</UACT>
<NCI>02VLN.V</NCI>
<EVCSP>JPLNMOMA0CW</EVCSP>
<RUID>84/KRGN/020659//SW</RUID>
<EVCMPID>JU101/GE1N/FRPLMOXAH76/WLGVMOWY0BW</EVCMPID>
<OTC>SW30</OTC>
<CEVLAN_MAPPING>
<CE_VLAN>
<CE_VLAN_START>2841</CE_VLAN_START>
</CE_VLAN>
</CEVLAN_MAPPING>
<LREF_MAPPING>
<LREF>1</LREF>
<LOSACT>C</LOSACT>
<SPEC>OEMAR1</SPEC>
<BDW>200M</BDW>
</LREF_MAPPING>
</UNI_MAPPING>
</EVC_DETAILS>
</EVC>
<MULTI_EC>
<ASC_EC_DETAILS>
<ICSC>HW10</ICSC>
<BAN>110 742-5013</BAN>
</ASC_EC_DETAILS>
<OTHER_EC_DETAILS>
<ICSC>MC40</ICSC>
<BAN>E</BAN>
<OECVTA>60</OECVTA>
</OTHER_EC_DETAILS>
</MULTI_EC>
</STANDALONE_EVC_SVC>
</ASR_SERVICE_REQUEST>

]]]]>><![CDATA[
</in1>
</processAsyncRequest>
</soapenv:Body>
</soapenv:Envelope>]]></con:request><con:credentials><con:authType>No Authorization</con:authType></con:credentials><con:jmsConfig JMSDeliveryMode="PERSISTENT"/><con:jmsPropertyConfig/><con:wsaConfig mustUnderstand="NONE" version="200508" action="urn:WSRequestHandlerPort/WSRequestHandlerPortType/processAsyncRequest"/><con:wsrmConfig version="1.2"/></con:call></con:operation><con:operation id="e11055cc-2e75-40d0-b887-b11da21e7a91" isOneWay="false" action="" name="processSync" bindingOperationName="processSync" type="Request-Response" outputName="processSyncResponse" inputName="processSyncRequest" receivesAttachments="false" sendsAttachments="false" anonymous="optional"><con:settings/><con:call id="46d7269e-0613-4009-bd1a-38a67b43598c" name="Request 1"><con:settings/><con:encoding>UTF-8</con:encoding><con:endpoint>http://stomvltvasrrcvgw1.va.neustar.com:8001/axis/services/asrrcvuomGWS</con:endpoint><con:request><![CDATA[<soapenv:Envelope xmlns:xsi="http://www.w3.org/2001/XMLSchema-instance" xmlns:xsd="http://www.w3.org/2001/XMLSchema" xmlns:soapenv="http://schemas.xmlsoap.org/soap/envelope/" xmlns:urn="urn:WSRequestHandlerPort">\r
   <soapenv:Header/>\r
   <soapenv:Body>\r
      <urn:processSync soapenv:encodingStyle="http://schemas.xmlsoap.org/soap/encoding/">\r
         <in0 xsi:type="soapenc:string" xmlns:soapenc="http://schemas.xmlsoap.org/soap/encoding/">?</in0>\r
         <in1 xsi:type="soapenc:string" xmlns:soapenc="http://schemas.xmlsoap.org/soap/encoding/">?</in1>\r
      </urn:processSync>\r
   </soapenv:Body>\r
</soapenv:Envelope>]]></con:request><con:wsaConfig mustUnderstand="NONE" version="200508" action="urn:WSRequestHandlerPort/WSRequestHandlerPortType/processSyncRequest"/></con:call></con:operation></con:interface><con:properties/><con:wssContainer/><con:oAuth2ProfileContainer/></con:soapui-project>