<?xml version="1.0" encoding="UTF-8"?>
<con:soapui-project id="84dcba20-5d21-4bac-a661-8d9eabbb80c9" activeEnvironment="Default" name="STLQA_ASRRECEIVE_UOM_SUP1" resourceRoot="" soapui-version="5.1.3" abortOnError="false" runType="SEQUENTIAL" xmlns:con="http://eviware.com/soapui/config"><con:settings/><con:interface xsi:type="con:WsdlInterface" id="79a24e19-090e-4986-9c2d-98adfd0cba86" wsaVersion="NONE" name="asrportSoapBinding" type="wsdl" bindingName="{java:asr.webservice.neustar.biz}asrportSoapBinding" soapVersion="1_1" anonymous="optional" definition="http://stomvqavasrrcvgw1.va.neustar.com:8301/axis/services/asrport?wsdl" xmlns:xsi="http://www.w3.org/2001/XMLSchema-instance"><con:settings/><con:definitionCache type="TEXT" rootPart="http://stomvqavasrrcvgw1.va.neustar.com:8301/axis/services/asrport?wsdl"><con:part><con:url>http://stomvqavasrrcvgw1.va.neustar.com:8301/axis/services/asrport?wsdl</con:url><con:content><![CDATA[<wsdl:definitions targetNamespace="java:asr.webservice.neustar.biz" xmlns:apachesoap="http://xml.apache.org/xml-soap" xmlns:impl="java:asr.webservice.neustar.biz" xmlns:intf="java:asr.webservice.neustar.biz" xmlns:wsdl="http://schemas.xmlsoap.org/wsdl/" xmlns:wsdlsoap="http://schemas.xmlsoap.org/wsdl/soap/" xmlns:xsd="http://www.w3.org/2001/XMLSchema">
  <!--WSDL created by Apache Axis version: 1.3
Built on Oct 05, 2005 (05:23:37 EDT)-->
  <wsdl:message name="processAsyncRequestRequest">
    <wsdl:part name="string" type="xsd:string"/>
  </wsdl:message>
  <wsdl:message name="processSyncRequestResponse">
    <wsdl:part name="response" type="xsd:string"/>
  </wsdl:message>
  <wsdl:message name="processAsyncRequestResponse">
    <wsdl:part name="response" type="xsd:string"/>
  </wsdl:message>
  <wsdl:message name="processSyncRequestRequest">
    <wsdl:part name="string" type="xsd:string"/>
  </wsdl:message>
  <wsdl:portType name="asrport">
    <wsdl:operation name="processAsyncRequest" parameterOrder="string">
      <wsdl:input message="impl:processAsyncRequestRequest" name="processAsyncRequestRequest"/>
      <wsdl:output message="impl:processAsyncRequestResponse" name="processAsyncRequestResponse"/>
    </wsdl:operation>
    <wsdl:operation name="processSyncRequest" parameterOrder="string">
      <wsdl:input message="impl:processSyncRequestRequest" name="processSyncRequestRequest"/>
      <wsdl:output message="impl:processSyncRequestResponse" name="processSyncRequestResponse"/>
    </wsdl:operation>
  </wsdl:portType>
  <wsdl:binding name="asrportSoapBinding" type="impl:asrport">
    <wsdlsoap:binding style="rpc" transport="http://schemas.xmlsoap.org/soap/http"/>
    <wsdl:operation name="processAsyncRequest">
      <wsdlsoap:operation soapAction=""/>
      <wsdl:input name="processAsyncRequestRequest">
        <wsdlsoap:body namespace="java:asr.webservice.neustar.biz" use="literal"/>
      </wsdl:input>
      <wsdl:output name="processAsyncRequestResponse">
        <wsdlsoap:body namespace="java:asr.webservice.neustar.biz" use="literal"/>
      </wsdl:output>
    </wsdl:operation>
    <wsdl:operation name="processSyncRequest">
      <wsdlsoap:operation soapAction=""/>
      <wsdl:input name="processSyncRequestRequest">
        <wsdlsoap:body namespace="java:asr.webservice.neustar.biz" use="literal"/>
      </wsdl:input>
      <wsdl:output name="processSyncRequestResponse">
        <wsdlsoap:body namespace="java:asr.webservice.neustar.biz" use="literal"/>
      </wsdl:output>
    </wsdl:operation>
  </wsdl:binding>
  <wsdl:service name="asrservice">
    <wsdl:port binding="impl:asrportSoapBinding" name="asrport">
      <wsdlsoap:address location="http://stomvqavasrrcvgw1.va.neustar.com:8301/axis/services/asrport"/>
    </wsdl:port>
  </wsdl:service>
</wsdl:definitions>]]></con:content><con:type>http://schemas.xmlsoap.org/wsdl/</con:type></con:part></con:definitionCache><con:endpoints><con:endpoint>http://stomvqavasrrcvgw1.va.neustar.com:8301/axis/services/asrport</con:endpoint></con:endpoints><con:operation id="31e26186-68a0-44b7-abc0-4b8f0514d073" isOneWay="false" action="" name="processAsyncRequest" bindingOperationName="processAsyncRequest" type="Request-Response" outputName="processAsyncRequestResponse" inputName="processAsyncRequestRequest" receivesAttachments="false" sendsAttachments="false" anonymous="optional"><con:settings/><con:call id="8e26a1e8-94a6-4e0f-853c-3d3e8636f57a" name="Request 1"><con:settings/><con:encoding>UTF-8</con:encoding><con:endpoint>http://stomvqavasrrcvgw1.va.neustar.com:8301/axis/services/asrport</con:endpoint><con:request><![CDATA[<soapenv:Envelope xmlns:soapenv="http://schemas.xmlsoap.org/soap/envelope/" xmlns:java="java:asr.webservice.neustar.biz">\r
   <soapenv:Header/>\r
   <soapenv:Body>\r
      <java:processAsyncRequest>\r
         <string>?</string>\r
      </java:processAsyncRequest>\r
   </soapenv:Body>\r
</soapenv:Envelope>]]></con:request><con:wsaConfig mustUnderstand="NONE" version="200508" action="java:asr.webservice.neustar.biz/asrport/processAsyncRequestRequest"/></con:call></con:operation><con:operation id="9531a3f4-8047-4c2c-aedf-7eed24d86614" isOneWay="false" action="" name="processSyncRequest" bindingOperationName="processSyncRequest" type="Request-Response" outputName="processSyncRequestResponse" inputName="processSyncRequestRequest" receivesAttachments="false" sendsAttachments="false" anonymous="optional"><con:settings/><con:call id="b70121f1-7bfb-4888-a3da-639074bc3f21" name="Request 1"><con:settings/><con:encoding>UTF-8</con:encoding><con:endpoint>http://stomvqavasrrcvgw1.va.neustar.com:8301/axis/services/asrport</con:endpoint><con:request><![CDATA[<soapenv:Envelope xmlns:soapenv="http://schemas.xmlsoap.org/soap/envelope/" xmlns:java="java:asr.webservice.neustar.biz">\r
   <soapenv:Header/>\r
   <soapenv:Body>\r
      <java:processSyncRequest>\r
         <string>?</string>\r
      </java:processSyncRequest>\r
   </soapenv:Body>\r
</soapenv:Envelope>]]></con:request><con:wsaConfig mustUnderstand="NONE" version="200508" action="java:asr.webservice.neustar.biz/asrport/processSyncRequestRequest"/></con:call></con:operation></con:interface><con:testSuite id="cb24fbbf-8ee5-483e-aa50-c9068b030594" name="asrportSoapBinding TestSuite"><con:settings/><con:runType>SEQUENTIAL</con:runType><con:testCase id="4a8daf86-c25f-4906-b934-9519948968b6" failOnError="true" failTestCaseOnErrors="true" keepSession="false" maxResults="0" name="UOM_Request" searchProperties="true"><con:settings/><con:testStep type="request" id="a461e546-4125-4caf-9d29-312f957ae0eb" name="UOM_Req"><con:settings/><con:config xsi:type="con:RequestStep" xmlns:xsi="http://www.w3.org/2001/XMLSchema-instance"><con:interface>asrportSoapBinding</con:interface><con:operation>processAsyncRequest</con:operation><con:request name="UOM_Req" id="7615a752-554e-46a0-948f-2b6b56dfd9b4"><con:settings><con:setting id="com.eviware.soapui.impl.wsdl.WsdlRequest@request-headers">&lt;xml-fragment/></con:setting></con:settings><con:encoding>UTF-8</con:encoding><con:endpoint>http://stomvqavasrrcvgw1.va.neustar.com:8301/axis/services/asrport</con:endpoint><con:request><![CDATA[<?xml version="1.0" encoding="UTF-8"?>
<soapenv:Envelope xmlns:soapenv="http://schemas.xmlsoap.org/soap/envelope/" xmlns:xsd="http://www.w3.org/2001/XMLSchema" xmlns:xsi="http://www.w3.org/2001/XMLSchema-instance">
<soapenv:Header>
<tMLHeader xmlns="http://tml.t1m1.org/tML.Transport.xsd">
<ApplicationType>ASRORDER</ApplicationType>
<From>HT_ABHI</From>
<To>HAWAIITEL</To>
</tMLHeader>
<wsse:Security soapenv:actor="" soapenv:mustUnderstand="0" xmlns:wsse="http://schemas.xmlsoap.org/ws/2002/04/secext">
            <wsse:UsernameToken>
                <wsse:Username>example</wsse:Username>
                <wsse:Password>example</wsse:Password>
            </wsse:UsernameToken>
        </wsse:Security>
</soapenv:Header>
<soapenv:Body>
<processAsyncRequest xmlns="java:asr.webservice.neustar.biz">
<in1 xsi:type="xsd:string"><![CDATA[
<ASR_SERVICE_REQUEST xmlns="http://www.atis.org/OBF/ASR/UOM-ASR">
<HDR>
<MESSAGE_ID>1482113072763818603402722</MESSAGE_ID>
<CCNA>HTA</CCNA>
<MSG_TIMESTAMP>2016-12-16T18:25:53-05:00</MSG_TIMESTAMP>
<ICSC>HW10</ICSC>
<ASOG_VER>53</ASOG_VER>
</HDR>
<STANDALONE_EVC_SVC>
<ASR>
<ADMIN>
<PON>XAVVUOMSTL123</PON>
<CCNA>HTA</CCNA>
<VER>00</VER>
<ICSC>HW10</ICSC>
<D_SENT>20170130</D_SENT>
<T_SENT>0625PM</T_SENT>
<DDD>20170131</DDD>
<PROJECT>MPAEVC</PROJECT>
<CNO>146339773927</CNO>
<REQTYP>SD</REQTYP>
<ACT>C</ACT>
<EVCI>A</EVCI>
<RTR>F</RTR>
<PIU>100</PIU>
<QTY>0000001</QTY>
<BAN>110 742-5013</BAN>
<ASC_EC>HW10</ASC_EC>
<ASR_REMARKS>PLEASE UPSPEED EVC MEETPOINT USID 75568; FA 10041175 CW 6740975</ASR_REMARKS>
</ADMIN>
<BILLING>
<BILLNM>AT&amp;T MOBILITY</BILLNM>
<SBILLNM>C/O TEOCO CORPORATION</SBILLNM>
<ACNA>AWL</ACNA>
<FUSF>E</FUSF>
<BILL_STR>12150 MONUMENT DR.</BILL_STR>
<BILL_CITY>FAIRFAX</BILL_CITY>
<BILL_STATE>VA</BILL_STATE>
<BILL_ZIP>22033</BILL_ZIP>
<BILLCON>C/O TEOCO CORP</BILLCON>
<VTA>60</VTA>
</BILLING>
<CONTACT>
<INIT>ANTOINETTE LEON</INIT>
<INITIATOR_TEL>8173554203</INITIATOR_TEL>
<INIT_EMAIL>AL9442@ATT.COM</INIT_EMAIL>
<DSGCON>ANTOINETTE LEON</DSGCON>
<DSGCON_TEL>8173554203</DSGCON_TEL>
<DSG_EMAIL>AL9442@ATT.COM</DSG_EMAIL>
<IMPCON>PCO TEST</IMPCON>
<IMPCON_TEL>8178848031</IMPCON_TEL>
</CONTACT>
</ASR>
<EVC>
<EVC_DETAILS>
<EVCNUM>0001</EVCNUM>
<NC>VLP-</NC>
<EVCID>84/VLXP/100875//SW</EVCID>
<NUT>02</NUT>
<UNI_MAPPING>
<UREF>01</UREF>
<UACT>C</UACT>
<NCI>02VLN.V</NCI>
<EVCSP>BLVRMOAHH75</EVCSP>
<RUID>MO/KRGS/383977//WINW/</RUID>
<EVCMPID>JU101/GE1N/FRPLMOXAH76/WLGVMOWY0BW</EVCMPID>
<OTC>AA01</OTC>
<CEVLAN_MAPPING>
<CE_VLAN>
<CE_VLAN_START>2841</CE_VLAN_START>
</CE_VLAN>
</CEVLAN_MAPPING>
<LREF_MAPPING>
<LREF>1</LREF>
<LOSACT>C</LOSACT>
<SPEC>OEMAR1</SPEC>
<BDW>200M</BDW>
</LREF_MAPPING>
</UNI_MAPPING>
<UNI_MAPPING>
<UREF>02</UREF>
<UACT>C</UACT>
<NCI>02VLN.V</NCI>
<EVCSP>JPLNMOMA0CW</EVCSP>
<RUID>84/KRGN/020659//SW</RUID>
<EVCMPID>JU101/GE1N/FRPLMOXAH76/WLGVMOWY0BW</EVCMPID>
<OTC>SW30</OTC>
<CEVLAN_MAPPING>
<CE_VLAN>
<CE_VLAN_START>2841</CE_VLAN_START>
</CE_VLAN>
</CEVLAN_MAPPING>
<LREF_MAPPING>
<LREF>1</LREF>
<LOSACT>C</LOSACT>
<SPEC>OEMAR1</SPEC>
<BDW>200M</BDW>
</LREF_MAPPING>
</UNI_MAPPING>
</EVC_DETAILS>
</EVC>
<MULTI_EC>
<ASC_EC_DETAILS>
<ICSC>HW10</ICSC>
<BAN>110 742-5013</BAN>
</ASC_EC_DETAILS>
<OTHER_EC_DETAILS>
<ICSC>AT01</ICSC>
<BAN>E</BAN>
<OECVTA>60</OECVTA>
</OTHER_EC_DETAILS>
</MULTI_EC>
</STANDALONE_EVC_SVC>
</ASR_SERVICE_REQUEST>



]]]]>><![CDATA[</in1>
</processAsyncRequest>
</soapenv:Body>
</soapenv:Envelope>]]></con:request><con:credentials><con:authType>No Authorization</con:authType></con:credentials><con:jmsConfig JMSDeliveryMode="PERSISTENT"/><con:jmsPropertyConfig/><con:wsaConfig action="java:asr.webservice.neustar.biz/asrport/processAsyncRequestRequest" mustUnderstand="NONE" version="200508"/><con:wsrmConfig version="1.2"/></con:request></con:config></con:testStep><con:testStep type="request" id="9677e70c-ddd2-4942-912d-e8f63a727657" name="Ack_XML"><con:settings/><con:config xsi:type="con:RequestStep" xmlns:xsi="http://www.w3.org/2001/XMLSchema-instance"><con:interface>asrportSoapBinding</con:interface><con:operation>processAsyncRequest</con:operation><con:request name="Ack_XML" id="2fff4b2f-9a91-4578-b6d2-00c101341906"><con:settings><con:setting id="com.eviware.soapui.impl.wsdl.WsdlRequest@request-headers">&lt;xml-fragment/></con:setting></con:settings><con:encoding>UTF-8</con:encoding><con:endpoint>http://stomvqavchapi2:8272/axis/services/SOAPRequestHandler</con:endpoint><con:request><![CDATA[<soapenv:Envelope xmlns:xsi="http://www.w3.org/2001/XMLSchema-instance" xmlns:xsd="http://www.w3.org/2001/XMLSchema" xmlns:soapenv="http://schemas.xmlsoap.org/soap/envelope/" xmlns:ns="http://www.neustar.biz/clearinghouse/SOAPRequestHandler/1.0">
   <soapenv:Header/>
   <soapenv:Body>
      <ns:processAsync soapenv:encodingStyle="http://schemas.xmlsoap.org/soap/encoding/">
         <in0 xsi:type="xsd:string"><![CDATA[<header>
<Request value="asr_order_response"/>
<Subrequest value="EVC"/>
<CustomerIdentifier value="HAWAIITEL"/>
<InterfaceVersion value="ASOG"/>
<Supplier value="HAWAIITEL"/>
<UserIdentifier value="example"/>
<UserPassword value="example"/>
<ApplyBusinessRules value="N"/>
<Action value="submit"/>
</header>]]]]>><![CDATA[</in0>
         <in1 xsi:type="xsd:string"><![CDATA[<asr_order_response>
<ack>
<ACK_Form>
<ack_adminsection>
<CCNA value="HTA"/>
<ICSC value="HW10"/>
<PON value="XAVVUOMSTL123"/>
<VER value="00"/>
<ASR_NO value="1332950096"/>
<REQTYP value="SD"/>
</ack_adminsection>
</ACK_Form>
</ack>
<RESPONSE_TYPE value="Ack"/>
</asr_order_response>]]]]>><![CDATA[</in1>
      </ns:processAsync>
   </soapenv:Body>
</soapenv:Envelope>]]></con:request><con:credentials><con:authType>No Authorization</con:authType></con:credentials><con:jmsConfig JMSDeliveryMode="PERSISTENT"/><con:jmsPropertyConfig/><con:wsaConfig action="java:asr.webservice.neustar.biz/asrport/processAsyncRequestRequest" mustUnderstand="NONE" version="200508"/><con:wsrmConfig version="1.2"/></con:request></con:config></con:testStep><con:testStep type="request" id="ed53aaa5-9a87-4863-8ce1-fbf61bee4440" name="Confirmation_XML"><con:settings/><con:config xsi:type="con:RequestStep" xmlns:xsi="http://www.w3.org/2001/XMLSchema-instance"><con:interface>asrportSoapBinding</con:interface><con:operation>processAsyncRequest</con:operation><con:request name="Confirmation_XML" id="2fff4b2f-9a91-4578-b6d2-00c101341906"><con:settings><con:setting id="com.eviware.soapui.impl.wsdl.WsdlRequest@request-headers">&lt;xml-fragment/></con:setting></con:settings><con:encoding>UTF-8</con:encoding><con:endpoint>http://stomvqavchapi2:8272/axis/services/SOAPRequestHandler</con:endpoint><con:request><![CDATA[<soapenv:Envelope xmlns:xsi="http://www.w3.org/2001/XMLSchema-instance" xmlns:xsd="http://www.w3.org/2001/XMLSchema" xmlns:soapenv="http://schemas.xmlsoap.org/soap/envelope/" xmlns:ns="http://www.neustar.biz/clearinghouse/SOAPRequestHandler/1.0">
   <soapenv:Header/>
   <soapenv:Body>
      <ns:processAsync soapenv:encodingStyle="http://schemas.xmlsoap.org/soap/encoding/">
         <in0 xsi:type="xsd:string"><![CDATA[<header>
<Request value="asr_order_response"/>
<Subrequest value="Transport"/>
<CustomerIdentifier value="HAWAIITEL"/>
<InterfaceVersion value="ASOG"/>
<Supplier value="HAWAIITEL"/>
<UserIdentifier value="example"/>
<UserPassword value="example"/>
<ApplyBusinessRules value="N"/>
<Action value="submit"/>
</header>]]]]>><![CDATA[</in0>
         <in1 xsi:type="xsd:string"><![CDATA[
  <asr_order_response>
   <confirmation>
     <CN_Form>
     <cn_adminsection>
        <CCNA value="HTA" />
        <PON value="XAVVUOMSTL123" />
        <VER value="00" />
        <ASR_NO value="0323220001" />
        <RT value="F" />
        <INIT value="LindaRice" />
        <ICSC value="HW10" />
        <CDTSENT value="11-22-2005-0955AM" />
        <AP_REP value="SUSER" />
        <AP_REP_TELNO value="800-555-1212" />
        <APP value="11-22-2005" />
        <PTD value="11-23-2005" />
        <BAN value="E" />
        <SWC value="NRCRGAMA84A" />
        <EC_VER value="02" />
      </cn_adminsection>
      <servicesectioncontainer type="container">
        <servicesection>
          <ECCKT value="40/HCFS/698793//SB/" />
          <REFNUM value="0001" />
          <CKR value="101/T1/ORLDFLSHDS0/WNHNFLBUCM1" />
          <ORD value="COASRTS1" />
          <SSWC value="NRCRGATLCM1" />
        </servicesection>
      </servicesectioncontainer>
    </CN_Form>
  </confirmation>
  <RESPONSE_TYPE value="Confirmation - F" />
</asr_order_response>]]]]>><![CDATA[</in1>
      </ns:processAsync>
   </soapenv:Body>
</soapenv:Envelope>]]></con:request><con:credentials><con:authType>No Authorization</con:authType></con:credentials><con:jmsConfig JMSDeliveryMode="PERSISTENT"/><con:jmsPropertyConfig/><con:wsaConfig action="java:asr.webservice.neustar.biz/asrport/processAsyncRequestRequest" mustUnderstand="NONE" version="200508"/><con:wsrmConfig version="1.2"/></con:request></con:config></con:testStep><con:testStep type="request" id="cd31061e-7213-4cc0-9a0e-132c6296a1a4" name="UOM_Cancel"><con:settings/><con:config xsi:type="con:RequestStep" xmlns:xsi="http://www.w3.org/2001/XMLSchema-instance"><con:interface>asrportSoapBinding</con:interface><con:operation>processAsyncRequest</con:operation><con:request name="UOM_Cancel" id="7615a752-554e-46a0-948f-2b6b56dfd9b4"><con:settings><con:setting id="com.eviware.soapui.impl.wsdl.WsdlRequest@request-headers">&lt;xml-fragment/></con:setting></con:settings><con:encoding>UTF-8</con:encoding><con:endpoint>http://stomvqavasrrcvgw1.va.neustar.com:8301/axis/services/asrport</con:endpoint><con:request><![CDATA[<?xml version="1.0" encoding="UTF-8"?>
<soapenv:Envelope xmlns:soapenv="http://schemas.xmlsoap.org/soap/envelope/" xmlns:xsd="http://www.w3.org/2001/XMLSchema" xmlns:xsi="http://www.w3.org/2001/XMLSchema-instance">
<soapenv:Header>
<tMLHeader xmlns="http://tml.t1m1.org/tML.Transport.xsd">
<ApplicationType>ASRORDER</ApplicationType>
<From>HT_ABHI</From>
<To>HAWAIITEL</To>
</tMLHeader>
 <wsse:Security soapenv:actor="" soapenv:mustUnderstand="0" xmlns:wsse="http://schemas.xmlsoap.org/ws/2002/04/secext">
            <wsse:UsernameToken>
                <wsse:Username>example</wsse:Username>
                <wsse:Password>example</wsse:Password>
            </wsse:UsernameToken>
        </wsse:Security>
</soapenv:Header>
<soapenv:Body>
<processAsyncRequest xmlns="java:asr.webservice.neustar.biz">
<in1 xsi:type="xsd:string"><![CDATA[
<ASR_SERVICE_REQUEST xmlns="http://www.atis.org/OBF/ASR/UOM-ASR">
<HDR>
<MESSAGE_ID>G0206945ALY0000105AT01983</MESSAGE_ID>
<CCNA>HTA</CCNA>
<MSG_TIMESTAMP>2017-01-11T15:45:46</MSG_TIMESTAMP>
<ICSC>AT01</ICSC>
<ASOG_VER>53</ASOG_VER>
</HDR>
<CANCEL_SVC>
<ADMIN>
<CCNA>HTA</CCNA>
<PON>XAVVUOMSTL123</PON>
<VER>00</VER>
<ICSC>HW10</ICSC>
<D_SENT>20170130</D_SENT>
<T_SENT>0625PM</T_SENT>
<DDD>20170131</DDD>
<PROJECT>MPAEVC</PROJECT>
<CNO>146339773927</CNO>
<REQTYP>SD</REQTYP>
<ACT>C</ACT>
<EVCI>A</EVCI>
<RTR>F</RTR>
<PIU>100</PIU>
<QTY>0000001</QTY>
<BAN>110 742-5013</BAN>
<SUP>1</SUP>
<ASC_EC>HW10</ASC_EC>
<ASR_REMARKS>HOTCUT GROOM TO NEW CFA. NO CHANGE TO LINE FRAME CODE. REUSE LOCAL LOOP PON: IQBLCB26HC9TMB01 UPDATE CIRCUIT FROM NP0CZKF20001 TO BCBK90Y60001 CMPLT 7/18/16 ORD: R18171797</ASR_REMARKS>
</ADMIN>
</CANCEL_SVC>
</ASR_SERVICE_REQUEST>

]]]]>><![CDATA[</in1>
</processAsyncRequest>
</soapenv:Body>
</soapenv:Envelope>]]></con:request><con:credentials><con:authType>No Authorization</con:authType></con:credentials><con:jmsConfig JMSDeliveryMode="PERSISTENT"/><con:jmsPropertyConfig/><con:wsaConfig action="java:asr.webservice.neustar.biz/asrport/processAsyncRequestRequest" mustUnderstand="NONE" version="200508"/><con:wsrmConfig version="1.2"/></con:request></con:config></con:testStep><con:properties/></con:testCase><con:testCase id="bcee8fc0-c539-4f9d-aba0-878ad3aeeb47" failOnError="true" failTestCaseOnErrors="true" keepSession="false" maxResults="0" name="processSyncRequest TestCase" searchProperties="true"><con:settings/><con:testStep type="request" id="909a76d6-075f-4329-9f96-1743aa240767" name="processSyncRequest"><con:settings/><con:config xsi:type="con:RequestStep" xmlns:xsi="http://www.w3.org/2001/XMLSchema-instance"><con:interface>asrportSoapBinding</con:interface><con:operation>processSyncRequest</con:operation><con:request name="processSyncRequest" id="eeec1685-cf0a-472b-b23a-ef8a3276a2f4"><con:settings/><con:encoding>UTF-8</con:encoding><con:endpoint>http://stomvqavasrrcvgw1.va.neustar.com:8301/axis/services/asrport</con:endpoint><con:request><![CDATA[<soapenv:Envelope xmlns:soapenv="http://schemas.xmlsoap.org/soap/envelope/" xmlns:java="java:asr.webservice.neustar.biz">\r
   <soapenv:Header/>\r
   <soapenv:Body>\r
      <java:processSyncRequest>\r
         <string>?</string>\r
      </java:processSyncRequest>\r
   </soapenv:Body>\r
</soapenv:Envelope>]]></con:request><con:credentials><con:authType>No Authorization</con:authType></con:credentials><con:wsaConfig action="java:asr.webservice.neustar.biz/asrport/processSyncRequestRequest"/></con:request></con:config></con:testStep><con:properties/></con:testCase><con:properties/></con:testSuite><con:properties/><con:wssContainer/><con:oAuth2ProfileContainer/></con:soapui-project>