<?xml version="1.0" encoding="UTF-8"?>
<con:soapui-project id="f979d93a-a007-4dd2-9f1a-e40caedaca46" activeEnvironment="Default" name="STRQA_API" resourceRoot="" soapui-version="5.1.3" abortOnError="false" runType="SEQUENTIAL" xmlns:con="http://eviware.com/soapui/config"><con:settings/><con:interface xsi:type="con:WsdlInterface" id="f5707839-f0e1-451f-b6ea-46e99d824956" wsaVersion="NONE" name="SOAPRequestHandlerSoapBinding" type="wsdl" bindingName="{http://www.neustar.biz/clearinghouse/SOAPRequestHandler/1.0}SOAPRequestHandlerSoapBinding" soapVersion="1_1" anonymous="optional" definition="http://stomvqachapi.va.neustar.com/axis/services/SOAPRequestHandler?wsdl" xmlns:xsi="http://www.w3.org/2001/XMLSchema-instance"><con:settings/><con:definitionCache type="TEXT" rootPart="http://stomvqachapi.va.neustar.com/axis/services/SOAPRequestHandler?wsdl"><con:part><con:url>http://stomvqachapi.va.neustar.com/axis/services/SOAPRequestHandler?wsdl</con:url><con:content><![CDATA[<wsdl:definitions targetNamespace="http://www.neustar.biz/clearinghouse/SOAPRequestHandler/1.0" xmlns:apachesoap="http://xml.apache.org/xml-soap" xmlns:impl="http://www.neustar.biz/clearinghouse/SOAPRequestHandler/1.0" xmlns:intf="http://www.neustar.biz/clearinghouse/SOAPRequestHandler/1.0" xmlns:soapenc="http://schemas.xmlsoap.org/soap/encoding/" xmlns:wsdl="http://schemas.xmlsoap.org/wsdl/" xmlns:wsdlsoap="http://schemas.xmlsoap.org/wsdl/soap/" xmlns:xsd="http://www.w3.org/2001/XMLSchema">
  <!--WSDL created by Apache Axis version: 1.3
Built on Oct 05, 2005 (05:23:37 EDT)-->
  <wsdl:types>
    <schema targetNamespace="http://www.neustar.biz/clearinghouse/SOAPRequestHandler/1.0" xmlns="http://www.w3.org/2001/XMLSchema">
      <import namespace="http://schemas.xmlsoap.org/soap/encoding/"/>
      <complexType name="ArrayOf_xsd_string">
        <complexContent>
          <restriction base="soapenc:Array">
            <attribute ref="soapenc:arrayType" wsdl:arrayType="xsd:string[]"/>
          </restriction>
        </complexContent>
      </complexType>
    </schema>
  </wsdl:types>
  <wsdl:message name="processSyncRequest">
    <wsdl:part name="in0" type="xsd:string"/>
    <wsdl:part name="in1" type="xsd:string"/>
  </wsdl:message>
  <wsdl:message name="processAsyncResponse"></wsdl:message>
  <wsdl:message name="processSyncResponse">
    <wsdl:part name="processSyncReturn" type="impl:ArrayOf_xsd_string"/>
  </wsdl:message>
  <wsdl:message name="processAsyncRequest">
    <wsdl:part name="in0" type="xsd:string"/>
    <wsdl:part name="in1" type="xsd:string"/>
  </wsdl:message>
  <wsdl:portType name="SOAPRequestHandler">
    <wsdl:operation name="processSync" parameterOrder="in0 in1">
      <wsdl:input message="impl:processSyncRequest" name="processSyncRequest"/>
      <wsdl:output message="impl:processSyncResponse" name="processSyncResponse"/>
    </wsdl:operation>
    <wsdl:operation name="processAsync" parameterOrder="in0 in1">
      <wsdl:input message="impl:processAsyncRequest" name="processAsyncRequest"/>
      <wsdl:output message="impl:processAsyncResponse" name="processAsyncResponse"/>
    </wsdl:operation>
  </wsdl:portType>
  <wsdl:binding name="SOAPRequestHandlerSoapBinding" type="impl:SOAPRequestHandler">
    <wsdlsoap:binding style="rpc" transport="http://schemas.xmlsoap.org/soap/http"/>
    <wsdl:operation name="processSync">
      <wsdlsoap:operation soapAction=""/>
      <wsdl:input name="processSyncRequest">
        <wsdlsoap:body encodingStyle="http://schemas.xmlsoap.org/soap/encoding/" namespace="http://www.neustar.biz/clearinghouse/SOAPRequestHandler/1.0" use="encoded"/>
      </wsdl:input>
      <wsdl:output name="processSyncResponse">
        <wsdlsoap:body encodingStyle="http://schemas.xmlsoap.org/soap/encoding/" namespace="http://www.neustar.biz/clearinghouse/SOAPRequestHandler/1.0" use="encoded"/>
      </wsdl:output>
    </wsdl:operation>
    <wsdl:operation name="processAsync">
      <wsdlsoap:operation soapAction=""/>
      <wsdl:input name="processAsyncRequest">
        <wsdlsoap:body encodingStyle="http://schemas.xmlsoap.org/soap/encoding/" namespace="http://www.neustar.biz/clearinghouse/SOAPRequestHandler/1.0" use="encoded"/>
      </wsdl:input>
      <wsdl:output name="processAsyncResponse">
        <wsdlsoap:body encodingStyle="http://schemas.xmlsoap.org/soap/encoding/" namespace="http://www.neustar.biz/clearinghouse/SOAPRequestHandler/1.0" use="encoded"/>
      </wsdl:output>
    </wsdl:operation>
  </wsdl:binding>
  <wsdl:service name="SOAPRequestHandlerService">
    <wsdl:port binding="impl:SOAPRequestHandlerSoapBinding" name="SOAPRequestHandler">
      <wsdlsoap:address location="http://stomvqachapi.va.neustar.com/axis/services/SOAPRequestHandler"/>
    </wsdl:port>
  </wsdl:service>
</wsdl:definitions>]]></con:content><con:type>http://schemas.xmlsoap.org/wsdl/</con:type></con:part></con:definitionCache><con:endpoints><con:endpoint>http://stomvqachapi.va.neustar.com/axis/services/SOAPRequestHandler</con:endpoint></con:endpoints><con:operation id="334e08e6-3213-4387-bef2-f7d39975b976" isOneWay="false" action="" name="processAsync" bindingOperationName="processAsync" type="Request-Response" outputName="processAsyncResponse" inputName="processAsyncRequest" receivesAttachments="false" sendsAttachments="false" anonymous="optional"><con:settings/><con:call id="18d4eee6-e63e-40d0-a2bf-2c2b919f40be" name="Request 1"><con:settings><con:setting id="com.eviware.soapui.impl.wsdl.WsdlRequest@request-headers">&lt;xml-fragment/></con:setting></con:settings><con:encoding>UTF-8</con:encoding><con:endpoint>http://stomvqachapi.va.neustar.com/axis/services/SOAPRequestHandler</con:endpoint><con:request><![CDATA[<soapenv:Envelope xmlns:xsi="http://www.w3.org/2001/XMLSchema-instance" xmlns:xsd="http://www.w3.org/2001/XMLSchema" xmlns:soapenv="http://schemas.xmlsoap.org/soap/envelope/" xmlns:ns="http://www.neustar.biz/clearinghouse/SOAPRequestHandler/1.0">
   <soapenv:Header/>
   <soapenv:Body>
      <ns:processAsync soapenv:encodingStyle="http://schemas.xmlsoap.org/soap/encoding/">
         <in0 xsi:type="xsd:string"><![CDATA[<header>
  <Request value="asr_order" />
  <Subrequest value="SwitchedEthernetS" />
  <CustomerIdentifier value="HT_TWC" />
  <InterfaceVersion value="ASOG" />
  <Supplier value="HAWAIITEL" />
  <UserIdentifier value="example" />
  <UserPassword value="example" />
  <ApplyBusinessRules value="N" />
  <Action value="submit" />
</header>]]]]>><![CDATA[</in0>
         <in1 xsi:type="xsd:string"><![CDATA[
<asr_order>
<ASR_Form>
<asr_adminsection>
<DTSENT value="01-16-2017-1226PM"/>
<SEI value="Y"/>
<ICSC value="AL01"/>
<VER value="00"/>
<BAN value="D"/>
<REQTYP value="SA"/>
<DDD value="01-24-2017"/>
<ASC_EC value="AL01"/>
<RTR value="F"/>
<ACT value="C"/>
<CCNA value="HTW"/>
<ACTL value="TestTX23456"/>
<PON value="CH1QTES2CV"/>
<ASC_EC value ="HW10"/>
<SUP value="00"/>
</asr_adminsection>
<asr_billsection>
<ACNA value=""/>
</asr_billsection>
<asr_contactsection>
<INIT_TELNO value="123-424-3445"/>
<INIT value=""/>
<DTREC value="01-12-2017-1234PM"/>
</asr_contactsection>
</ASR_Form>
<SES_Form>
<ses_circuitdetailsection>
<NC value="AC-D"/>
<SECNCI value="02DU9.00A"/>
</ses_circuitdetailsection>
</SES_Form>
<MULTIEC_Formcontainer>
<MULTIEC_Form>
<asccdetailsection>
<ASCICSC value="HW10"/>
<ASCBAN value = "TEST"/>
</asccdetailsection>
<oecdetailsectioncontainer>
<oecdetailsection>
<OECICSC value="NS01"/>
<ASCBAN value = "TEST"/>
<OECBAN value ="TEST1"/>
</oecdetailsection>
</oecdetailsectioncontainer>
</MULTIEC_Form>
</MULTIEC_Formcontainer>
<SEQNO value="703"/>
</asr_order>
]]]]>><![CDATA[</in1>
      </ns:processAsync>
   </soapenv:Body>
</soapenv:Envelope>]]></con:request><con:credentials><con:authType>No Authorization</con:authType></con:credentials><con:jmsConfig JMSDeliveryMode="PERSISTENT"/><con:jmsPropertyConfig/><con:wsaConfig mustUnderstand="NONE" version="200508" action="http://www.neustar.biz/clearinghouse/SOAPRequestHandler/1.0/SOAPRequestHandler/processAsyncRequest"/><con:wsrmConfig version="1.2"/></con:call></con:operation><con:operation id="c7fdaeda-ec61-49e1-a01a-e56db815bb25" isOneWay="false" action="" name="processSync" bindingOperationName="processSync" type="Request-Response" outputName="processSyncResponse" inputName="processSyncRequest" receivesAttachments="false" sendsAttachments="false" anonymous="optional"><con:settings/><con:call id="8f9863b5-d09e-466a-8a25-82b9c36c20db" name="Request 1"><con:settings/><con:encoding>UTF-8</con:encoding><con:endpoint>http://stomvqachapi.va.neustar.com/axis/services/SOAPRequestHandler</con:endpoint><con:request><![CDATA[<soapenv:Envelope xmlns:xsi="http://www.w3.org/2001/XMLSchema-instance" xmlns:xsd="http://www.w3.org/2001/XMLSchema" xmlns:soapenv="http://schemas.xmlsoap.org/soap/envelope/" xmlns:ns="http://www.neustar.biz/clearinghouse/SOAPRequestHandler/1.0">\r
   <soapenv:Header/>\r
   <soapenv:Body>\r
      <ns:processSync soapenv:encodingStyle="http://schemas.xmlsoap.org/soap/encoding/">\r
         <in0 xsi:type="xsd:string">?</in0>\r
         <in1 xsi:type="xsd:string">?</in1>\r
      </ns:processSync>\r
   </soapenv:Body>\r
</soapenv:Envelope>]]></con:request><con:wsaConfig mustUnderstand="NONE" version="200508" action="http://www.neustar.biz/clearinghouse/SOAPRequestHandler/1.0/SOAPRequestHandler/processSyncRequest"/></con:call></con:operation></con:interface><con:testSuite id="761af9dc-a492-4298-b410-c02740fd8609" name="SOAPRequestHandlerSoapBinding TestSuite"><con:settings/><con:runType>SEQUENTIAL</con:runType><con:testCase id="d460dc7c-db50-4b74-8c86-30f232187d74" failOnError="true" failTestCaseOnErrors="true" keepSession="false" maxResults="0" name="NFXML_Request" searchProperties="true"><con:settings/><con:testStep type="request" id="ea36453d-86c7-4bd7-9b0b-ec47926aaabf" name="HT_TWC"><con:settings/><con:config xsi:type="con:RequestStep" xmlns:xsi="http://www.w3.org/2001/XMLSchema-instance"><con:interface>SOAPRequestHandlerSoapBinding</con:interface><con:operation>processAsync</con:operation><con:request name="HT_TWC" id="fbb882fa-28d6-4c2f-a997-5f8f56d8ef69"><con:settings><con:setting id="com.eviware.soapui.impl.wsdl.WsdlRequest@request-headers">&lt;xml-fragment/></con:setting></con:settings><con:encoding>UTF-8</con:encoding><con:endpoint>http://stomvqachapi1.va.neustar.com/axis/services/SOAPRequestHandler</con:endpoint><con:request><![CDATA[<soapenv:Envelope xmlns:xsi="http://www.w3.org/2001/XMLSchema-instance" xmlns:xsd="http://www.w3.org/2001/XMLSchema" xmlns:soapenv="http://schemas.xmlsoap.org/soap/envelope/" xmlns:ns="http://www.neustar.biz/clearinghouse/SOAPRequestHandler/1.0">
   <soapenv:Header/>
   <soapenv:Body>
      <ns:processAsync soapenv:encodingStyle="http://schemas.xmlsoap.org/soap/encoding/">
         <in0 xsi:type="xsd:string"><![CDATA[<header>
  <Request value="asr_order" />
  <Subrequest value="Transport" />
  <CustomerIdentifier value="ASRN" />
  <InterfaceVersion value="ASOG" />
  <Supplier value="HAWAIITEL" />
  <UserIdentifier value="example" />
  <UserPassword value="example" />
  <ApplyBusinessRules value="N" />
  <Action value="submit" />
</header>]]]]>><![CDATA[</in0>
         <in1 xsi:type="xsd:string"><![CDATA[
      <asr_order>
<ASR_Form>
<asr_adminsection>
<DTSENT value="01-27-2017-0513PM"/>
<ICSC value="HW10"/>
<VER value="01"/>
<BAN value="E"/>
<REQTYP value="SA"/>
<DDD value="01-31-2017"/>
<RTR value="F"/>
<ACT value="C"/>
<CCNA value="AMN"/>
<PON value="VIVRE33212"/>
</asr_adminsection>
<asr_billsection>
<ACNA value="as"/>
<IWBAN value="" />
</asr_billsection>
<asr_contactsection>
<INIT_TELNO value="234-342-3453"/>
<INIT value="as"/>
</asr_contactsection>
</ASR_Form>
<TRANSPORT_Form>
<transport_circuitdetailsection>
<GCON value="asda"/>
<GETO value="H"/>
<GBTN value="342-223-2342"/>
<NSL value="01"/>
<NC value="123"/>
</transport_circuitdetailsection>
</TRANSPORT_Form>
<MSL_Formcontainer>
<MSL_Form>
<msl_circuitdetailsection>
<LEGACT value="C"/>
<GCON value=""/>
<GBTN value="234-767-4567"/>
<REFNUM value="1231"/>
<GETO value="H"/>
<GTEL value="123-876-4567-3456"/>
</msl_circuitdetailsection>
</MSL_Form>
</MSL_Formcontainer>
<SEQNO value="725"/>
</asr_order>
]]]]>><![CDATA[</in1>
      </ns:processAsync>
   </soapenv:Body>
</soapenv:Envelope>]]></con:request><con:credentials><con:authType>No Authorization</con:authType></con:credentials><con:jmsConfig JMSDeliveryMode="PERSISTENT"/><con:jmsPropertyConfig/><con:wsaConfig action="http://www.neustar.biz/clearinghouse/SOAPRequestHandler/1.0/SOAPRequestHandler/processAsyncRequest" mustUnderstand="NONE" version="200508"/><con:wsrmConfig version="1.2"/></con:request></con:config></con:testStep><con:testStep type="request" id="18f8b368-ebfc-487e-86bc-bc5f11d432f6" name="SHA_WIND"><con:settings/><con:config xsi:type="con:RequestStep" xmlns:xsi="http://www.w3.org/2001/XMLSchema-instance"><con:interface>SOAPRequestHandlerSoapBinding</con:interface><con:operation>processAsync</con:operation><con:request name="SHA_WIND" id="fbb882fa-28d6-4c2f-a997-5f8f56d8ef69"><con:settings><con:setting id="com.eviware.soapui.impl.wsdl.WsdlRequest@request-headers">&lt;xml-fragment/></con:setting></con:settings><con:encoding>UTF-8</con:encoding><con:endpoint>http://stomvqachapi1.va.neustar.com/axis/services/SOAPRequestHandler</con:endpoint><con:request><![CDATA[<soapenv:Envelope xmlns:xsi="http://www.w3.org/2001/XMLSchema-instance" xmlns:xsd="http://www.w3.org/2001/XMLSchema" xmlns:soapenv="http://schemas.xmlsoap.org/soap/envelope/" xmlns:ns="http://www.neustar.biz/clearinghouse/SOAPRequestHandler/1.0">
   <soapenv:Header/>
   <soapenv:Body>
      <ns:processAsync soapenv:encodingStyle="http://schemas.xmlsoap.org/soap/encoding/">
         <in0 xsi:type="xsd:string"><![CDATA[<header>
  <Request value="asr_order" />
  <Subrequest value="Transport" />
  <CustomerIdentifier value="HT_TWC" />
  <InterfaceVersion value="ASOG" />
  <Supplier value="HAWAIITEL" />
  <UserIdentifier value="example" />
  <UserPassword value="example" />
  <ApplyBusinessRules value="Y" />
  <Action value="submit" />
</header>]]]]>><![CDATA[</in0>
         <in1 xsi:type="xsd:string"><![CDATA[
      <asr_order>
<ASR_Form>
<asr_adminsection>
<DTSENT value="01-25-2017-0513PM"/>
<ICSC value="HW10"/>
<VER value="01"/>
<BAN value="E"/>
<REQTYP value="SA"/>
<DDD value="01-31-2017"/>
<RTR value="F"/>
<ACT value="C"/>
<CCNA value="HTW"/>
<PON value="YEET5678911"/>
</asr_adminsection>
<asr_billsection>
<ACNA value="as"/>
<IWBAN value="" />
</asr_billsection>
<asr_contactsection>
<INIT_TELNO value="234-342-3453"/>
<INIT value="as"/>
</asr_contactsection>
</ASR_Form>
<TRANSPORT_Form>
<transport_circuitdetailsection>
<GCON value="asda"/>
<GETO value="H"/>
<GBTN value="342-223-2342"/>
<NSL value="01"/>
<NC value="123"/>
</transport_circuitdetailsection>
</TRANSPORT_Form>
<MSL_Formcontainer>
<MSL_Form>
<msl_circuitdetailsection>
<LEGACT value="C"/>
<GCON value=""/>
<GBTN value="234-767-4567"/>
<REFNUM value="1231"/>
<GETO value="H"/>
<GTEL value="123-876-4567-3456"/>
</msl_circuitdetailsection>
</MSL_Form>
</MSL_Formcontainer>
<SEQNO value="725"/>
</asr_order>

]]]]>><![CDATA[</in1>
      </ns:processAsync>
   </soapenv:Body>
</soapenv:Envelope>]]></con:request><con:credentials><con:authType>No Authorization</con:authType></con:credentials><con:jmsConfig JMSDeliveryMode="PERSISTENT"/><con:jmsPropertyConfig/><con:wsaConfig action="http://www.neustar.biz/clearinghouse/SOAPRequestHandler/1.0/SOAPRequestHandler/processAsyncRequest" mustUnderstand="NONE" version="200508"/><con:wsrmConfig version="1.2"/></con:request></con:config></con:testStep><con:testStep type="request" id="d4f19ff5-8bc5-4410-85ce-cd6e1877c8aa" name="BHN_STL"><con:settings/><con:config xsi:type="con:RequestStep" xmlns:xsi="http://www.w3.org/2001/XMLSchema-instance"><con:interface>SOAPRequestHandlerSoapBinding</con:interface><con:operation>processAsync</con:operation><con:request name="BHN_STL" id="fbb882fa-28d6-4c2f-a997-5f8f56d8ef69"><con:settings><con:setting id="com.eviware.soapui.impl.wsdl.WsdlRequest@request-headers">&lt;xml-fragment/></con:setting></con:settings><con:encoding>UTF-8</con:encoding><con:endpoint>http://stomvqavasrrcvgw1.va.neustar.com:8001/axis/services/asrrcvuomGWS</con:endpoint><con:request><![CDATA[<soapenv:Envelope xmlns:xsi="http://www.w3.org/2001/XMLSchema-instance" xmlns:xsd="http://www.w3.org/2001/XMLSchema" xmlns:soapenv="http://schemas.xmlsoap.org/soap/envelope/" xmlns:ns="http://www.neustar.biz/clearinghouse/SOAPRequestHandler/1.0">
   <soapenv:Header/>
   <soapenv:Body>
      <ns:processAsync soapenv:encodingStyle="http://schemas.xmlsoap.org/soap/encoding/">
         <in0 xsi:type="xsd:string"><![CDATA[<header>
  <Request value="asr_order" />
  <Subrequest value="Transport" />
  <CustomerIdentifier value="HT_ASP" />
  <InterfaceVersion value="ASOG" />
  <Supplier value="HAWAIITEL" />
  <UserIdentifier value="example" />
  <UserPassword value="example" />
  <ApplyBusinessRules value="N" />
  <Action value="submit" />
</header>]]]]>><![CDATA[</in0>
         <in1 xsi:type="xsd:string"><![CDATA[
      <asr_order>
<ASR_Form>
<asr_adminsection>
<DTSENT value="01-27-2017-0513PM"/>
<ICSC value="HW10"/>
<VER value="01"/>
<BAN value="E"/>
<REQTYP value="SA"/>
<DDD value="01-31-2017"/>
<RTR value="F"/>
<ACT value="C"/>
<CCNA value="HTP"/>
<PON value="YEET567AS111"/>
</asr_adminsection>
<asr_billsection>
<ACNA value="as"/>
<IWBAN value="" />
</asr_billsection>
<asr_contactsection>
<INIT_TELNO value="234-342-3453"/>
<INIT value="as"/>
</asr_contactsection>
</ASR_Form>
<TRANSPORT_Form>
<transport_circuitdetailsection>
<GCON value="asda"/>
<GETO value="H"/>
<GBTN value="342-223-2342"/>
<NSL value="01"/>
<NC value="123"/>
</transport_circuitdetailsection>
</TRANSPORT_Form>
<MSL_Formcontainer>
<MSL_Form>
<msl_circuitdetailsection>
<LEGACT value="C"/>
<GCON value=""/>
<GBTN value="234-767-4567"/>
<REFNUM value="1231"/>
<GETO value="H"/>
<GTEL value="123-876-4567-3456"/>
</msl_circuitdetailsection>
</MSL_Form>
</MSL_Formcontainer>
<SEQNO value="725"/>
</asr_order>
]]]]>><![CDATA[</in1>
      </ns:processAsync>
   </soapenv:Body>
</soapenv:Envelope>]]></con:request><con:credentials><con:authType>No Authorization</con:authType></con:credentials><con:jmsConfig JMSDeliveryMode="PERSISTENT"/><con:jmsPropertyConfig/><con:wsaConfig action="http://www.neustar.biz/clearinghouse/SOAPRequestHandler/1.0/SOAPRequestHandler/processAsyncRequest" mustUnderstand="NONE" version="200508"/><con:wsrmConfig version="1.2"/></con:request></con:config></con:testStep><con:testStep type="request" id="5442cedb-3960-4ab0-960a-3e4376ad069e" name="NDM_STRQA"><con:settings/><con:config xsi:type="con:RequestStep" xmlns:xsi="http://www.w3.org/2001/XMLSchema-instance"><con:interface>SOAPRequestHandlerSoapBinding</con:interface><con:operation>processAsync</con:operation><con:request name="NDM_STRQA" id="fbb882fa-28d6-4c2f-a997-5f8f56d8ef69"><con:settings><con:setting id="com.eviware.soapui.impl.wsdl.WsdlRequest@request-headers">&lt;xml-fragment/></con:setting></con:settings><con:encoding>UTF-8</con:encoding><con:endpoint>http://stomvqachapi.va.neustar.com/axis/services/SOAPRequestHandler</con:endpoint><con:request><![CDATA[<soapenv:Envelope xmlns:xsi="http://www.w3.org/2001/XMLSchema-instance" xmlns:xsd="http://www.w3.org/2001/XMLSchema" xmlns:soapenv="http://schemas.xmlsoap.org/soap/envelope/" xmlns:ns="http://www.neustar.biz/clearinghouse/SOAPRequestHandler/1.0">
   <soapenv:Header/>
   <soapenv:Body>
      <ns:processAsync soapenv:encodingStyle="http://schemas.xmlsoap.org/soap/encoding/">
         <in0 xsi:type="xsd:string"><![CDATA[<header>
  <Request value="asr_order" />
  <Subrequest value="Transport" />
  <CustomerIdentifier value="ASRN" />
  <InterfaceVersion value="ASOG" />
  <Supplier value="HAWAIITEL" />
  <UserIdentifier value="example" />
  <UserPassword value="example" />
  <ApplyBusinessRules value="N" />
  <Action value="submit" />
</header>]]]]>><![CDATA[</in0>
         <in1 xsi:type="xsd:string"><![CDATA[
      <asr_order>
<ASR_Form>
<asr_adminsection>
<DTSENT value="01-27-2017-0513PM"/>
<ICSC value="HW10"/>
<VER value="01"/>
<BAN value="E"/>
<REQTYP value="SA"/>
<DDD value="01-31-2017"/>
<RTR value="F"/>
<ACT value="C"/>
<CCNA value="RSA"/>
<PON value="VINDM33212"/>
</asr_adminsection>
<asr_billsection>
<ACNA value="as"/>
<IWBAN value="" />
</asr_billsection>
<asr_contactsection>
<INIT_TELNO value="234-342-3453"/>
<INIT value="as"/>
</asr_contactsection>
</ASR_Form>
<TRANSPORT_Form>
<transport_circuitdetailsection>
<GCON value="asda"/>
<GETO value="H"/>
<GBTN value="342-223-2342"/>
<NSL value="01"/>
<NC value="123"/>
</transport_circuitdetailsection>
</TRANSPORT_Form>
<MSL_Formcontainer>
<MSL_Form>
<msl_circuitdetailsection>
<LEGACT value="C"/>
<GCON value=""/>
<GBTN value="234-767-4567"/>
<REFNUM value="1231"/>
<GETO value="H"/>
<GTEL value="123-876-4567-3456"/>
</msl_circuitdetailsection>
</MSL_Form>
</MSL_Formcontainer>
<SEQNO value="725"/>
</asr_order>
]]]]>><![CDATA[</in1>
      </ns:processAsync>
   </soapenv:Body>
</soapenv:Envelope>]]></con:request><con:credentials><con:authType>No Authorization</con:authType></con:credentials><con:jmsConfig JMSDeliveryMode="PERSISTENT"/><con:jmsPropertyConfig/><con:wsaConfig action="http://www.neustar.biz/clearinghouse/SOAPRequestHandler/1.0/SOAPRequestHandler/processAsyncRequest" mustUnderstand="NONE" version="200508"/><con:wsrmConfig version="1.2"/></con:request></con:config></con:testStep><con:properties/></con:testCase><con:testCase id="834bffec-3d51-4079-a29c-3ec70a9741f0" failOnError="true" failTestCaseOnErrors="true" keepSession="false" maxResults="0" name="processSync TestCase" searchProperties="true"><con:settings/><con:testStep type="request" id="fd4cb71a-3247-43ec-9fdf-9e1cd73c8452" name="processSync"><con:settings/><con:config xsi:type="con:RequestStep" xmlns:xsi="http://www.w3.org/2001/XMLSchema-instance"><con:interface>SOAPRequestHandlerSoapBinding</con:interface><con:operation>processSync</con:operation><con:request name="processSync" id="2848112c-5bfa-4218-9107-0b14fd87d635"><con:settings/><con:encoding>UTF-8</con:encoding><con:endpoint>http://stomvqachapi.va.neustar.com/axis/services/SOAPRequestHandler</con:endpoint><con:request><![CDATA[<soapenv:Envelope xmlns:xsi="http://www.w3.org/2001/XMLSchema-instance" xmlns:xsd="http://www.w3.org/2001/XMLSchema" xmlns:soapenv="http://schemas.xmlsoap.org/soap/envelope/" xmlns:ns="http://www.neustar.biz/clearinghouse/SOAPRequestHandler/1.0">\r
   <soapenv:Header/>\r
   <soapenv:Body>\r
      <ns:processSync soapenv:encodingStyle="http://schemas.xmlsoap.org/soap/encoding/">\r
         <in0 xsi:type="xsd:string">?</in0>\r
         <in1 xsi:type="xsd:string">?</in1>\r
      </ns:processSync>\r
   </soapenv:Body>\r
</soapenv:Envelope>]]></con:request><con:credentials><con:authType>No Authorization</con:authType></con:credentials><con:wsaConfig action="http://www.neustar.biz/clearinghouse/SOAPRequestHandler/1.0/SOAPRequestHandler/processSyncRequest"/></con:request></con:config></con:testStep><con:properties/></con:testCase><con:testCase id="03491630-a6a2-4774-b05c-ebd3f29b2841" failOnError="true" failTestCaseOnErrors="true" keepSession="false" maxResults="0" name="UOM_Request" searchProperties="true"><con:settings/><con:testStep type="request" id="df2e6f15-c929-410c-aa22-003e90124df3" name="HT_TWC"><con:settings/><con:config xsi:type="con:RequestStep" xmlns:xsi="http://www.w3.org/2001/XMLSchema-instance"><con:interface>SOAPRequestHandlerSoapBinding</con:interface><con:operation>processAsync</con:operation><con:request name="HT_TWC" id="fbb882fa-28d6-4c2f-a997-5f8f56d8ef69"><con:settings><con:setting id="com.eviware.soapui.impl.wsdl.WsdlRequest@request-headers">&lt;xml-fragment/></con:setting></con:settings><con:encoding>UTF-8</con:encoding><con:endpoint>http://stomvqavgw1:5898/axis/services/asrport</con:endpoint><con:request><![CDATA[<?xml version="1.0" encoding="UTF-8"?>
<soapenv:Envelope xmlns:soapenv="http://schemas.xmlsoap.org/soap/envelope/" xmlns:xsd="http://www.w3.org/2001/XMLSchema" xmlns:xsi="http://www.w3.org/2001/XMLSchema-instance">
<soapenv:Header>
<tMLHeader xmlns="http://tml.t1m1.org/tML.Transport.xsd">
<ApplicationType>ASRORDER</ApplicationType>
<From>HT_TWC</From>
<To>HAWAIITEL</To>
</tMLHeader>
 <wsse:Security soapenv:actor="" soapenv:mustUnderstand="0" xmlns:wsse="http://schemas.xmlsoap.org/ws/2002/04/secext">
            <wsse:UsernameToken>
                <wsse:Username>example</wsse:Username>
                <wsse:Password>example</wsse:Password>
            </wsse:UsernameToken>
        </wsse:Security>
</soapenv:Header>
<soapenv:Body>
<processAsyncRequest xmlns="java:asr.webservice.neustar.biz">
<in1 xsi:type="xsd:string"><![CDATA[
<ASR_SERVICE_REQUEST xmlns="http://www.atis.org/OBF/ASR/UOM-ASR" xmlns:xsi="http://www.w3.org/2001/XMLSchema-instance">
  <HDR>
    <MESSAGE_ID>1480512639815</MESSAGE_ID>
    <CCNA>HTA</CCNA>
    <MSG_TIMESTAMP>2016-11-30T09:30:39</MSG_TIMESTAMP>
    <ICSC>SB01</ICSC>
    <ASOG_VER>53</ASOG_VER>
  </HDR>
  <SWITCHED_ETHERNET_SVC>
    <ASR>
      <ADMIN>
        <CCNA>HTW</CCNA>
        <PON>NSASRR199111</PON>
        <VER>00</VER>
        <ICSC>HW10</ICSC>
        <D_SENT>20161129</D_SENT>
        <T_SENT>0516PM</T_SENT>
        <DDD>20170124</DDD>
        <REQTYP>SD</REQTYP>
        <ACT>N</ACT>
        <LATA>132</LATA>
        <SEI>Y</SEI>
        <RTR>S</RTR>
        <SUP>4</SUP>
        <EXP>Y</EXP>
        <CKR>/IZEC/576257/   /ATI /</CKR>
        <UNIT>C</UNIT>
        <PIU>100</PIU>
        <QTY>0000001</QTY>
        <BAN>N</BAN>
        <ACTL>BOHENYJNW01</ACTL>
        <APOT>BOHENYJNW01</APOT>
        <ASC_EC>HW10</ASC_EC>
        <ASR_REMARKS>6183-8332-ESA1                                                1GIGE ESP - (CVLP) CABLEVISION LIGHTPATH  - ATX 13595 - BOHENYPLEASE IGNORE THIS IS A TEST PON FOR NEUSTAR</ASR_REMARKS>
      </ADMIN>
      <BILLING>
        <BILLNM>AT&amp;T</BILLNM>
        <SBILLNM>CONNECTIVITY BILLING MGT</SBILLNM>
        <ACNA>ATX</ACNA>
        <TE>N</TE>
        <FUSF>E</FUSF>
        <BILL_STR>300 NORTH POINT PARKWAY</BILL_STR>
        <BILL_CITY>ALPHARETTA</BILL_CITY>
        <BILL_STATE>GA</BILL_STATE>
        <BILL_ZIP>30005</BILL_ZIP>
        <BILLCON>ACCESS BILL MGR</BILLCON>
        <BILLCON_TEL>6312646392</BILLCON_TEL>
        <VTA>60</VTA>
      </BILLING>
      <CONTACT>
        <INIT>RONALD MORRIS</INIT>
        <INITIATOR_TEL>4044869014</INITIATOR_TEL>
        <DSGCON>RONALD MORRIS</DSGCON>
        <DSGCON_TEL>4044869014</DSGCON_TEL>
        <DSG_FAX_NO>4048126923</DSG_FAX_NO>
        <DSGCON_STR>24300 RIVERWOOD DR</DSGCON_STR>
        <DRC>ATT</DRC>
        <DSGCON_FL>1</DSGCON_FL>
        <DSGCON_CITY>WAUKESHA</DSGCON_CITY>
        <DSGCON_STATE>WI</DSGCON_STATE>
        <DSGCON_ZIP>53188</DSGCON_ZIP>
        <MTCE_CONTACT>APC</MTCE_CONTACT>
        <MTCE_TEL>2886786822</MTCE_TEL>
        <IMPCON>NACOE</IMPCON>
        <IMPCON_TEL>2626500000</IMPCON_TEL>
      </CONTACT>
    </ASR>
    <SES>
      <SES_SVC_DETAILS>
        <NC>KFE-</NC>
        <NCI>02LNF.A02.--</NCI>
        <SECNCI>02CXF.1GE.--</SECNCI>
      </SES_SVC_DETAILS>
    </SES>
    <MULTI_EC>
      <ASC_EC_DETAILS>
        <ICSC>HW10</ICSC>
        <BAN>N</BAN>
      </ASC_EC_DETAILS>
      <PROMOTIONAL_CONTRACT>
        <ICSC>HC20</ICSC>
        <OEC_PNUM>FB1B00039</OEC_PNUM>
      </PROMOTIONAL_CONTRACT>
      <OTHER_EC_DETAILS>
        <ICSC>AT01</ICSC>
        <OEC_ACT>K</OEC_ACT>
      </OTHER_EC_DETAILS>
    </MULTI_EC>
  </SWITCHED_ETHERNET_SVC>
</ASR_SERVICE_REQUEST>
]]]]>><![CDATA[</in1>
</processAsyncRequest>
</soapenv:Body>
</soapenv:Envelope>]]></con:request><con:credentials><con:authType>No Authorization</con:authType></con:credentials><con:jmsConfig JMSDeliveryMode="PERSISTENT"/><con:jmsPropertyConfig/><con:wsaConfig action="http://www.neustar.biz/clearinghouse/SOAPRequestHandler/1.0/SOAPRequestHandler/processAsyncRequest" mustUnderstand="NONE" version="200508"/><con:wsrmConfig version="1.2"/></con:request></con:config></con:testStep><con:testStep type="request" id="5593fb66-1d33-4cc0-b938-603eba401277" name="SHA_WIND"><con:settings/><con:config xsi:type="con:RequestStep" xmlns:xsi="http://www.w3.org/2001/XMLSchema-instance"><con:interface>SOAPRequestHandlerSoapBinding</con:interface><con:operation>processAsync</con:operation><con:request name="SHA_WIND" id="fbb882fa-28d6-4c2f-a997-5f8f56d8ef69"><con:settings><con:setting id="com.eviware.soapui.impl.wsdl.WsdlRequest@request-headers">&lt;xml-fragment/></con:setting></con:settings><con:encoding>UTF-8</con:encoding><con:endpoint>http://stomvqachapi1.va.neustar.com/axis/services/SOAPRequestHandler</con:endpoint><con:request><![CDATA[<soapenv:Envelope xmlns:xsi="http://www.w3.org/2001/XMLSchema-instance" xmlns:xsd="http://www.w3.org/2001/XMLSchema" xmlns:soapenv="http://schemas.xmlsoap.org/soap/envelope/" xmlns:ns="http://www.neustar.biz/clearinghouse/SOAPRequestHandler/1.0">
   <soapenv:Header/>
   <soapenv:Body>
      <ns:processAsync soapenv:encodingStyle="http://schemas.xmlsoap.org/soap/encoding/">
         <in0 xsi:type="xsd:string"><![CDATA[<header>
  <Request value="asr_order" />
  <Subrequest value="Transport" />
  <CustomerIdentifier value="HT_TWC" />
  <InterfaceVersion value="ASOG" />
  <Supplier value="HAWAIITEL" />
  <UserIdentifier value="example" />
  <UserPassword value="example" />
  <ApplyBusinessRules value="Y" />
  <Action value="submit" />
</header>]]]]>><![CDATA[</in0>
         <in1 xsi:type="xsd:string"><![CDATA[
      <asr_order>
<ASR_Form>
<asr_adminsection>
<DTSENT value="01-25-2017-0513PM"/>
<ICSC value="HW10"/>
<VER value="01"/>
<BAN value="E"/>
<REQTYP value="SA"/>
<DDD value="01-31-2017"/>
<RTR value="F"/>
<ACT value="C"/>
<CCNA value="HTW"/>
<PON value="YEET5678911"/>
</asr_adminsection>
<asr_billsection>
<ACNA value="as"/>
<IWBAN value="" />
</asr_billsection>
<asr_contactsection>
<INIT_TELNO value="234-342-3453"/>
<INIT value="as"/>
</asr_contactsection>
</ASR_Form>
<TRANSPORT_Form>
<transport_circuitdetailsection>
<GCON value="asda"/>
<GETO value="H"/>
<GBTN value="342-223-2342"/>
<NSL value="01"/>
<NC value="123"/>
</transport_circuitdetailsection>
</TRANSPORT_Form>
<MSL_Formcontainer>
<MSL_Form>
<msl_circuitdetailsection>
<LEGACT value="C"/>
<GCON value=""/>
<GBTN value="234-767-4567"/>
<REFNUM value="1231"/>
<GETO value="H"/>
<GTEL value="123-876-4567-3456"/>
</msl_circuitdetailsection>
</MSL_Form>
</MSL_Formcontainer>
<SEQNO value="725"/>
</asr_order>

]]]]>><![CDATA[</in1>
      </ns:processAsync>
   </soapenv:Body>
</soapenv:Envelope>]]></con:request><con:credentials><con:authType>No Authorization</con:authType></con:credentials><con:jmsConfig JMSDeliveryMode="PERSISTENT"/><con:jmsPropertyConfig/><con:wsaConfig action="http://www.neustar.biz/clearinghouse/SOAPRequestHandler/1.0/SOAPRequestHandler/processAsyncRequest" mustUnderstand="NONE" version="200508"/><con:wsrmConfig version="1.2"/></con:request></con:config></con:testStep><con:properties/></con:testCase><con:properties/></con:testSuite><con:properties/><con:wssContainer/><con:oAuth2ProfileContainer/><con:sensitiveInformation/></con:soapui-project>