<?xml version="1.0" encoding="UTF-8"?>
<con:soapui-project id="15b8bec1-500c-477b-bdba-a6698413fb28" activeEnvironment="Default" name="STRQA_ASRRECEIVE_REQUEST" soapui-version="5.1.3" abortOnError="false" runType="SEQUENTIAL" resourceRoot="" xmlns:con="http://eviware.com/soapui/config"><con:settings/><con:interface xsi:type="con:WsdlInterface" id="39a21391-173d-4deb-81b3-423a0c4c3487" wsaVersion="NONE" name="asrportSoapBinding" type="wsdl" bindingName="{java:asr.webservice.neustar.biz}asrportSoapBinding" soapVersion="1_1" anonymous="optional" definition="http://stomvqavgw1:5898/axis/services/asrport?wsdl" xmlns:xsi="http://www.w3.org/2001/XMLSchema-instance"><con:settings/><con:definitionCache type="TEXT" rootPart="http://stomvqavgw1:5898/axis/services/asrport?wsdl"><con:part><con:url>http://stomvqavgw1:5898/axis/services/asrport?wsdl</con:url><con:content><![CDATA[<wsdl:definitions targetNamespace="java:asr.webservice.neustar.biz" xmlns:apachesoap="http://xml.apache.org/xml-soap" xmlns:impl="java:asr.webservice.neustar.biz" xmlns:intf="java:asr.webservice.neustar.biz" xmlns:wsdl="http://schemas.xmlsoap.org/wsdl/" xmlns:wsdlsoap="http://schemas.xmlsoap.org/wsdl/soap/" xmlns:xsd="http://www.w3.org/2001/XMLSchema">
  <!--WSDL created by Apache Axis version: 1.4
Built on Apr 22, 2006 (06:55:48 PDT)-->
  <wsdl:message name="processSyncRequestRequest">
    <wsdl:part name="string" type="xsd:string"/>
  </wsdl:message>
  <wsdl:message name="processAsyncRequestRequest">
    <wsdl:part name="string" type="xsd:string"/>
  </wsdl:message>
  <wsdl:message name="processSyncRequestResponse">
    <wsdl:part name="response" type="xsd:string"/>
  </wsdl:message>
  <wsdl:message name="processAsyncRequestResponse">
    <wsdl:part name="response" type="xsd:string"/>
  </wsdl:message>
  <wsdl:portType name="asrport">
    <wsdl:operation name="processAsyncRequest" parameterOrder="string">
      <wsdl:input message="impl:processAsyncRequestRequest" name="processAsyncRequestRequest"/>
      <wsdl:output message="impl:processAsyncRequestResponse" name="processAsyncRequestResponse"/>
    </wsdl:operation>
    <wsdl:operation name="processSyncRequest" parameterOrder="string">
      <wsdl:input message="impl:processSyncRequestRequest" name="processSyncRequestRequest"/>
      <wsdl:output message="impl:processSyncRequestResponse" name="processSyncRequestResponse"/>
    </wsdl:operation>
  </wsdl:portType>
  <wsdl:binding name="asrportSoapBinding" type="impl:asrport">
    <wsdlsoap:binding style="rpc" transport="http://schemas.xmlsoap.org/soap/http"/>
    <wsdl:operation name="processAsyncRequest">
      <wsdlsoap:operation soapAction=""/>
      <wsdl:input name="processAsyncRequestRequest">
        <wsdlsoap:body namespace="java:asr.webservice.neustar.biz" use="literal"/>
      </wsdl:input>
      <wsdl:output name="processAsyncRequestResponse">
        <wsdlsoap:body namespace="java:asr.webservice.neustar.biz" use="literal"/>
      </wsdl:output>
    </wsdl:operation>
    <wsdl:operation name="processSyncRequest">
      <wsdlsoap:operation soapAction=""/>
      <wsdl:input name="processSyncRequestRequest">
        <wsdlsoap:body namespace="java:asr.webservice.neustar.biz" use="literal"/>
      </wsdl:input>
      <wsdl:output name="processSyncRequestResponse">
        <wsdlsoap:body namespace="java:asr.webservice.neustar.biz" use="literal"/>
      </wsdl:output>
    </wsdl:operation>
  </wsdl:binding>
  <wsdl:service name="asrservice">
    <wsdl:port binding="impl:asrportSoapBinding" name="asrport">
      <wsdlsoap:address location="http://stomvqavgw1:5898/axis/services/asrport"/>
    </wsdl:port>
  </wsdl:service>
</wsdl:definitions>]]></con:content><con:type>http://schemas.xmlsoap.org/wsdl/</con:type></con:part></con:definitionCache><con:endpoints><con:endpoint>http://stomvqachapi.va.neustar.com/axis/services/SOAPRequestHandler</con:endpoint><con:endpoint>http://stomvqavgw1:5898/axis/services/asrport</con:endpoint></con:endpoints><con:operation id="e0d5c1fe-c75e-464d-b11d-67089e694752" isOneWay="false" action="" name="processAsyncRequest" bindingOperationName="processAsyncRequest" type="Request-Response" outputName="processAsyncRequestResponse" inputName="processAsyncRequestRequest" receivesAttachments="false" sendsAttachments="false" anonymous="optional"><con:settings/><con:call id="4b2359b0-532e-4ea3-a23f-bff63f41c3fa" name="Request 1"><con:settings/><con:encoding>UTF-8</con:encoding><con:endpoint>http://stomvqavgw1:5898/axis/services/asrport</con:endpoint><con:request><![CDATA[<soapenv:Envelope xmlns:soapenv="http://schemas.xmlsoap.org/soap/envelope/" xmlns:java="java:asr.webservice.neustar.biz">\r
   <soapenv:Header/>\r
   <soapenv:Body>\r
      <java:processAsyncRequest>\r
         <string>?</string>\r
      </java:processAsyncRequest>\r
   </soapenv:Body>\r
</soapenv:Envelope>]]></con:request><con:wsaConfig mustUnderstand="NONE" version="200508" action="java:asr.webservice.neustar.biz/asrport/processAsyncRequestRequest"/></con:call></con:operation><con:operation id="7f03fac8-7d3c-4f78-80c3-5d872d22c676" isOneWay="false" action="" name="processSyncRequest" bindingOperationName="processSyncRequest" type="Request-Response" outputName="processSyncRequestResponse" inputName="processSyncRequestRequest" receivesAttachments="false" sendsAttachments="false" anonymous="optional"><con:settings/><con:call id="b2e4ebe9-efb9-49cb-a6ae-4d37bb1a0aea" name="Request 1"><con:settings/><con:encoding>UTF-8</con:encoding><con:endpoint>http://stomvqavgw1:5898/axis/services/asrport</con:endpoint><con:request><![CDATA[<soapenv:Envelope xmlns:soapenv="http://schemas.xmlsoap.org/soap/envelope/" xmlns:java="java:asr.webservice.neustar.biz">\r
   <soapenv:Header/>\r
   <soapenv:Body>\r
      <java:processSyncRequest>\r
         <string>?</string>\r
      </java:processSyncRequest>\r
   </soapenv:Body>\r
</soapenv:Envelope>]]></con:request><con:wsaConfig mustUnderstand="NONE" version="200508" action="java:asr.webservice.neustar.biz/asrport/processSyncRequestRequest"/></con:call></con:operation></con:interface><con:testSuite id="670efe67-86bb-4306-95e9-88543c766bf1" name="asrportSoapBinding TestSuite"><con:settings/><con:runType>SEQUENTIAL</con:runType><con:testCase id="b84d361f-2263-42e5-a0b9-8caca3dfbdba" failOnError="true" failTestCaseOnErrors="true" keepSession="false" maxResults="0" name="processAsyncRequest TestCase" searchProperties="true"><con:settings/><con:testStep type="request" id="842b2a1d-d216-483b-b763-91ee345c0f45" name="STRQA_ASRUOM1_WSLEC_PROD"><con:settings/><con:config xsi:type="con:RequestStep" xmlns:xsi="http://www.w3.org/2001/XMLSchema-instance"><con:interface>asrportSoapBinding</con:interface><con:operation>processAsyncRequest</con:operation><con:request name="STRQA_ASRUOM1_WSLEC_PROD" id="2fff4b2f-9a91-4578-b6d2-00c101341906"><con:settings><con:setting id="com.eviware.soapui.impl.wsdl.WsdlRequest@request-headers">&lt;xml-fragment/></con:setting></con:settings><con:encoding>UTF-8</con:encoding><con:endpoint>http://stomvqavgw1:5898/axis/services/asrport</con:endpoint><con:request><![CDATA[<?xml version="1.0" encoding="UTF-8"?>
<soapenv:Envelope xmlns:soapenv="http://schemas.xmlsoap.org/soap/envelope/" xmlns:xsd="http://www.w3.org/2001/XMLSchema" xmlns:xsi="http://www.w3.org/2001/XMLSchema-instance">
<soapenv:Header>
<tMLHeader xmlns="http://tml.t1m1.org/tML.Transport.xsd">
<ApplicationType>ASRORDER</ApplicationType>
<From>SHA_WIND</From>
<To>WSLEC_PROD</To>
</tMLHeader>
 <wsse:Security soapenv:actor="" soapenv:mustUnderstand="0" xmlns:wsse="http://schemas.xmlsoap.org/ws/2002/04/secext">
            <wsse:UsernameToken>
                <wsse:Username>example</wsse:Username>
                <wsse:Password>example</wsse:Password>
            </wsse:UsernameToken>
        </wsse:Security>
</soapenv:Header>
<soapenv:Body>
<processAsyncRequest xmlns="java:asr.webservice.neustar.biz">
<in1 xsi:type="xsd:string"><![CDATA[
<ASR_SERVICE_REQUEST xmlns="http://www.atis.org/OBF/ASR/UOM-ASR" xmlns:xsi="http://www.w3.org/2001/XMLSchema-instance">
  <HDR>
    <MESSAGE_ID>1484691169596</MESSAGE_ID>
    <CCNA>WND</CCNA>
    <MSG_TIMESTAMP>2017-01-17T18:12:49</MSG_TIMESTAMP>
    <ICSC>IT00</ICSC>
    <ASOG_VER>53</ASOG_VER>
  </HDR>
  <MESSAGETRUNK_SVC>
    <ASR>
      <ADMIN>
        <CCNA>WND</CCNA>
        <PON>WEM17017000TEST1</PON>
        <VER>AA</VER>
        <SPA>A</SPA>
        <ICSC>NW01</ICSC>
        <D_SENT>20170117</D_SENT>
        <T_SENT>0511PM</T_SENT>
        <DDD>20170207</DDD>
        <REQTYP>MD</REQTYP>
        <ACT>D</ACT>
        <ACTI>D</ACTI>
        <LATA>632</LATA>
        <RTR>F</RTR>
        <CKR>/PH54ED      A/CHRTIAXCDS0/77/DESMIADT10T</CKR>
        <UNIT>C</UNIT>
        <LTP>EF</LTP>
        <ECCKT>/PH5-EDG1/CHRTIAXCDS0/77/DESMIADTAMD</ECCKT>
        <QTY>0000024</QTY>
        <BAN>E</BAN>
        <TSC>AL141646</TSC>
        <ACTL>DESMIADTAMD</ACTL>
        <ASC_EC>NW01</ASC_EC>
        <ASR_REMARKS>DISC 1 T1.</ASR_REMARKS>
      </ADMIN>
      <BILLING>
        <BILLNM>AT&amp;T</BILLNM>
        <SBILLNM>CONNECTIVITY BILLING MGT</SBILLNM>
        <ACNA>ATX</ACNA>
        <BILL_STR>300 NORTH POINT PARKWAY</BILL_STR>
        <BILL_CITY>ALPHARETTA</BILL_CITY>
        <BILL_STATE>GA</BILL_STATE>
        <BILL_ZIP>30005</BILL_ZIP>
        <BILLCON>ACCESS BILL MGR</BILLCON>
        <BILLCON_TEL>6312646392</BILLCON_TEL>
        <BILLCON_EMAIL>SG8963@ATT.COM</BILLCON_EMAIL>
      </BILLING>
      <CONTACT>
        <INIT>CRISTY WALTERS</INIT>
        <INITIATOR_TEL>3032946185</INITIATOR_TEL>
        <INIT_FAX_NO>3032995773</INIT_FAX_NO>
        <INIT_EMAIL>CW2813@ATT.COM</INIT_EMAIL>
        <MTCE_CONTACT>NSC MTCE</MTCE_CONTACT>
        <MTCE_TEL>8665960129</MTCE_TEL>
        <IMPCON>ATT TECHNICIAN</IMPCON>
        <IMPCON_TEL>3033917303</IMPCON_TEL>
      </CONTACT>
    </ASR>
    <TRUNKING>
      <TRUNK_SVC_DETAILS>
        <NC>SDSA</NC>
        <NCI>04DS6.44</NCI>
        <CIC>0288</CIC>
        <TCIC>0002500048</TCIC>
        <RECCKT>112/T1/01-24/CHRTIAXCDS0/DESMIADTWI1</RECCKT>
        <CFA>112  /T1    /01-24/CHRTIAXCDS0/DESMIADTWI1</CFA>
        <SECLOC>CHRTIAXCDS0</SECLOC>
        <CSPC>215006012</CSPC>
        <HBAN>E</HBAN>
        <CKR1>PH54ED      ACHRTIAXCDS077DESMIADT10T</CKR1>
        <FIMPTEL>3032946185</FIMPTEL>
        <REMARKS>BPP</REMARKS>
      </TRUNK_SVC_DETAILS>
    </TRUNKING>
    <MULTI_EC>
      <ASC_EC_DETAILS>
        <ICSC>NW01</ICSC>
        <BAN>E</BAN>
        <HBAN>E</HBAN>
      </ASC_EC_DETAILS>
      <OTHER_EC_DETAILS>
        <ICSC>IT00</ICSC>
        <BAN>515 R94 7301</BAN>
      </OTHER_EC_DETAILS>
    </MULTI_EC>
  </MESSAGETRUNK_SVC>
</ASR_SERVICE_REQUEST>

]]]]>><![CDATA[</in1>
</processAsyncRequest>
</soapenv:Body>
</soapenv:Envelope>]]></con:request><con:credentials><con:authType>No Authorization</con:authType></con:credentials><con:jmsConfig JMSDeliveryMode="PERSISTENT"/><con:jmsPropertyConfig/><con:wsaConfig action="java:asr.webservice.neustar.biz/asrport/processAsyncRequestRequest" mustUnderstand="NONE" version="200508"/><con:wsrmConfig version="1.2"/></con:request></con:config></con:testStep><con:testStep type="request" id="cf1aacc2-720c-4f18-b137-395530c2899e" name="Ack_HAWAIITEL"><con:settings/><con:config xsi:type="con:RequestStep" xmlns:xsi="http://www.w3.org/2001/XMLSchema-instance"><con:interface>asrportSoapBinding</con:interface><con:operation>processAsyncRequest</con:operation><con:request name="Ack_HAWAIITEL" id="2fff4b2f-9a91-4578-b6d2-00c101341906"><con:settings><con:setting id="com.eviware.soapui.impl.wsdl.WsdlRequest@request-headers">&lt;xml-fragment/></con:setting></con:settings><con:encoding>UTF-8</con:encoding><con:endpoint>http://stomvqachapi.va.neustar.com/axis/services/SOAPRequestHandler</con:endpoint><con:request><![CDATA[<soapenv:Envelope xmlns:xsi="http://www.w3.org/2001/XMLSchema-instance" xmlns:xsd="http://www.w3.org/2001/XMLSchema" xmlns:soapenv="http://schemas.xmlsoap.org/soap/envelope/" xmlns:ns="http://www.neustar.biz/clearinghouse/SOAPRequestHandler/1.0">
   <soapenv:Header/>
   <soapenv:Body>
      <ns:processAsync soapenv:encodingStyle="http://schemas.xmlsoap.org/soap/encoding/">
         <in0 xsi:type="xsd:string"><![CDATA[<header>
<Request value="asr_order_response"/>
<Subrequest value="SES"/>
<CustomerIdentifier value="WSLEC_PROD"/>
<InterfaceVersion value="ASOG"/>
<Supplier value="WSLEC_PROD"/>
<UserIdentifier value="example"/>
<UserPassword value="example"/>
<ApplyBusinessRules value="N"/>
<Action value="submit"/>
</header>]]]]>><![CDATA[</in0>
         <in1 xsi:type="xsd:string"><![CDATA[
        <asr_order_response>
<nack>
<ACK_Form>
<ack_adminsection>
<CCNA value="WND"/>
<PON value="WEM17017000TEST"/>
<VER value="AA"/>
<ICSC value="HW10"/>
<REQTYP value="MD"/>
<ERROR value="Order Rejected because of  ASOG Validation Errors."/>
</ack_adminsection>
</ACK_Form>
<ACK_Form>
<ack_adminsection>
<CCNA value="WND"/>
<PON value="WEM17017000TEST"/>
<VER value="AA"/>
<ICSC value="HW10"/>
<REQTYP value="MD"/>
<FID value="CFA"/>
<ERROR value="When Trading Partner is QWEST, ALT, Cinbell, CenturyLink, XO, TW Telecom, ATT(W), ATT(MW), ATT(SW) or Fairpoint Communications; TRANSPORT CFA valid format when populated is:  Element 1 - 1 - 5 alpha numeric , or NEW  Element 2 - 1 - 6 alpha numeric  Element 3 - 0 - 5 alpha numeric , or blank Element 4 - 8, or 11 alpha numeric Element 5 - 8, or 11 alpha numeric  Hyphens and virgules are the only special characters allowed.  Virgules are only allowed as delimiters and are used to separate all elements"/>
<PRAC_ID value="TRUNKING_Form"/>
</ack_adminsection>
</ACK_Form>
</nack>
<RESPONSE_TYPE value="Negative Ack"/>
</asr_order_response>
]]]]>><![CDATA[</in1>
      </ns:processAsync>
   </soapenv:Body>
</soapenv:Envelope>]]></con:request><con:credentials><con:authType>No Authorization</con:authType></con:credentials><con:jmsConfig JMSDeliveryMode="PERSISTENT"/><con:jmsPropertyConfig/><con:wsaConfig action="java:asr.webservice.neustar.biz/asrport/processAsyncRequestRequest" mustUnderstand="NONE" version="200508"/><con:wsrmConfig version="1.2"/></con:request></con:config></con:testStep><con:testStep type="request" id="fbc15bbd-fef0-42a5-a61f-5838723d7cbf" name="Confirmation_HAWAIITEL"><con:settings/><con:config xsi:type="con:RequestStep" xmlns:xsi="http://www.w3.org/2001/XMLSchema-instance"><con:interface>asrportSoapBinding</con:interface><con:operation>processAsyncRequest</con:operation><con:request name="Confirmation_HAWAIITEL" id="2fff4b2f-9a91-4578-b6d2-00c101341906"><con:settings><con:setting id="com.eviware.soapui.impl.wsdl.WsdlRequest@request-headers">&lt;xml-fragment/></con:setting></con:settings><con:encoding>UTF-8</con:encoding><con:endpoint>http://stomvqachapi.va.neustar.com/axis/services/SOAPRequestHandler</con:endpoint><con:request><![CDATA[<soapenv:Envelope xmlns:xsi="http://www.w3.org/2001/XMLSchema-instance" xmlns:xsd="http://www.w3.org/2001/XMLSchema" xmlns:soapenv="http://schemas.xmlsoap.org/soap/envelope/" xmlns:ns="http://www.neustar.biz/clearinghouse/SOAPRequestHandler/1.0">
   <soapenv:Header/>
   <soapenv:Body>
      <ns:processAsync soapenv:encodingStyle="http://schemas.xmlsoap.org/soap/encoding/">
         <in0 xsi:type="xsd:string"><![CDATA[<header>
<Request value="asr_order_response"/>
<Subrequest value="Transport"/>
<CustomerIdentifier value="HAWAIITEL"/>
<InterfaceVersion value="ASOG"/>
<Supplier value="HAWAIITEL"/>
<UserIdentifier value="example"/>
<UserPassword value="example"/>
<ApplyBusinessRules value="N"/>
<Action value="submit"/>
</header>]]]]>><![CDATA[</in0>
         <in1 xsi:type="xsd:string"><![CDATA[
  <asr_order_response>
   <confirmation>
     <CN_Form>
     <cn_adminsection>
        <CCNA value="HTW" />
        <PON value="XAVTESTUOM6542" />
        <VER value="00" />
        <ASR_NO value="0323220001" />
        <RT value="F" />
        <INIT value="LindaRice" />
        <ICSC value="HW10" />
        <CDTSENT value="11-22-2005-0955AM" />
        <AP_REP value="SUSER" />
        <AP_REP_TELNO value="800-555-1212" />
        <APP value="11-22-2005" />
        <PTD value="11-23-2005" />
        <BAN value="E" />
        <SWC value="NRCRGAMA84A" />
        <EC_VER value="02" />
      </cn_adminsection>
      <servicesectioncontainer type="container">
        <servicesection>
          <ECCKT value="40/HCFS/698793//SB/" />
          <REFNUM value="0001" />
          <CKR value="101/T1/ORLDFLSHDS0/WNHNFLBUCM1" />
          <ORD value="COASRTS1" />
          <SSWC value="NRCRGATLCM1" />
        </servicesection>
      </servicesectioncontainer>
    </CN_Form>
  </confirmation>
  <RESPONSE_TYPE value="Confirmation - F" />
</asr_order_response>]]]]>><![CDATA[</in1>
      </ns:processAsync>
   </soapenv:Body>
</soapenv:Envelope>]]></con:request><con:credentials><con:authType>No Authorization</con:authType></con:credentials><con:jmsConfig JMSDeliveryMode="PERSISTENT"/><con:jmsPropertyConfig/><con:wsaConfig action="java:asr.webservice.neustar.biz/asrport/processAsyncRequestRequest" mustUnderstand="NONE" version="200508"/><con:wsrmConfig version="1.2"/></con:request></con:config></con:testStep><con:testStep type="request" id="cb7204a2-ed23-4aee-ba74-a2826a3a584d" name="Cancel_STRQA_ASRUOM1_HAWAIITEL"><con:settings/><con:config xsi:type="con:RequestStep" xmlns:xsi="http://www.w3.org/2001/XMLSchema-instance"><con:interface>asrportSoapBinding</con:interface><con:operation>processAsyncRequest</con:operation><con:request name="Cancel_STRQA_ASRUOM1_HAWAIITEL" id="2fff4b2f-9a91-4578-b6d2-00c101341906"><con:settings><con:setting id="com.eviware.soapui.impl.wsdl.WsdlRequest@request-headers">&lt;xml-fragment/></con:setting></con:settings><con:encoding>UTF-8</con:encoding><con:endpoint>http://stomvqavgw1:5898/axis/services/asrport</con:endpoint><con:request><![CDATA[<?xml version="1.0" encoding="UTF-8"?>
<soapenv:Envelope xmlns:soapenv="http://schemas.xmlsoap.org/soap/envelope/" xmlns:xsd="http://www.w3.org/2001/XMLSchema" xmlns:xsi="http://www.w3.org/2001/XMLSchema-instance">
<soapenv:Header>
<tMLHeader xmlns="http://tml.t1m1.org/tML.Transport.xsd">
<ApplicationType>ASRORDER</ApplicationType>
<From>HT_TWC</From>
<To>HAWAIITEL</To>
</tMLHeader>
 <wsse:Security soapenv:actor="" soapenv:mustUnderstand="0" xmlns:wsse="http://schemas.xmlsoap.org/ws/2002/04/secext">
            <wsse:UsernameToken>
                <wsse:Username>example</wsse:Username>
                <wsse:Password>example</wsse:Password>
            </wsse:UsernameToken>
        </wsse:Security>
</soapenv:Header>
<soapenv:Body>
<processAsyncRequest xmlns="java:asr.webservice.neustar.biz">
<in1 xsi:type="xsd:string"><![CDATA[
<ASR_SERVICE_REQUEST xmlns="http://www.atis.org/OBF/ASR/UOM-ASR">
<HDR>
<MESSAGE_ID>G0206945ALY0000105AT01983</MESSAGE_ID>
<CCNA>HTW</CCNA>
<MSG_TIMESTAMP>2017-01-11T15:45:46</MSG_TIMESTAMP>
<ICSC>AT01</ICSC>
<ASOG_VER>53</ASOG_VER>
</HDR>
<CANCEL_SVC>
<ADMIN>
<CCNA>HTW</CCNA>
<PON>XAVUOMQA11234</PON>
<VER>00</VER>
<ICSC>HW10</ICSC>
<D_SENT>20170130</D_SENT>
<T_SENT>0625PM</T_SENT>
<DDD>20170131</DDD>
<PROJECT>MPAEVC</PROJECT>
<CNO>146339773927</CNO>
<REQTYP>SD</REQTYP>
<ACT>C</ACT>
<EVCI>A</EVCI>
<RTR>F</RTR>
<SUP>1</SUP>
<PIU>100</PIU>
<QTY>0000001</QTY>
<BAN>110 742-5013</BAN>
<ASC_EC>HW10</ASC_EC>
<ASR_REMARKS>HOTCUT GROOM TO NEW CFA. NO CHANGE TO LINE FRAME CODE. REUSE LOCAL LOOP PON: IQBLCB26HC9TMB01 UPDATE CIRCUIT FROM NP0CZKF20001 TO BCBK90Y60001 CMPLT 7/18/16 ORD: R18171797</ASR_REMARKS>
</ADMIN>
</CANCEL_SVC>
</ASR_SERVICE_REQUEST>

]]]]>><![CDATA[</in1>
</processAsyncRequest>
</soapenv:Body>
</soapenv:Envelope>]]></con:request><con:credentials><con:authType>No Authorization</con:authType></con:credentials><con:jmsConfig JMSDeliveryMode="PERSISTENT"/><con:jmsPropertyConfig/><con:wsaConfig action="java:asr.webservice.neustar.biz/asrport/processAsyncRequestRequest" mustUnderstand="NONE" version="200508"/><con:wsrmConfig version="1.2"/></con:request></con:config></con:testStep><con:testStep type="request" id="7df06ecb-8502-48a6-96c9-73f8d7358a2e" name="STRQA_ASRUOM1_WIND"><con:settings/><con:config xsi:type="con:RequestStep" xmlns:xsi="http://www.w3.org/2001/XMLSchema-instance"><con:interface>asrportSoapBinding</con:interface><con:operation>processAsyncRequest</con:operation><con:request name="STRQA_ASRUOM1_WIND" id="2fff4b2f-9a91-4578-b6d2-00c101341906"><con:settings><con:setting id="com.eviware.soapui.impl.wsdl.WsdlRequest@request-headers">&lt;xml-fragment/></con:setting></con:settings><con:encoding>UTF-8</con:encoding><con:endpoint>http://stomvqavgw1:5898/axis/services/asrport</con:endpoint><con:request><![CDATA[<?xml version="1.0" encoding="UTF-8"?>
<soapenv:Envelope xmlns:soapenv="http://schemas.xmlsoap.org/soap/envelope/" xmlns:xsd="http://www.w3.org/2001/XMLSchema" xmlns:xsi="http://www.w3.org/2001/XMLSchema-instance">
<soapenv:Header>
<tMLHeader xmlns="http://tml.t1m1.org/tML.Transport.xsd">
<ApplicationType>ASRORDER</ApplicationType>
<From>HT_TWC</From>
<To>HAWAIITEL</To>
</tMLHeader>
 <wsse:Security soapenv:actor="" soapenv:mustUnderstand="0" xmlns:wsse="http://schemas.xmlsoap.org/ws/2002/04/secext">
            <wsse:UsernameToken>
                <wsse:Username>example</wsse:Username>
                <wsse:Password>example</wsse:Password>
            </wsse:UsernameToken>
        </wsse:Security>
</soapenv:Header>
<soapenv:Body>
<processAsyncRequest xmlns="java:asr.webservice.neustar.biz">
<in1 xsi:type="xsd:string"><![CDATA[
<ASR_SERVICE_REQUEST xmlns="http://www.atis.org/OBF/ASR/UOM-ASR" xmlns:xsi="http://www.w3.org/2001/XMLSchema-instance">
  <HDR>
    <MESSAGE_ID>1480512639815</MESSAGE_ID>
    <CCNA>HTW</CCNA>    <MSG_TIMESTAMP>2016-11-30T09:30:39</MSG_TIMESTAMP>
    <ICSC>II01</ICSC>
    <ASOG_VER>53</ASOG_VER>
  </HDR>
  <SWITCHED_ETHERNET_SVC>
    <ASR>
      <ADMIN>
        <CCNA>HTW</CCNA>
        <PON>XAVUOMDET632</PON>
        <VER>00</VER>
        <ICSC>HW10</ICSC>
        <D_SENT>20170130</D_SENT>
        <T_SENT>0516PM</T_SENT>
        <DDD>20170130</DDD>
        <REQTYP>SD</REQTYP>
        <ACT>N</ACT>
        <LATA>834</LATA>
        <SEI>Y</SEI>
        <RTR>S</RTR>
        <EXP>Y</EXP>
        <CKR>/IZEC/576257/   /ATI /</CKR>
        <UNIT>C</UNIT>
        <PIU>100</PIU>
        <QTY>0000001</QTY>
        <BAN>N</BAN>
        <ACTL>BOHENYJNW01</ACTL>
        <APOT>BOHENYJNW01</APOT>
        <ASC_EC>HW10</ASC_EC>
        <ASR_REMARKS>6183-8332-ESA1                                                1GIGE ESP - (CVLP) CABLEVISION LIGHTPATH  - ATX 13595 - BOHENYPLEASE IGNORE THIS IS A TEST PON FOR NEUSTAR</ASR_REMARKS>
      </ADMIN>
      <BILLING>
        <BILLNM>AT&amp;T</BILLNM>
        <SBILLNM>CONNECTIVITY BILLING MGT</SBILLNM>
        <ACNA>ATX</ACNA>
        <TE>N</TE>
        <FUSF>E</FUSF>
        <BILL_STR>300 NORTH POINT PARKWAY</BILL_STR>
        <BILL_CITY>ALPHARETTA</BILL_CITY>
        <BILL_STATE>GA</BILL_STATE>
        <BILL_ZIP>30005</BILL_ZIP>
        <BILLCON>ACCESS BILL MGR</BILLCON>
        <BILLCON_TEL>6312646392</BILLCON_TEL>
        <VTA>60</VTA>
      </BILLING>
      <CONTACT>
        <INIT>RONALD MORRIS</INIT>
        <INITIATOR_TEL>4044869014</INITIATOR_TEL>
        <DSGCON>RONALD MORRIS</DSGCON>
        <DSGCON_TEL>4044869014</DSGCON_TEL>
        <DSG_FAX_NO>4048126923</DSG_FAX_NO>
        <DSGCON_STR>24300 RIVERWOOD DR</DSGCON_STR>
        <DRC>ATT</DRC>
        <DSGCON_FL>1</DSGCON_FL>
        <DSGCON_CITY>WAUKESHA</DSGCON_CITY>
        <DSGCON_STATE>WI</DSGCON_STATE>
        <DSGCON_ZIP>53188</DSGCON_ZIP>
        <MTCE_CONTACT>APC</MTCE_CONTACT>
        <MTCE_TEL>2886786822</MTCE_TEL>
        <IMPCON>NACOE</IMPCON>
        <IMPCON_TEL>2626500000</IMPCON_TEL>
      </CONTACT>
    </ASR>
    <SES>
      <SES_SVC_DETAILS>
        <NC>KFE-</NC>
        <NCI>02LNF.A02.--</NCI>
        <SECNCI>02CXF.1GE.--</SECNCI>
      </SES_SVC_DETAILS>
    </SES>
     <MULTI_EC>
      <ASC_EC_DETAILS>
        <ICSC>AA01</ICSC>
        <BAN>N</BAN>
      </ASC_EC_DETAILS>
      <PROMOTIONAL_CONTRACT>
        <ICSC>HW10</ICSC>
        <OEC_PNUM>FB1B00039</OEC_PNUM>
      </PROMOTIONAL_CONTRACT>
      <OTHER_EC_DETAILS>
        <ICSC>II01</ICSC>
        <OEC_ACT>K</OEC_ACT>
      </OTHER_EC_DETAILS>
    </MULTI_EC>
     </SWITCHED_ETHERNET_SVC>
</ASR_SERVICE_REQUEST>

]]]]>><![CDATA[</in1>
</processAsyncRequest>
</soapenv:Body>
</soapenv:Envelope>]]></con:request><con:credentials><con:authType>No Authorization</con:authType></con:credentials><con:jmsConfig JMSDeliveryMode="PERSISTENT"/><con:jmsPropertyConfig/><con:wsaConfig action="java:asr.webservice.neustar.biz/asrport/processAsyncRequestRequest" mustUnderstand="NONE" version="200508"/><con:wsrmConfig version="1.2"/></con:request></con:config></con:testStep><con:testStep type="request" id="20a2f076-c985-4eae-831f-99fca4bae263" name="Ack_HAWAIITEL_WIND"><con:settings/><con:config xsi:type="con:RequestStep" xmlns:xsi="http://www.w3.org/2001/XMLSchema-instance"><con:interface>asrportSoapBinding</con:interface><con:operation>processAsyncRequest</con:operation><con:request name="Ack_HAWAIITEL_WIND" id="2fff4b2f-9a91-4578-b6d2-00c101341906"><con:settings><con:setting id="com.eviware.soapui.impl.wsdl.WsdlRequest@request-headers">&lt;xml-fragment/></con:setting></con:settings><con:encoding>UTF-8</con:encoding><con:endpoint>http://stomvqachapi.va.neustar.com/axis/services/SOAPRequestHandler</con:endpoint><con:request><![CDATA[<soapenv:Envelope xmlns:xsi="http://www.w3.org/2001/XMLSchema-instance" xmlns:xsd="http://www.w3.org/2001/XMLSchema" xmlns:soapenv="http://schemas.xmlsoap.org/soap/envelope/" xmlns:ns="http://www.neustar.biz/clearinghouse/SOAPRequestHandler/1.0">
   <soapenv:Header/>
   <soapenv:Body>
      <ns:processAsync soapenv:encodingStyle="http://schemas.xmlsoap.org/soap/encoding/">
         <in0 xsi:type="xsd:string"><![CDATA[<header>
<Request value="asr_order_response"/>
<Subrequest value="SES"/>
<CustomerIdentifier value="WSLEC_PROD"/>
<InterfaceVersion value="ASOG"/>
<Supplier value="WSLEC_PROD"/>
<UserIdentifier value="example"/>
<UserPassword value="example"/>
<ApplyBusinessRules value="N"/>
<Action value="submit"/>
</header>]]]]>><![CDATA[</in0>
         <in1 xsi:type="xsd:string"><![CDATA[<asr_order_response>
<ack>
<ACK_Form>
<ack_adminsection>
<CCNA value="WND"/>
<ICSC value="AA01"/>
<PON value="WEM17TEST123VV"/>
<VER value="AA"/>
<ASR_NO value="1332950096"/>
<REQTYP value="SD"/>
</ack_adminsection>
</ACK_Form>
</ack>
<RESPONSE_TYPE value="Ack"/>
</asr_order_response>]]]]>><![CDATA[</in1>
      </ns:processAsync>
   </soapenv:Body>
</soapenv:Envelope>]]></con:request><con:credentials><con:authType>No Authorization</con:authType></con:credentials><con:jmsConfig JMSDeliveryMode="PERSISTENT"/><con:jmsPropertyConfig/><con:wsaConfig action="java:asr.webservice.neustar.biz/asrport/processAsyncRequestRequest" mustUnderstand="NONE" version="200508"/><con:wsrmConfig version="1.2"/></con:request></con:config></con:testStep><con:testStep type="request" id="fabc907d-442e-4049-9cec-289183fbf584" name="Confirmation_WIND"><con:settings/><con:config xsi:type="con:RequestStep" xmlns:xsi="http://www.w3.org/2001/XMLSchema-instance"><con:interface>asrportSoapBinding</con:interface><con:operation>processAsyncRequest</con:operation><con:request name="Confirmation_WIND" id="2fff4b2f-9a91-4578-b6d2-00c101341906"><con:settings><con:setting id="com.eviware.soapui.impl.wsdl.WsdlRequest@request-headers">&lt;xml-fragment/></con:setting></con:settings><con:encoding>UTF-8</con:encoding><con:endpoint>http://stomvqachapi.va.neustar.com/axis/services/SOAPRequestHandler</con:endpoint><con:request><![CDATA[<soapenv:Envelope xmlns:xsi="http://www.w3.org/2001/XMLSchema-instance" xmlns:xsd="http://www.w3.org/2001/XMLSchema" xmlns:soapenv="http://schemas.xmlsoap.org/soap/envelope/" xmlns:ns="http://www.neustar.biz/clearinghouse/SOAPRequestHandler/1.0">
   <soapenv:Header/>
   <soapenv:Body>
      <ns:processAsync soapenv:encodingStyle="http://schemas.xmlsoap.org/soap/encoding/">
         <in0 xsi:type="xsd:string"><![CDATA[<header>
<Request value="asr_order_response"/>
<Subrequest value="Transport"/>
<CustomerIdentifier value="WSLEC_PROD"/>
<InterfaceVersion value="ASOG"/>
<Supplier value="WSLEC_PROD"/>
<UserIdentifier value="example"/>
<UserPassword value="example"/>
<ApplyBusinessRules value="Y"/>
<Action value="submit"/>
</header>]]]]>><![CDATA[</in0>
         <in1 xsi:type="xsd:string"><![CDATA[
  <asr_order_response>
   <confirmation>
     <CN_Form>
     <cn_adminsection>
        <CCNA value="WND" />
        <PON value="WEM17TEST123VV" />
        <VER value="AA" />
        <ASR_NO value="0323220001" />
        <RT value="F" />
        <INIT value="LindaRice" />
        <ICSC value="AA01" />
        <CDTSENT value="11-22-2005-0955AM" />
        <AP_REP value="SUSER" />
        <AP_REP_TELNO value="800-555-1212" />
        <APP value="11-22-2005" />
        <PTD value="11-23-2005" />
        <BAN value="E" />
        <SWC value="NRCRGAMA84A" />
        <EC_VER value="02" />
      </cn_adminsection>
      <servicesectioncontainer type="container">
        <servicesection>
          <ECCKT value="40/HCFS/698793//SB/" />
          <REFNUM value="0001" />
          <CKR value="101/T1/ORLDFLSHDS0/WNHNFLBUCM1" />
          <ORD value="COASRTS1" />
          <SSWC value="NRCRGATLCM1" />
        </servicesection>
      </servicesectioncontainer>
    </CN_Form>
  </confirmation>
  <RESPONSE_TYPE value="Confirmation - F" />
</asr_order_response>]]]]>><![CDATA[</in1>
      </ns:processAsync>
   </soapenv:Body>
</soapenv:Envelope>]]></con:request><con:credentials><con:authType>No Authorization</con:authType></con:credentials><con:jmsConfig JMSDeliveryMode="PERSISTENT"/><con:jmsPropertyConfig/><con:wsaConfig action="java:asr.webservice.neustar.biz/asrport/processAsyncRequestRequest" mustUnderstand="NONE" version="200508"/><con:wsrmConfig version="1.2"/></con:request></con:config></con:testStep><con:testStep type="request" id="da337fdd-d18a-4a43-bf76-62825f23d5e4" name="Cancel_STRQA_ASRUOM1_WIND"><con:settings/><con:config xsi:type="con:RequestStep" xmlns:xsi="http://www.w3.org/2001/XMLSchema-instance"><con:interface>asrportSoapBinding</con:interface><con:operation>processAsyncRequest</con:operation><con:request name="Cancel_STRQA_ASRUOM1_WIND" id="2fff4b2f-9a91-4578-b6d2-00c101341906"><con:settings><con:setting id="com.eviware.soapui.impl.wsdl.WsdlRequest@request-headers">&lt;xml-fragment/></con:setting></con:settings><con:encoding>UTF-8</con:encoding><con:endpoint>http://stomvqavgw1:5898/axis/services/asrport</con:endpoint><con:request><![CDATA[<?xml version="1.0" encoding="UTF-8"?>
<soapenv:Envelope xmlns:soapenv="http://schemas.xmlsoap.org/soap/envelope/" xmlns:xsd="http://www.w3.org/2001/XMLSchema" xmlns:xsi="http://www.w3.org/2001/XMLSchema-instance">
<soapenv:Header>
<tMLHeader xmlns="http://tml.t1m1.org/tML.Transport.xsd">
<ApplicationType>ASRORDER</ApplicationType>
<From>HT_TWC</From>
<To>HAWAIITEL</To>
</tMLHeader>
 <wsse:Security soapenv:actor="" soapenv:mustUnderstand="0" xmlns:wsse="http://schemas.xmlsoap.org/ws/2002/04/secext">
            <wsse:UsernameToken>
                <wsse:Username>example</wsse:Username>
                <wsse:Password>example</wsse:Password>
            </wsse:UsernameToken>
        </wsse:Security>
</soapenv:Header>
<soapenv:Body>
<processAsyncRequest xmlns="java:asr.webservice.neustar.biz">
<in1 xsi:type="xsd:string"><![CDATA[
<ASR_SERVICE_REQUEST xmlns="http://www.atis.org/OBF/ASR/UOM-ASR">
<HDR>
<MESSAGE_ID>G0206945ALY0000105AT01983</MESSAGE_ID>
<CCNA>HTW</CCNA>
<MSG_TIMESTAMP>2017-01-11T15:45:46</MSG_TIMESTAMP>
<ICSC>CI00</ICSC>
<ASOG_VER>53</ASOG_VER>
</HDR>
<CANCEL_SVC>
<ADMIN>
        <CCNA>HTW</CCNA>
        <PON>XAVUOMDET632</PON>
        <VER>00</VER>
        <ICSC>HW10</ICSC>
        <D_SENT>20170130</D_SENT>
        <T_SENT>0516PM</T_SENT>
        <DDD>20170130</DDD>
        <REQTYP>SD</REQTYP>
        <ACT>N</ACT>
        <LATA>834</LATA>
        <SEI>Y</SEI>
        <RTR>S</RTR>
        <SUP>1</SUP>
        <EXP>Y</EXP>
        <CKR>/IZEC/576257/   /ATI /</CKR>
        <UNIT>C</UNIT>
        <PIU>100</PIU>
        <QTY>0000001</QTY>
        <BAN>N</BAN>
        <ACTL>BOHENYJNW01</ACTL>
        <APOT>BOHENYJNW01</APOT>
        <ASC_EC>HW10</ASC_EC>
        <ASR_REMARKS>6183-8332-ESA1                                                1GIGE ESP - (CVLP) CABLEVISION LIGHTPATH  - ATX 13595 - BOHENYPLEASE IGNORE THIS IS A TEST PON FOR NEUSTAR</ASR_REMARKS>
      </ADMIN>
</CANCEL_SVC>
</ASR_SERVICE_REQUEST>

]]]]>><![CDATA[</in1>
</processAsyncRequest>
</soapenv:Body>
</soapenv:Envelope>]]></con:request><con:credentials><con:authType>No Authorization</con:authType></con:credentials><con:jmsConfig JMSDeliveryMode="PERSISTENT"/><con:jmsPropertyConfig/><con:wsaConfig action="java:asr.webservice.neustar.biz/asrport/processAsyncRequestRequest" mustUnderstand="NONE" version="200508"/><con:wsrmConfig version="1.2"/></con:request></con:config></con:testStep><con:testStep type="request" id="039c0292-983a-4a59-8732-2c00b48fcacd" name="CFA ProductionIssue_Atif"><con:settings/><con:config xsi:type="con:RequestStep" xmlns:xsi="http://www.w3.org/2001/XMLSchema-instance"><con:interface>asrportSoapBinding</con:interface><con:operation>processAsyncRequest</con:operation><con:request name="CFA ProductionIssue_Atif" id="2fff4b2f-9a91-4578-b6d2-00c101341906"><con:settings><con:setting id="com.eviware.soapui.impl.wsdl.WsdlRequest@request-headers">&lt;xml-fragment/></con:setting></con:settings><con:encoding>UTF-8</con:encoding><con:endpoint>http://stomvqavgw1:5898/axis/services/asrport</con:endpoint><con:request><![CDATA[<?xml version="1.0" encoding="UTF-8"?>
<soapenv:Envelope xmlns:soapenv="http://schemas.xmlsoap.org/soap/envelope/" xmlns:xsd="http://www.w3.org/2001/XMLSchema" xmlns:xsi="http://www.w3.org/2001/XMLSchema-instance">
<soapenv:Header>
<tMLHeader xmlns="http://tml.t1m1.org/tML.Transport.xsd">
<ApplicationType>ASRORDER</ApplicationType>
<From>SHA_WIND</From>
<To>WSLEC_PROD</To>
</tMLHeader>
 <wsse:Security soapenv:actor="" soapenv:mustUnderstand="0" xmlns:wsse="http://schemas.xmlsoap.org/ws/2002/04/secext">
            <wsse:UsernameToken>
                <wsse:Username>example</wsse:Username>
                <wsse:Password>example</wsse:Password>
            </wsse:UsernameToken>
        </wsse:Security>
</soapenv:Header>
<soapenv:Body>
<processAsyncRequest xmlns="java:asr.webservice.neustar.biz">
<in1 xsi:type="xsd:string"><![CDATA[
<ASR_SERVICE_REQUEST xmlns="http://www.atis.org/OBF/ASR/UOM-ASR" xmlns:xsi="http://www.w3.org/2001/XMLSchema-instance">
  <HDR>
    <MESSAGE_ID>1484691169596</MESSAGE_ID>
    <CCNA>WND</CCNA>
    <MSG_TIMESTAMP>2017-01-17T18:12:49</MSG_TIMESTAMP>
    <ICSC>AA01</ICSC>
    <ASOG_VER>53</ASOG_VER>
  </HDR>
  <MESSAGETRUNK_SVC>
    <ASR>
      <ADMIN>
        <CCNA>WND</CCNA>
        <PON>CHPONPONXAV5556</PON>
        <VER>AA</VER>
        <SPA>A</SPA>
        <ICSC>NW01</ICSC>
        <D_SENT>20170207</D_SENT>
        <T_SENT>0511PM</T_SENT>
        <DDD>20170209</DDD>
        <REQTYP>MD</REQTYP>
        <ACT>D</ACT>
        <ACTI>D</ACTI>
        <LATA>632</LATA>
        <RTR>F</RTR>
        <CKR>/PH54ED      A/CHRTIAXCDS0/77/DESMIADT10T</CKR>
        <UNIT>C</UNIT>
        <LTP>EF</LTP>
        <ECCKT>/PH5-EDG1/CHRTIAXCDS0/77/DESMIADTAMD</ECCKT>
        <QTY>0000024</QTY>
        <BAN>E</BAN>
        <TSC>AL141646</TSC>
        <ACTL>DESMIADTAMD</ACTL>
        <ASC_EC>NW01</ASC_EC>
        <ASR_REMARKS>DISC 1 T1.</ASR_REMARKS>
      </ADMIN>
      <BILLING>
        <BILLNM>AT&amp;T</BILLNM>
        <SBILLNM>CONNECTIVITY BILLING MGT</SBILLNM>
        <ACNA>WND</ACNA>
        <BILL_STR>300 NORTH POINT PARKWAY</BILL_STR>
        <BILL_CITY>ALPHARETTA</BILL_CITY>
        <BILL_STATE>GA</BILL_STATE>
        <BILL_ZIP>30005</BILL_ZIP>
        <BILLCON>ACCESS BILL MGR</BILLCON>
        <BILLCON_TEL>6312646392</BILLCON_TEL>
        <BILLCON_EMAIL>SG8963@ATT.COM</BILLCON_EMAIL>
      </BILLING>
      <CONTACT>
        <INIT>CRISTY WALTERS</INIT>
        <INITIATOR_TEL>3032946185</INITIATOR_TEL>
        <INIT_FAX_NO>3032995773</INIT_FAX_NO>
        <INIT_EMAIL>CW2813@ATT.COM</INIT_EMAIL>
        <MTCE_CONTACT>NSC MTCE</MTCE_CONTACT>
        <MTCE_TEL>8665960129</MTCE_TEL>
        <IMPCON>ATT TECHNICIAN</IMPCON>
        <IMPCON_TEL>3033917303</IMPCON_TEL>
      </CONTACT>
    </ASR>
    <TRUNKING>
      <TRUNK_SVC_DETAILS>
        <NC>SDSA</NC>
        <NCI>04DS6.44</NCI>
        <CIC>0288</CIC>
        <TCIC>0002500048</TCIC>
        <RECCKT>112/T1/01-24/CHRTIAXCDS0/DESMIADTWI1</RECCKT>
        <CFA>112  /T1    /01-24/CHRTIAXCDS0/DESMIADTWI1</CFA>
        <SECLOC>CHRTIAXCDS0</SECLOC>
        <CSPC>215006012</CSPC>
        <HBAN>E</HBAN>
        <CKR1>PH54ED      ACHRTIAXCDS077DESMIADT10T</CKR1>
        <FIMPTEL>3032946185</FIMPTEL>
        <REMARKS>BPP</REMARKS>
      </TRUNK_SVC_DETAILS>
    </TRUNKING>
    <MULTI_EC>
      <ASC_EC_DETAILS>
        <ICSC>NW01</ICSC>
        <BAN>E</BAN>
        <HBAN>E</HBAN>
      </ASC_EC_DETAILS>
      <OTHER_EC_DETAILS>
        <ICSC>AA01</ICSC>
        <BAN>515 R94 7301</BAN>
      </OTHER_EC_DETAILS>
    </MULTI_EC>
  </MESSAGETRUNK_SVC>
</ASR_SERVICE_REQUEST>
]]]]>><![CDATA[</in1>
</processAsyncRequest>
</soapenv:Body>
</soapenv:Envelope>]]></con:request><con:credentials><con:authType>No Authorization</con:authType></con:credentials><con:jmsConfig JMSDeliveryMode="PERSISTENT"/><con:jmsPropertyConfig/><con:wsaConfig action="java:asr.webservice.neustar.biz/asrport/processAsyncRequestRequest" mustUnderstand="NONE" version="200508"/><con:wsrmConfig version="1.2"/></con:request></con:config></con:testStep><con:testStep type="request" id="02c51314-9252-4dc5-8291-9919d691e3bc" name="UOM_WSLEC_PROD_Response"><con:settings/><con:config xsi:type="con:RequestStep" xmlns:xsi="http://www.w3.org/2001/XMLSchema-instance"><con:interface>asrportSoapBinding</con:interface><con:operation>processAsyncRequest</con:operation><con:request name="UOM_WSLEC_PROD_Response" id="2fff4b2f-9a91-4578-b6d2-00c101341906"><con:settings><con:setting id="com.eviware.soapui.impl.wsdl.WsdlRequest@request-headers">&lt;xml-fragment/></con:setting></con:settings><con:encoding>UTF-8</con:encoding><con:endpoint>http://stomvqachapi.va.neustar.com/axis/services/SOAPRequestHandler</con:endpoint><con:request><![CDATA[<soapenv:Envelope xmlns:xsi="http://www.w3.org/2001/XMLSchema-instance" xmlns:xsd="http://www.w3.org/2001/XMLSchema" xmlns:soapenv="http://schemas.xmlsoap.org/soap/envelope/" xmlns:ns="http://www.neustar.biz/clearinghouse/SOAPRequestHandler/1.0">
   <soapenv:Header/>
   <soapenv:Body>
      <ns:processAsync soapenv:encodingStyle="http://schemas.xmlsoap.org/soap/encoding/">
         <in0 xsi:type="xsd:string"><![CDATA[<header>
<Request value="asr_order_response"/>
<Subrequest value="SES"/>
<CustomerIdentifier value="WSLEC_PROD"/>
<InterfaceVersion value="ASOG"/>
<Supplier value="WSLEC_PROD"/>
<UserIdentifier value="example"/>
<UserPassword value="example"/>
<ApplyBusinessRules value="N"/>
<Action value="submit"/>
</header>]]]]>><![CDATA[</in0>
         <in1 xsi:type="xsd:string"><![CDATA[
<asr_order_response>
<nack>
<ACK_Form>
<ack_adminsection>
<CCNA value="WND"/>
<PON value="CHPONPONXAV5556"/>
<VER value="AA"/>
<ICSC value="AA01"/>
<REQTYP value="MD"/>
<ERROR value="Order Rejected because of  ASOG Validation Errors."/>
</ack_adminsection>
</ACK_Form>
<ACK_Form>
<ack_adminsection>
<CCNA value="WND"/>
<PON value="CHPONPONXAV5556"/>
<VER value="AA"/>
<ICSC value="NW01"/>
<REQTYP value="MD"/>
<FID value="CFA"/>
<ERROR value="When Trading Partner is QWEST, ALT, Cinbell, CenturyLink, XO, TW Telecom, ATT(W), ATT(MW), ATT(SW) or Fairpoint Communications; TRANSPORT CFA valid format when populated is:  Element 1 - 1 - 5 alpha numeric , or NEW  Element 2 - 1 - 6 alpha numeric  Element 3 - 0 - 5 alpha numeric , or blank Element 4 - 8, or 11 alpha numeric Element 5 - 8, or 11 alpha numeric  Hyphens and virgules are the only special characters allowed.  Virgules are only allowed as delimiters and are used to separate all elements"/>
<PRAC_ID value="TRUNKING_Form"/>
</ack_adminsection>
</ACK_Form>
</nack>
<RESPONSE_TYPE value="Negative Ack"/>
</asr_order_response>
]]]]>><![CDATA[</in1>
      </ns:processAsync>
   </soapenv:Body>
</soapenv:Envelope>]]></con:request><con:credentials><con:authType>No Authorization</con:authType></con:credentials><con:jmsConfig JMSDeliveryMode="PERSISTENT"/><con:jmsPropertyConfig/><con:wsaConfig action="java:asr.webservice.neustar.biz/asrport/processAsyncRequestRequest" mustUnderstand="NONE" version="200508"/><con:wsrmConfig version="1.2"/></con:request></con:config></con:testStep><con:testStep type="request" id="7120717b-af2a-4a47-8f11-3d9dc973f992" name="STL_CFA ProductionIssue_Atif"><con:settings/><con:config xsi:type="con:RequestStep" xmlns:xsi="http://www.w3.org/2001/XMLSchema-instance"><con:interface>asrportSoapBinding</con:interface><con:operation>processAsyncRequest</con:operation><con:request name="STL_CFA ProductionIssue_Atif" id="2fff4b2f-9a91-4578-b6d2-00c101341906"><con:settings><con:setting id="com.eviware.soapui.impl.wsdl.WsdlRequest@request-headers">&lt;xml-fragment/></con:setting></con:settings><con:encoding>UTF-8</con:encoding><con:endpoint>http://stomvqavasrrcvgw1.va.neustar.com:8301/axis/services/asrport</con:endpoint><con:request><![CDATA[<?xml version="1.0" encoding="UTF-8"?>
<soapenv:Envelope xmlns:soapenv="http://schemas.xmlsoap.org/soap/envelope/" xmlns:xsd="http://www.w3.org/2001/XMLSchema" xmlns:xsi="http://www.w3.org/2001/XMLSchema-instance">
<soapenv:Header>
<tMLHeader xmlns="http://tml.t1m1.org/tML.Transport.xsd">
<ApplicationType>ASRORDER</ApplicationType>
<From>HT_ABHI</From>
<To>HAWAIITEL</To>
</tMLHeader>
 <wsse:Security soapenv:actor="" soapenv:mustUnderstand="0" xmlns:wsse="http://schemas.xmlsoap.org/ws/2002/04/secext">
            <wsse:UsernameToken>
                <wsse:Username>example</wsse:Username>
                <wsse:Password>example</wsse:Password>
            </wsse:UsernameToken>
        </wsse:Security>
</soapenv:Header>
<soapenv:Body>
<processAsyncRequest xmlns="java:asr.webservice.neustar.biz">
<in1 xsi:type="xsd:string"><![CDATA[
<ASR_SERVICE_REQUEST xmlns="http://www.atis.org/OBF/ASR/UOM-ASR" xmlns:xsi="http://www.w3.org/2001/XMLSchema-instance">
  <HDR>
    <MESSAGE_ID>1484691169596</MESSAGE_ID>
    <CCNA>HTA</CCNA>
    <MSG_TIMESTAMP>2017-01-17T18:12:49</MSG_TIMESTAMP>
    <ICSC>HW10</ICSC>
    <ASOG_VER>54</ASOG_VER>
  </HDR>
  <MESSAGETRUNK_SVC>
    <ASR>
      <ADMIN>
        <CCNA>HTA</CCNA>
        <PON>XIND10996TESR</PON>
        <VER>AA</VER>
        <SPA>A</SPA>
        <ICSC>NW01</ICSC>
        <D_SENT>20170207</D_SENT>
        <T_SENT>0511PM</T_SENT>
        <DDD>20170209</DDD>
        <REQTYP>MD</REQTYP>
        <ACT>D</ACT>
        <ACTI>D</ACTI>
        <LATA>632</LATA>
        <RTR>F</RTR>
        <CKR>/PH54ED      A/CHRTIAXCDS0/77/DESMIADT10T</CKR>
        <UNIT>C</UNIT>
        <LTP>EF</LTP>
        <ECCKT>/PH5-EDG1/CHRTIAXCDS0/77/DESMIADTAMD</ECCKT>
        <QTY>0000024</QTY>
        <BAN>E</BAN>
        <TSC>AL141646</TSC>
        <ACTL>DESMIADTAMD</ACTL>
        <ASC_EC>NW01</ASC_EC>
        <ASR_REMARKS>DISC 1 T1.</ASR_REMARKS>
      </ADMIN>
      <BILLING>
        <BILLNM>AT&amp;T</BILLNM>
        <SBILLNM>CONNECTIVITY BILLING MGT</SBILLNM>
        <ACNA>WND</ACNA>
        <BILL_STR>300 NORTH POINT PARKWAY</BILL_STR>
        <BILL_CITY>ALPHARETTA</BILL_CITY>
        <BILL_STATE>GA</BILL_STATE>
        <BILL_ZIP>30005</BILL_ZIP>
        <BILLCON>ACCESS BILL MGR</BILLCON>
        <BILLCON_TEL>6312646392</BILLCON_TEL>
        <BILLCON_EMAIL>SG8963@ATT.COM</BILLCON_EMAIL>
      </BILLING>
      <CONTACT>
        <INIT>CRISTY WALTERS</INIT>
        <INITIATOR_TEL>3032946185</INITIATOR_TEL>
        <INIT_FAX_NO>3032995773</INIT_FAX_NO>
        <INIT_EMAIL>CW2813@ATT.COM</INIT_EMAIL>
        <MTCE_CONTACT>NSC MTCE</MTCE_CONTACT>
        <MTCE_TEL>8665960129</MTCE_TEL>
        <IMPCON>ATT TECHNICIAN</IMPCON>
        <IMPCON_TEL>3033917303</IMPCON_TEL>
      </CONTACT>
    </ASR>
    <TRUNKING>
      <TRUNK_SVC_DETAILS>
        <NC>SDSA</NC>
        <NCI>04DS6.44</NCI>
        <CIC>0288</CIC>
        <TCIC>0002500048</TCIC>
        <RECCKT>112/T1/01-24/CHRTIAXCDS0/DESMIADTWI1</RECCKT>
        <CFA>112  /T1    /01-24/CHRTIAXCDS0/DESMIADTWI1</CFA>
        <SECLOC>CHRTIAXCDS0</SECLOC>
        <CSPC>215006012</CSPC>
        <HBAN>E</HBAN>
        <CKR1>PH54ED      ACHRTIAXCDS077DESMIADT10T</CKR1>
        <FIMPTEL>3032946185</FIMPTEL>
        <REMARKS>BPP</REMARKS>
      </TRUNK_SVC_DETAILS>
    </TRUNKING>
    <MULTI_EC>
      <ASC_EC_DETAILS>
        <ICSC>NW01</ICSC>
        <BAN>E</BAN>
        <HBAN>E</HBAN>
      </ASC_EC_DETAILS>
      <OTHER_EC_DETAILS>
        <ICSC>HW10</ICSC>
        <BAN>515 R94 7301</BAN>
      </OTHER_EC_DETAILS>
    </MULTI_EC>
  </MESSAGETRUNK_SVC>
</ASR_SERVICE_REQUEST>
]]]]>><![CDATA[</in1>
</processAsyncRequest>
</soapenv:Body>
</soapenv:Envelope>]]></con:request><con:credentials><con:authType>No Authorization</con:authType></con:credentials><con:jmsConfig JMSDeliveryMode="PERSISTENT"/><con:jmsPropertyConfig/><con:wsaConfig action="java:asr.webservice.neustar.biz/asrport/processAsyncRequestRequest" mustUnderstand="NONE" version="200508"/><con:wsrmConfig version="1.2"/></con:request></con:config></con:testStep><con:testStep type="request" id="5739101d-d9f4-4f96-94a4-1ec506798ec7" name="STL_UOM_WSLEC_PROD_Response"><con:settings/><con:config xsi:type="con:RequestStep" xmlns:xsi="http://www.w3.org/2001/XMLSchema-instance"><con:interface>asrportSoapBinding</con:interface><con:operation>processAsyncRequest</con:operation><con:request name="STL_UOM_WSLEC_PROD_Response" id="2fff4b2f-9a91-4578-b6d2-00c101341906"><con:settings><con:setting id="com.eviware.soapui.impl.wsdl.WsdlRequest@request-headers">&lt;xml-fragment/></con:setting></con:settings><con:encoding>UTF-8</con:encoding><con:endpoint>http://stomvqavchapi3.va.neustar.com:8001/axis/services/SOAPRequestHandler</con:endpoint><con:request><![CDATA[<soapenv:Envelope xmlns:xsi="http://www.w3.org/2001/XMLSchema-instance" xmlns:xsd="http://www.w3.org/2001/XMLSchema" xmlns:soapenv="http://schemas.xmlsoap.org/soap/envelope/" xmlns:ns="http://www.neustar.biz/clearinghouse/SOAPRequestHandler/1.0">
   <soapenv:Header/>
   <soapenv:Body>
      <ns:processAsync soapenv:encodingStyle="http://schemas.xmlsoap.org/soap/encoding/">
         <in0 xsi:type="xsd:string"><![CDATA[<header>
<Request value="asr_order_response"/>
<Subrequest value="SES"/>
<CustomerIdentifier value="HAWAIITEL"/>
<InterfaceVersion value="ASOG"/>
<Supplier value="HAWAIITEL"/>
<UserIdentifier value="example"/>
<UserPassword value="example"/>
<ApplyBusinessRules value="N"/>
<Action value="submit"/>
</header>]]]]>><![CDATA[</in0>
         <in1 xsi:type="xsd:string"><![CDATA[
<asr_order_response>
<nack>
<ACK_Form>
<ack_adminsection>
<CCNA value="HTA"/>
<PON value="XIND10996TESR"/>
<VER value="AA"/>
<ICSC value="HW10"/>
<REQTYP value="MD"/>
<ERROR value="Order Rejected because of  ASOG Validation Errors."/>
</ack_adminsection>
</ACK_Form>
<ACK_Form>
<ack_adminsection>
<CCNA value="HTA"/>
<PON value="XIND10996TESR"/>
<VER value="AA"/>
<ICSC value="NW01"/>
<REQTYP value="MD"/>
<FID value="CFA"/>
<ERROR value="When Trading Partner is QWEST, ALT, Cinbell, CenturyLink, XO, TW Telecom, ATT(W), ATT(MW), ATT(SW) or Fairpoint Communications; TRANSPORT CFA valid format when populated is:  Element 1 - 1 - 5 alpha numeric , or NEW  Element 2 - 1 - 6 alpha numeric  Element 3 - 0 - 5 alpha numeric , or blank Element 4 - 8, or 11 alpha numeric Element 5 - 8, or 11 alpha numeric  Hyphens and virgules are the only special characters allowed.  Virgules are only allowed as delimiters and are used to separate all elements"/>
<PRAC_ID value="TRUNKING_Form"/>
</ack_adminsection>
</ACK_Form>
</nack>
<RESPONSE_TYPE value="Negative Ack"/>
</asr_order_response>
]]]]>><![CDATA[</in1>
      </ns:processAsync>
   </soapenv:Body>
</soapenv:Envelope>]]></con:request><con:credentials><con:authType>No Authorization</con:authType></con:credentials><con:jmsConfig JMSDeliveryMode="PERSISTENT"/><con:jmsPropertyConfig/><con:wsaConfig action="java:asr.webservice.neustar.biz/asrport/processAsyncRequestRequest" mustUnderstand="NONE" version="200508"/><con:wsrmConfig version="1.2"/></con:request></con:config></con:testStep><con:properties/></con:testCase><con:testCase id="433aaf6d-8e95-4081-b1c5-a92757638ffc" failOnError="true" failTestCaseOnErrors="true" keepSession="false" maxResults="0" name="processSyncRequest TestCase" searchProperties="true"><con:settings/><con:testStep type="request" id="907e8a7e-b6fa-4b4d-bc4a-6f1064956fe8" name="processSyncRequest"><con:settings/><con:config xsi:type="con:RequestStep" xmlns:xsi="http://www.w3.org/2001/XMLSchema-instance"><con:interface>asrportSoapBinding</con:interface><con:operation>processSyncRequest</con:operation><con:request name="processSyncRequest" id="f0672507-6057-4741-8341-b5f43e0c7109"><con:settings/><con:encoding>UTF-8</con:encoding><con:endpoint>http://stomvqavgw1:5898/axis/services/asrport</con:endpoint><con:request><![CDATA[<soapenv:Envelope xmlns:soapenv="http://schemas.xmlsoap.org/soap/envelope/" xmlns:java="java:asr.webservice.neustar.biz">\r
   <soapenv:Header/>\r
   <soapenv:Body>\r
      <java:processSyncRequest>\r
         <string>?</string>\r
      </java:processSyncRequest>\r
   </soapenv:Body>\r
</soapenv:Envelope>]]></con:request><con:credentials><con:authType>No Authorization</con:authType></con:credentials><con:jmsConfig JMSDeliveryMode="PERSISTENT"/><con:jmsPropertyConfig/><con:wsaConfig action="java:asr.webservice.neustar.biz/asrport/processSyncRequestRequest" mustUnderstand="NONE" version="200508"/><con:wsrmConfig version="1.2"/></con:request></con:config></con:testStep><con:properties/></con:testCase><con:properties/></con:testSuite><con:properties/><con:wssContainer/><con:oAuth2ProfileContainer/><con:sensitiveInformation/></con:soapui-project>