<?xml version="1.0" encoding="UTF-8"?><asr_order><ASR_Form><asr_adminsection><DTSENT value="${CURR_DT}"/><QTY value="1"/><BAN value="E"/><REQTYP value="EA"/><DDD value="${DDD}"/><RTR value="F"/><ECCKT value="SDFSDFGDSFGSDF"/><PIU value="0"/><ICSC value="${ICSC}"/><PON value="${PON}"/><SUP value="${SUPP}" /><ACT value="R"/><CCNA value="${CCNA}"/><VER value="${VER}"/></asr_adminsection><asr_billsection><BILLNM value="SSADFSAF"/><ACNA value="RCV"/></asr_billsection><asr_contactsection><INIT_TELNO value="123-456-7890"/><INIT_EMAIL value="VIBHA@abc.com"/><INIT value="VIBHA"/></asr_contactsection></ASR_Form><EUSA_Form><eusa_circuitdetailsection><NC value="AS--"/><NCI value="04DS9..AX"/></eusa_circuitdetailsection></EUSA_Form><SEQNO value="1154"/></asr_order>