<?xml version="1.0" encoding="UTF-8"?><asr_order><ASR_Form><asr_adminsection><DTSENT value="${CURR_DT}"/><ICSC value="${ICSC}"/><VER value="${VER}"/><DDD value="${DDD}"/><CCNA value="${CCNA}"/><PON value="${PON}"/><SUP value="${SUPP}" /><QTY value="1"/><BAN value="E"/><REQTYP value="XA"/><RTR value="F"/><ECCKT value="SDFSDFGDSFGSDF"/><PIU value="0"/><ACT value="R"/></asr_adminsection><asr_billsection><BILLNM value="SSADFSAF"/><ACNA value="RCV"/></asr_billsection><asr_contactsection><INIT_TELNO value="123-456-7890"/><INIT_EMAIL value="VIBHA@ABC.com"/><INIT value="Vibha"/><DTREC value="06-05-2013-0108PM"/></asr_contactsection></ASR_Form><EUSA_Form><eusa_circuitdetailsection><NC value="AS--"/><NCI value="04DS9..AX"/><BSC value="C"/></eusa_circuitdetailsection></EUSA_Form><SEQNO value="1157"/></asr_order>