<?xml version="1.0" encoding="UTF-8"?><asr_order><ASR_Form><asr_adminsection><DTSENT value="${CURR_DT}"/><QTY value="1"/><ACTL value="QWERCAUIOPL"/><BAN value="E"/><REQTYP value="RA"/><FNI value="FIN"/><RTR value="F"/><PIU value="0"/><FNT value="A"/><ICSC value="${ICSC}"/><ACT value="R"/><CCNA value="${CCNA}"/><DDD value="${DDD}"/><PON value="${PON}"/><VER value="${VER}"/></asr_adminsection><asr_billsection><ACNA value="ZZZ"/><BILLNM value="SSADFSAF"/><FUSF value="E"/></asr_billsection><asr_contactsection><INIT_TELNO value="981-170-3680"/><IMPCON value="2154"/><IMP_TELNO value="981-170-3680"/><INIT value="VIBHA"/><DTREC value="06-05-2013-0548AM"/></asr_contactsection></ASR_Form><RING_Form><ring_circuitdetailsection><NC value="AS--"/><SECNCI value="21AB1"/><NCI value="04DS9..AX"/></ring_circuitdetailsection></RING_Form><SEQNO value="1881"/></asr_order>