<?xml version="1.0" encoding="UTF-8"?><asr_order><ASR_Form><asr_adminsection><DTSENT value="${CURR_DT}"/><ICSC value="${ICSC}"/><VER value="${VER}"/><DDD value="${DDD}"/><CCNA value="${CCNA}"/><PON value="${PON}"/><SUP value="${SUPP}" /><QTY value="1"/><ACTL value="TESTCA13245"/><BAN value="E"/><REQTYP value="AG"/><RTR value="F"/><ECCKT value="SDFSDFGDSFGSDF"/><PIU value="0"/><ACT value="R"/><REMARKS value="(Cust Add: AA-WAIKIKI BEACH MARIOTT RESORT)"/></asr_adminsection><asr_billsection><BILLNM value="SSADFSAF"/><ACNA value="RCV"/></asr_billsection><asr_contactsection><INIT_TELNO value="123-456-7890"/><INIT_EMAIL value="VIBHA@abc.com"/><INIT value="VIBHA"/><DTREC value="06-05-2013-0508AM"/></asr_contactsection></ASR_Form><FGA_Form><FGA_servicedetailsection><NC value="AS--"/><NCI value="04DS9..AX"/></FGA_servicedetailsection></FGA_Form><SEQNO value="1877"/></asr_order>