<?xml version="1.0" encoding="UTF-8"?><asr_order><TXID value="73673"/><ASR_Form><asr_adminsection><CCNA value="${CCNA}"/><PON value="${PON}"/><VER value="${VER}"/><ICSC value="${ICSC}"/><DTSENT value="${CURR_DT}"/><DDD value="${DDD}"/><PROJECT value="HT2010AWL0086"/><REQTYP value="SD"/><ACT value="N"/><EVCI value="A"/><RTR value="F"/><PIU value="100"/><QTY value="0000001"/><BAN value="H1M S01-1720"/><RPON value="OFETWSLH49010E1"/><REMARKS value="PLEASE ISSUE EVC"/></asr_adminsection><asr_billsection><BILLNM value="ATT MOBILITY"/><SBILLNM value="C/O OF TEOCO"/><ACNA value="AWL"/><FUSF value="E"/><STREET value="12150 MONUMENT"/><FLOOR value="STE"/><ROOM value="700"/><CITY value="FAIRFAX"/><STATE value="VA"/><ZIP_CODE value="22033"/><PNUM value="2010-700068"/></asr_billsection><asr_contactsection><INIT value="JANUS MATUS"/><INIT_TELNO value="949-398-6438"/><INIT_EMAIL value="JR2QWQWQW972@T.COM"/><DSGCON value="JANUS MATUS"/><DSG_TELNO value="949-398-6438"/><MTCE value="MNRC"/><MAIN_TELNO value="800-638-2822"/><IMPCON value="PCO TEST CENTER"/><IMP_TELNO value="817-884-8031"/><DTREC value="11-19-2012-1117AM"/></asr_contactsection></ASR_Form><EVC_Form><EVC_evcdetail><EVCNUM value="0001"/><NC value="VLP-"/><NUT value="02"/></EVC_evcdetail><EVC_unidetailcontainer><EVC_unidetail><UREF value="01"/><UACT value="N"/><NCI value="02VLN.V"/><EVCSP value="KAILHICO02W"/><CE_VLANdetailcontainer type="container"><CE_VLANdetail><VACT value="N"/><CE_VLAN value="2176"/></CE_VLANdetail></CE_VLANdetailcontainer><RUID value="82/KSGS/000005//HAWT"/><EVC_servicedetailcontainer type="container"><EVC_servicedetail><LREF value="1"/><LOSACT value="N"/><LOS value="REAL TIME"/><BDW value="100M"/></EVC_servicedetail></EVC_servicedetailcontainer></EVC_unidetail><EVC_unidetail><UREF value="02"/><UACT value="N"/><NCI value="02VLN.V"/><EVCSP value="EWA HIXA01W"/><CE_VLANdetailcontainer type="container"><CE_VLANdetail><VACT value="N"/><CE_VLAN value="2176"/></CE_VLANdetail></CE_VLANdetailcontainer><RUID value="82/KRGS/000223//HAWT"/><EVC_servicedetailcontainer type="container"><EVC_servicedetail><LREF value="1"/><LOSACT value="N"/><LOS value="REAL TIME"/><BDW value="100M"/></EVC_servicedetail></EVC_servicedetailcontainer></EVC_unidetail></EVC_unidetailcontainer></EVC_Form><SEQNO value="1"/><Errors><ruleerrorcontainer><ruleerror><RULE_ID value="NeuStar_Errors"/><MESSAGE value="NO"/></ruleerror></ruleerrorcontainer></Errors></asr_order>