<?xml version="1.0" encoding="UTF-8"?><asr_order><ASR_Form><asr_adminsection><DTSENT value="${CURR_DT}"/><ICSC value="${ICSC}"/><VER value="${VER}"/><BAN value="E"/><REQTYP value="WA"/><QTY value="1"/><PIU value="0"/><DDD value="${DDD}"/><RTR value="F"/><ACT value="R"/><SUP value="${SUPP}" /><ECCKT value="SDFSDFGDSFGSDF"/><CCNA value="${CCNA}"/><PON value="${PON}"/></asr_adminsection><asr_billsection><BILLNM value="SSADFSAF"/><ACNA value="SWB"/></asr_billsection><asr_contactsection><INIT_TELNO value="123-456-7890"/><INIT_EMAIL value="VIB@gmail.com"/><INIT value="Vibha"/></asr_contactsection></ASR_Form><WAL_Form><WAL_circuitdetailsection><NC value="AS--"/></WAL_circuitdetailsection></WAL_Form><SEQNO value="90407"/></asr_order>