<?xml version="1.0" encoding="UTF-8"?><asr_order><ASR_Form><asr_adminsection><DTSENT value="${CURR_DT}"/><ICSC value="${ICSC}"/><ACTL value="QWERCAUIOPL"/><VER value="${VER}"/><BAN value="E"/><REQTYP value="AG"/><QTY value="1"/><PIU value="0"/><DDD value="${DDD}"/><RTR value="F"/><ACT value="R"/><ECCKT value="SDFSDFGDSFGSDF"/><CCNA value="${CCNA}"/><PON value="${PON}"/></asr_adminsection><asr_billsection><BILLNM value="SSADFSAF"/><ACNA value="SWB"/></asr_billsection><asr_contactsection><INIT_TELNO value="123-456-7890"/><INIT_EMAIL value="VIB@gmail.com"/><INIT value="VIBHA"/></asr_contactsection></ASR_Form><FGA_Form><FGA_servicedetailsection><NC value="AS--"/><NCI value="04DS9..AX"/></FGA_servicedetailsection></FGA_Form><SEQNO value=""/></asr_order>