<?xml version="1.0" encoding="UTF-8"?><asr_order><ASR_Form><asr_adminsection><CCNA value="${CCNA}"/><PON value="${PON}"/><VER value="${VER}"/><ICSC value="${ICSC}"/><DTSENT value="${CURR_DT}"/><DDD value="${DDD}"/><REQTYP value="SD"/><ACT value="N"/><RTR value="F"/><CUST value="COMCAST BUS COMMNICATIONS"/><UNIT value="C"/><PIU value="100"/><QTY value="1"/><BAN value="E"/><RPON value="RI130030010101U"/><REMARKS value="NEW 200M EVC OFF 80 Parker St Manchester, CT NNI CT123120010101ME. USE PRE ASSIGNED VLAN 3998  MRC $1550 NRC $1000. RPON RI130030010101U"/><EVCI value="A"/></asr_adminsection><asr_billsection><ACNA value="OMQ"/><BILLNM value="COMCAST BUS COMMNICATIONS"/><STREET value="183 INVERNESS DR W"/><CITY value="ENGLEWOOD"/><STATE value="CO"/><ZIP_CODE value="80111"/><TE value="G"/><FUSF value="E"/><BILLCON value="JOHN BLIMMEL"/><TELNO value="720-267-4424"/><BILLCON_EMAIL value="JOEQWQEQWEMMEL@CABLMCAST.CM"/><VTA value="36"/><IWBAN value="E"/></asr_billsection><asr_contactsection><INIT value="CRYSTAL FERRARO"/><INIT_TELNO value="856-792-2889"/><INIT_FAXNO value="856-792-2002"/><INIT_EMAIL value="JOEQWQEQWEMMEL@CABLMCAST.CM"/><DSGCON value="CRYSTAL FERRARO"/><DSG_TELNO value="856-792-2889"/><DSG_FAXNO value="856-792-2002"/><DSG_EMAIL value="JOEQWQEQWEMMEL@CABLMCAST.CM"/><DSG_STREET value="112 WEST PARK DRIVE"/><DSG_FLOOR value="1"/><DSG_ROOM value="103"/><DSG_CITY value="MOUNT LAUREL"/><DSG_STATE value="NJ"/><DSG_ZIP_CODE value="08054"/><MTCE value="MAINTENANCE"/><MAIN_TELNO value="800-741-4141"/><IMPCON value="TEST &amp; TURN UP"/><IMP_TELNO value="877-666-8124"/><DTREC value="05-24-2013-1236PM"/></asr_contactsection></ASR_Form><EVC_Form><EVC_evcdetail><EVCNUM value="0001"/><NC value="VLP-"/><NUT value="02"/><EVCCKR value="20/VLXP/905226//CBCL/"/></EVC_evcdetail><EVC_unidetailcontainer><EVC_unidetail><UREF value="01"/><UACT value="N"/><RPON value="RI130030010101U"/><NCI value="02VLN.V"/><EVCSP value="MNCHCTCB03W"/><RUID value="18/KGGD/130001//COXC/"/><EVC_servicedetailcontainer><EVC_servicedetail><LREF value="1"/><LOSACT value="N"/><LOS value="STANDARD"/><BDW value="200M"/></EVC_servicedetail></EVC_servicedetailcontainer></EVC_unidetail><EVC_unidetail><UREF value="02"/><UACT value="N"/><RPON value="RI130030010101U"/><NCI value="02VLN.V"/><EVCSP value="MNCHCTCB03W"/><RUID value="18/KGGD/130001//COXC/"/><EVC_servicedetailcontainer><EVC_servicedetail><LREF value="1"/><LOSACT value="N"/><LOS value="STANDARD"/><BDW value="200M"/></EVC_servicedetail></EVC_servicedetailcontainer></EVC_unidetail></EVC_unidetailcontainer></EVC_Form></asr_order>