<?xml version="1.0"?>
<Order>
	<TEST_CASE name="TWC_COMM_CFAInquiry_REQ">
		<EXECUTION>FALSE</EXECUTION>
		<HEADER>REQ_HEADER</HEADER>
		<RESPONSEHEADER>RES_HEADER</RESPONSEHEADER>
		<BODY>TWC_PAT_CFAInquiry_REQ_BODY</BODY>
		<ASRC>REQ_ASRC</ASRC>
		<REQUEST>asr_preorder</REQUEST>
		<SUBREQUEST>asr_preorder</SUBREQUEST>
		<SUBREQUESTRESPONSE>CFAResults</SUBREQUESTRESPONSE>
		<RESPONSE>asr_receive_preorder</RESPONSE>
		<ILEC>TWC_PAT</ILEC>
		<HEADERVER>ASOG</HEADERVER>
		<CCNA>TWQ</CCNA>
		<ICSC>TW10</ICSC>
		<FLOW>NOFLOW</FLOW>
		<RESPONSEMECHANISM>API</RESPONSEMECHANISM>
		<RESPONSEFILE>CFAresponse</RESPONSEFILE>
		<REMARKS>CFAInquirySend:CFAInquiryReceive</REMARKS>
		<CUSTOMER>TWC_WOW</CUSTOMER>
		<RESRAWINRESQUE>NOUSE</RESRAWINRESQUE>
		<CHANNELNAME>NOUSE</CHANNELNAME>
		<SVCTYP>asr_preorder</SVCTYP>
	</TEST_CASE>
	<TEST_CASE name="TWC_PAT_CFAInquiry_REQ">
		<EXECUTION>FALSE</EXECUTION>
		<HEADER>REQ_HEADER</HEADER>
		<RESPONSEHEADER>RES_HEADER</RESPONSEHEADER>
		<BODY>TWC_PAT_CFAInquiry_REQ_BODY</BODY>
		<ASRC>REQ_ASRC</ASRC>
		<REQUEST>asr_preorder</REQUEST>
		<SUBREQUEST>asr_preorder</SUBREQUEST>
		<SUBREQUESTRESPONSE>CFAResults</SUBREQUESTRESPONSE>
		<RESPONSE>asr_receive_preorder</RESPONSE>
		<ILEC>TWC_PAT</ILEC>
		<HEADERVER>ASOG</HEADERVER>
		<CCNA>TWQ</CCNA>
		<ICSC>TW10</ICSC>
		<FLOW>NOFLOW</FLOW>
		<RESPONSEMECHANISM>API</RESPONSEMECHANISM>
		<RESPONSEFILE>CFAresponse</RESPONSEFILE>
		<REMARKS>CFAInquirySend:CFAInquiryReceive</REMARKS>
		<CUSTOMER>TWC_WOW</CUSTOMER>
		<RESRAWINRESQUE>NOUSE</RESRAWINRESQUE>
		<CHANNELNAME>NOUSE</CHANNELNAME>
		<SVCTYP>asr_preorder</SVCTYP>
	</TEST_CASE>
	<TEST_CASE name="TWC_COMM_LocationInquiry_REQ">
		<EXECUTION>FALSE</EXECUTION>
		<HEADER>REQ_HEADER</HEADER>
		<RESPONSEHEADER>RES_HEADER</RESPONSEHEADER>
		<BODY>TWC_COMM_LocationInquiry_REQ_BODY</BODY>
		<ASRC>REQ_ASRC</ASRC>
		<REQUEST>asr_preorder</REQUEST>
		<SUBREQUEST>asr_preorder</SUBREQUEST>
		<SUBREQUESTRESPONSE>LocationResults</SUBREQUESTRESPONSE>
		<RESPONSE>asr_receive_preorder</RESPONSE>
		<ILEC>TWC_COMM</ILEC>
		<HEADERVER>ASOG</HEADERVER>
		<CCNA>TWQ</CCNA>
		<ICSC>TW10</ICSC>
		<FLOW>NOFLOW</FLOW>
		<RESPONSEMECHANISM>API</RESPONSEMECHANISM>
		<RESPONSEFILE>Locationresponse</RESPONSEFILE>
		<REMARKS>LocationInquirySend:LocationInquiryReceive</REMARKS>
		<CUSTOMER>TWC_QA</CUSTOMER>
		<RESRAWINRESQUE>NOUSE</RESRAWINRESQUE>
		<CHANNELNAME>NOUSE</CHANNELNAME>
		<SVCTYP>asr_preorder</SVCTYP>
	</TEST_CASE>	
	<TEST_CASE name="BHN_PROD_CFAInquiry_REQ">
		<EXECUTION>FALSE</EXECUTION>
		<HEADER>REQ_HEADER</HEADER>
		<RESPONSEHEADER>RES_HEADER</RESPONSEHEADER>
		<BODY>BHN_PROD_CFAInquiry_REQ_BODY</BODY>
		<ASRC>REQ_ASRC</ASRC>
		<REQUEST>asr_preorder</REQUEST>
		<SUBREQUEST>asr_preorder</SUBREQUEST>
		<SUBREQUESTRESPONSE>CFAResults</SUBREQUESTRESPONSE>
		<RESPONSE>asr_receive_preorder</RESPONSE>
		<ILEC>BHN_PROD</ILEC>
		<HEADERVER>ASOG</HEADERVER>
		<CCNA>BNQ</CCNA>
		<ICSC>BH10</ICSC>
		<FLOW>NOFLOW</FLOW>
		<RESPONSEMECHANISM>API</RESPONSEMECHANISM>
		<RESPONSEFILE>CFAresponse</RESPONSEFILE>
		<REMARKS>CFAInquirySend:CFAInquiryReceive</REMARKS>
		<CUSTOMER>BHN_QA</CUSTOMER>
		<RESRAWINRESQUE>NOUSE</RESRAWINRESQUE>
		<CHANNELNAME>NOUSE</CHANNELNAME>
		<SVCTYP>asr_preorder</SVCTYP>
	</TEST_CASE>
	<TEST_CASE name="BHN_PROD_LocationInquiry_REQ">
		<EXECUTION>FALSE</EXECUTION>
		<HEADER>REQ_HEADER</HEADER>
		<RESPONSEHEADER>RES_HEADER</RESPONSEHEADER>
		<BODY>BHN_PROD_LocationInquiry_REQ_BODY</BODY>
		<ASRC>REQ_ASRC</ASRC>
		<REQUEST>asr_preorder</REQUEST>
		<SUBREQUEST>asr_preorder</SUBREQUEST>
		<SUBREQUESTRESPONSE>LocationResults</SUBREQUESTRESPONSE>
		<RESPONSE>asr_receive_preorder</RESPONSE>
		<ILEC>BHN_PROD</ILEC>
		<HEADERVER>ASOG</HEADERVER>
		<CCNA>BNQ</CCNA>
		<ICSC>BH10</ICSC>
		<FLOW>NOFLOW</FLOW>
		<RESPONSEMECHANISM>API</RESPONSEMECHANISM>
		<RESPONSEFILE>Locationresponse</RESPONSEFILE>
		<REMARKS>LocationInquirySend:LocationInquiryReceive</REMARKS>
		<CUSTOMER>BHN_QA</CUSTOMER>
		<RESRAWINRESQUE>NOUSE</RESRAWINRESQUE>
		<CHANNELNAME>NOUSE</CHANNELNAME>
		<SVCTYP>asr_preorder</SVCTYP>
	</TEST_CASE>
	<TEST_CASE name="HAWAIITEL_CFAInquiry_REQ">
		<EXECUTION>TRUE</EXECUTION>
		<HEADER>REQ_HEADER</HEADER>
		<RESPONSEHEADER>RES_HEADER</RESPONSEHEADER>
		<BODY>HAWAIITEL_CFAInquiry_REQ_BODY</BODY>
		<ASRC>REQ_ASRC</ASRC>
		<REQUEST>asr_preorder</REQUEST>
		<SUBREQUEST>asr_preorder</SUBREQUEST>
		<SUBREQUESTRESPONSE>CFAResults</SUBREQUESTRESPONSE>
		<RESPONSE>asr_receive_preorder</RESPONSE>
		<ILEC>HAWAIITEL</ILEC>
		<HEADERVER>ASOG</HEADERVER>
		<CCNA>HTW</CCNA>
		<ICSC>HW10</ICSC>
		<FLOW>NOFLOW</FLOW>
		<RESPONSEMECHANISM>API</RESPONSEMECHANISM>
		<RESPONSEFILE>CFAresponse</RESPONSEFILE>
		<REMARKS>CFAInquirySend:CFAInquiryReceive</REMARKS>
		<CUSTOMER>HT_TWC</CUSTOMER>
		<RESRAWINRESQUE>NOUSE</RESRAWINRESQUE>
		<CHANNELNAME>NOUSE</CHANNELNAME>
		<SVCTYP>asr_preorder</SVCTYP>
	</TEST_CASE>
	<TEST_CASE name="HAWAIITEL_LocationInquiry_REQ">
		<EXECUTION>FALSE</EXECUTION>
		<HEADER>REQ_HEADER</HEADER>
		<RESPONSEHEADER>RES_HEADER</RESPONSEHEADER>
		<BODY>HAWAIITEL_LocationInquiry_REQ_BODY</BODY>
		<ASRC>REQ_ASRC</ASRC>
		<REQUEST>asr_preorder</REQUEST>
		<SUBREQUEST>asr_preorder</SUBREQUEST>
		<SUBREQUESTRESPONSE>LocationResults</SUBREQUESTRESPONSE>
		<RESPONSE>asr_receive_preorder</RESPONSE>
		<ILEC>HAWAIITEL</ILEC>
		<HEADERVER>ASOG</HEADERVER>
		<CCNA>HTQ</CCNA>
		<ICSC>HW10</ICSC>
		<FLOW>NOFLOW</FLOW>
		<RESPONSEMECHANISM>API</RESPONSEMECHANISM>
		<RESPONSEFILE>Locationresponse</RESPONSEFILE>
		<REMARKS>LocationInquirySend:LocationInquiryReceive</REMARKS>
		<CUSTOMER>HT_QA</CUSTOMER>
		<RESRAWINRESQUE>NOUSE</RESRAWINRESQUE>
		<CHANNELNAME>NOUSE</CHANNELNAME>
		<SVCTYP>asr_preorder</SVCTYP>
	</TEST_CASE>
</Order>