<?xml version="1.0"?>
<Order>
	<TEST_CASE name="HAWAIITEL_Transport_E_REQ">
		<EXECUTION>FALSE</EXECUTION>
		<HEADER>REQ_HEADER</HEADER>
		<RESPONSEHEADER>RES_HEADER</RESPONSEHEADER>
		<BODY>HAWAIITEL_Transport_E_REQ_BODY</BODY>
		<ASRC>REQ_ASRC</ASRC>
		<REQUEST>asr_order</REQUEST>
		<RESPONSE>asr_order_response</RESPONSE>
		<SUBREQUEST>Transport</SUBREQUEST>
		<ILEC>HAWAIITEL</ILEC>
		<HEADERVER>ASOG</HEADERVER>
		<CCNA>ALT</CCNA>
		<ICSC>HW10</ICSC>		
		<FLOW>SUPP4|SUPP1|SUPP2|SUPP3|Cancel|Resume|Abandon|Suspend</FLOW>
		<REMARKS>NEWSEND:NEWRECEIVE</REMARKS>
		<SUPP_REMARKS>SUPP4SEND:SUPP4RECEIVE|SUPP1SEND:SUPP1RECEIVE|SUPP2SEND:SUPP2RECEIVE|SUPP3SEND:SUPP3RECEIVE</SUPP_REMARKS>
		<RESPONSEMECHANISM>API</RESPONSEMECHANISM>						
		<RESPONSEFILE>HAWAIITEL_ACK:HAWAIITEL_DLR:HAWAIITEL_NACK:HAWAIITEL_ERROR:HAWAIITEL_CLARIFICATION_B:HAWAIITEL_CLARIFICATION_C:HAWAIITEL_CLARIFICATION_D:HAWAIITEL_CLARIFICATION_E:HAWAIITEL_CLARIFICATION_F</RESPONSEFILE>
		<SUPPRESPONSEFILE>HAWAIITEL_ACK:HAWAIITEL_DLR:HAWAIITEL_NACK:HAWAIITEL_ERROR:HAWAIITEL_CLARIFICATION_B:HAWAIITEL_CLARIFICATION_C:HAWAIITEL_CLARIFICATION_D:HAWAIITEL_CLARIFICATION_E:HAWAIITEL_CLARIFICATION_F:HAWAIITEL_CONFIRMATION|HAWAIITEL_DLR:HAWAIITEL_NACK:HAWAIITEL_ERROR:HAWAIITEL_CLARIFICATION_B:HAWAIITEL_CLARIFICATION_C:HAWAIITEL_CLARIFICATION_D:HAWAIITEL_CLARIFICATION_E:HAWAIITEL_CLARIFICATION_F:HAWAIITEL_CONFIRMATION|HAWAIITEL_ACK:HAWAIITEL_DLR:HAWAIITEL_NACK:HAWAIITEL_ERROR:HAWAIITEL_CLARIFICATION_B:HAWAIITEL_CLARIFICATION_C:HAWAIITEL_CLARIFICATION_D:HAWAIITEL_CLARIFICATION_E:HAWAIITEL_CLARIFICATION_F:HAWAIITEL_CONFIRMATION|HAWAIITEL_ACK:HAWAIITEL_DLR:HAWAIITEL_NACK:HAWAIITEL_ERROR:HAWAIITEL_CLARIFICATION_B:HAWAIITEL_CLARIFICATION_C:HAWAIITEL_CLARIFICATION_D:HAWAIITEL_CLARIFICATION_E:HAWAIITEL_CLARIFICATION_F:HAWAIITEL_CLARIFICATION_A:HAWAIITEL_CLARIFICATION_K:HAWAIITEL_CONFIRMATION</SUPPRESPONSEFILE>		
		<CUSTOMER>PAT_CUST|HAWAIITEL</CUSTOMER>
		<RESRAWINRESQUE>5</RESRAWINRESQUE>
		<CHANNELNAME>HAWAIITELASR</CHANNELNAME>
		<SVCTYP>Transport</SVCTYP>
	</TEST_CASE>
	<TEST_CASE name="HAWAIITEL_SES_S_REQ_ASOG54">
		<EXECUTION>TRUE</EXECUTION>
		<HEADER>REQ_HEADER</HEADER>
		<RESPONSEHEADER>RES_HEADER</RESPONSEHEADER>
		<BODY>HAWAIITEL_SES_S_REQ_BODY</BODY>
		<ASRC>REQ_ASRC</ASRC>
		<REQUEST>asr_order</REQUEST>
		<RESPONSE>asr_order_response</RESPONSE>
		<SUBREQUEST>SwitchedEthernetS</SUBREQUEST>
		<ILEC>HAWAIITEL</ILEC>
		<HEADERVER>ASOG</HEADERVER>
		<CCNA>TTT</CCNA>
		<ICSC>HW10</ICSC>		
		<FLOW>SUPP4|SUPP1|SUPP2|SUPP3|Cancel|Resume|Abandon|Suspend</FLOW>
		<REMARKS>NEWSEND:NEWRECEIVE</REMARKS>
		<SUPP_REMARKS>SUPP4SEND:SUPP4RECEIVE|SUPP1SEND:SUPP1RECEIVE|SUPP2SEND:SUPP2RECEIVE|SUPP3SEND:SUPP3RECEIVE</SUPP_REMARKS>
		<RESPONSEMECHANISM>API</RESPONSEMECHANISM>						
		<RESPONSEFILE>HAWAIITEL_ACK:HAWAIITEL_DLR:HAWAIITEL_NACK:HAWAIITEL_ERROR:HAWAIITEL_CLARIFICATION_B:HAWAIITEL_CLARIFICATION_C:HAWAIITEL_CLARIFICATION_D:HAWAIITEL_CLARIFICATION_E:HAWAIITEL_CLARIFICATION_F</RESPONSEFILE>
		<SUPPRESPONSEFILE>HAWAIITEL_ACK:HAWAIITEL_DLR:HAWAIITEL_NACK:HAWAIITEL_ERROR:HAWAIITEL_CLARIFICATION_B:HAWAIITEL_CLARIFICATION_C:HAWAIITEL_CLARIFICATION_D:HAWAIITEL_CLARIFICATION_E:HAWAIITEL_CLARIFICATION_F:HAWAIITEL_CONFIRMATION|HAWAIITEL_DLR:HAWAIITEL_NACK:HAWAIITEL_ERROR:HAWAIITEL_CLARIFICATION_B:HAWAIITEL_CLARIFICATION_C:HAWAIITEL_CLARIFICATION_D:HAWAIITEL_CLARIFICATION_E:HAWAIITEL_CLARIFICATION_F:HAWAIITEL_CONFIRMATION|HAWAIITEL_ACK:HAWAIITEL_DLR:HAWAIITEL_NACK:HAWAIITEL_ERROR:HAWAIITEL_CLARIFICATION_B:HAWAIITEL_CLARIFICATION_C:HAWAIITEL_CLARIFICATION_D:HAWAIITEL_CLARIFICATION_E:HAWAIITEL_CLARIFICATION_F:HAWAIITEL_CONFIRMATION|HAWAIITEL_ACK:HAWAIITEL_DLR:HAWAIITEL_NACK:HAWAIITEL_ERROR:HAWAIITEL_CLARIFICATION_B:HAWAIITEL_CLARIFICATION_C:HAWAIITEL_CLARIFICATION_D:HAWAIITEL_CLARIFICATION_E:HAWAIITEL_CLARIFICATION_F:HAWAIITEL_CLARIFICATION_A:HAWAIITEL_CLARIFICATION_K:HAWAIITEL_CONFIRMATION</SUPPRESPONSEFILE>		
		<CUSTOMER>ATTT|HAWAIITEL</CUSTOMER>
		<RESRAWINRESQUE>5</RESRAWINRESQUE>
		<CHANNELNAME>HAWAIITELASR</CHANNELNAME>
		<SVCTYP>SES</SVCTYP>
	</TEST_CASE>
	<TEST_CASE name="MCC_QA_Transport_E_REQ">
		<EXECUTION>FALSE</EXECUTION>
		<HEADER>REQ_HEADER</HEADER>
		<RESPONSEHEADER>RES_HEADER</RESPONSEHEADER>
		<BODY>MCC_QA_Transport_E_REQ_BODY</BODY>
		<ASRC>REQ_ASRC</ASRC>
		<REQUEST>asr_order</REQUEST>
		<RESPONSE>asr_order_response</RESPONSE>
		<SUBREQUEST>Transport</SUBREQUEST>
		<ILEC>MCC_QA</ILEC>
		<HEADERVER>ASOG</HEADERVER>
		<CCNA>ABH</CCNA>
		<ICSC>MC40</ICSC>		
		<FLOW>SUPP4|SUPP1|SUPP2|SUPP3|Cancel|Resume|Abandon|Suspend</FLOW>
		<REMARKS>NEWSEND:NEWRECEIVE</REMARKS>
		<SUPP_REMARKS>SUPP4SEND:SUPP4RECEIVE|SUPP1SEND:SUPP1RECEIVE|SUPP2SEND:SUPP2RECEIVE|SUPP3SEND:SUPP3RECEIVE</SUPP_REMARKS>
		<RESPONSEMECHANISM>API</RESPONSEMECHANISM>						
		<RESPONSEFILE>MCC_QA_ACK:MCC_QA_DLR:MCC_QA_NACK:MCC_QA_ERROR:MCC_QA_CLARIFICATION_B:MCC_QA_CLARIFICATION_C:MCC_QA_CLARIFICATION_D:MCC_QA_CLARIFICATION_E:MCC_QA_CLARIFICATION_F</RESPONSEFILE>
		<SUPPRESPONSEFILE>MCC_QA_ACK:MCC_QA_DLR:MCC_QA_NACK:MCC_QA_ERROR:MCC_QA_CLARIFICATION_B:MCC_QA_CLARIFICATION_C:MCC_QA_CLARIFICATION_D:MCC_QA_CLARIFICATION_E:MCC_QA_CLARIFICATION_F:MCC_QA_CONFIRMATION|MCC_QA_DLR:MCC_QA_NACK:MCC_QA_ERROR:MCC_QA_CLARIFICATION_B:MCC_QA_CLARIFICATION_C:MCC_QA_CLARIFICATION_D:MCC_QA_CLARIFICATION_E:MCC_QA_CLARIFICATION_F:MCC_QA_CONFIRMATION|MCC_QA_ACK:MCC_QA_DLR:MCC_QA_NACK:MCC_QA_ERROR:MCC_QA_CLARIFICATION_B:MCC_QA_CLARIFICATION_C:MCC_QA_CLARIFICATION_D:MCC_QA_CLARIFICATION_E:MCC_QA_CLARIFICATION_F:MCC_QA_CONFIRMATION|MCC_QA_ACK:MCC_QA_DLR:MCC_QA_NACK:MCC_QA_ERROR:MCC_QA_CLARIFICATION_B:MCC_QA_CLARIFICATION_C:MCC_QA_CLARIFICATION_D:MCC_QA_CLARIFICATION_E:MCC_QA_CLARIFICATION_F:MCC_QA_CLARIFICATION_A:MCC_QA_CLARIFICATION_K:MCC_QA_CONFIRMATION</SUPPRESPONSEFILE>		
		<CUSTOMER>MCC_REC|MCC_QA</CUSTOMER>
		<RESRAWINRESQUE>5</RESRAWINRESQUE>
		<CHANNELNAME>MCC_QAASR</CHANNELNAME>
		<SVCTYP>Transport</SVCTYP>
	</TEST_CASE>
	<TEST_CASE name="HAWAIITEL_Transport_S_REQ">
		<EXECUTION>FALSE</EXECUTION>
		<HEADER>REQ_HEADER</HEADER>
		<RESPONSEHEADER>RES_HEADER</RESPONSEHEADER>
		<BODY>HAWAIITEL_Transport_S_REQ_BODY</BODY>
		<ASRC>REQ_ASRC</ASRC>
		<REQUEST>asr_order</REQUEST>
		<RESPONSE>asr_order_response</RESPONSE>
		<SUBREQUEST>Transport</SUBREQUEST>
		<ILEC>HAWAIITEL</ILEC>
		<HEADERVER>ASOG</HEADERVER>
		<CCNA>ALT</CCNA>
		<ICSC>HW10</ICSC>		
		<FLOW>SUPP4|SUPP1|SUPP2|SUPP3|Cancel|Resume|Abandon|Suspend</FLOW>
		<REMARKS>NEWSEND:NEWRECEIVE</REMARKS>
		<SUPP_REMARKS>SUPP4SEND:SUPP4RECEIVE|SUPP1SEND:SUPP1RECEIVE|SUPP2SEND:SUPP2RECEIVE|SUPP3SEND:SUPP3RECEIVE</SUPP_REMARKS>
		<RESPONSEMECHANISM>API</RESPONSEMECHANISM>						
		<RESPONSEFILE>HAWAIITEL_ACK:HAWAIITEL_DLR:HAWAIITEL_NACK:HAWAIITEL_ERROR:HAWAIITEL_CLARIFICATION_B:HAWAIITEL_CLARIFICATION_C:HAWAIITEL_CLARIFICATION_D:HAWAIITEL_CLARIFICATION_E:HAWAIITEL_CLARIFICATION_F</RESPONSEFILE>
		<SUPPRESPONSEFILE>HAWAIITEL_ACK:HAWAIITEL_DLR:HAWAIITEL_NACK:HAWAIITEL_ERROR:HAWAIITEL_CLARIFICATION_B:HAWAIITEL_CLARIFICATION_C:HAWAIITEL_CLARIFICATION_D:HAWAIITEL_CLARIFICATION_E:HAWAIITEL_CLARIFICATION_F:HAWAIITEL_CONFIRMATION|HAWAIITEL_DLR:HAWAIITEL_NACK:HAWAIITEL_ERROR:HAWAIITEL_CLARIFICATION_B:HAWAIITEL_CLARIFICATION_C:HAWAIITEL_CLARIFICATION_D:HAWAIITEL_CLARIFICATION_E:HAWAIITEL_CLARIFICATION_F:HAWAIITEL_CONFIRMATION|HAWAIITEL_ACK:HAWAIITEL_DLR:HAWAIITEL_NACK:HAWAIITEL_ERROR:HAWAIITEL_CLARIFICATION_B:HAWAIITEL_CLARIFICATION_C:HAWAIITEL_CLARIFICATION_D:HAWAIITEL_CLARIFICATION_E:HAWAIITEL_CLARIFICATION_F:HAWAIITEL_CONFIRMATION|HAWAIITEL_ACK:HAWAIITEL_DLR:HAWAIITEL_NACK:HAWAIITEL_ERROR:HAWAIITEL_CLARIFICATION_B:HAWAIITEL_CLARIFICATION_C:HAWAIITEL_CLARIFICATION_D:HAWAIITEL_CLARIFICATION_E:HAWAIITEL_CLARIFICATION_F:HAWAIITEL_CLARIFICATION_A:HAWAIITEL_CLARIFICATION_K:HAWAIITEL_CONFIRMATION</SUPPRESPONSEFILE>		
		<CUSTOMER>PAT_CUST|HAWAIITEL</CUSTOMER>
		<RESRAWINRESQUE>5</RESRAWINRESQUE>
		<CHANNELNAME>HAWAIITELASR</CHANNELNAME>
		<SVCTYP>Transport</SVCTYP>
	</TEST_CASE>
	<TEST_CASE name="HAWAIITEL_Trunking_REQ">
		<EXECUTION>FALSE</EXECUTION>
		<HEADER>REQ_HEADER</HEADER>
		<RESPONSEHEADER>RES_HEADER</RESPONSEHEADER>
		<BODY>HAWAIITEL_Trunking_REQ_BODY</BODY>
		<ASRC>REQ_ASRC</ASRC>
		<REQUEST>asr_order</REQUEST>
		<RESPONSE>asr_order_response</RESPONSE>
		<SUBREQUEST>Trunking</SUBREQUEST>
		<ILEC>HAWAIITEL</ILEC>
		<HEADERVER>ASOG</HEADERVER>
		<CCNA>PTS</CCNA>
		<ICSC>HW10</ICSC>		
		<FLOW>SUPP4|SUPP1|SUPP2|SUPP3|Cancel|Resume|Abandon|Suspend</FLOW>
		<REMARKS>NEWSEND:NEWRECEIVE</REMARKS>
		<SUPP_REMARKS>SUPP4SEND:SUPP4RECEIVE|SUPP1SEND:SUPP1RECEIVE|SUPP2SEND:SUPP2RECEIVE|SUPP3SEND:SUPP3RECEIVE</SUPP_REMARKS>
		<RESPONSEMECHANISM>API</RESPONSEMECHANISM>						
		<RESPONSEFILE>HAWAIITEL_ACK:HAWAIITEL_DLR:HAWAIITEL_NACK:HAWAIITEL_ERROR:HAWAIITEL_CLARIFICATION_B:HAWAIITEL_CLARIFICATION_C:HAWAIITEL_CLARIFICATION_D:HAWAIITEL_CLARIFICATION_E:HAWAIITEL_CLARIFICATION_F</RESPONSEFILE>
		<SUPPRESPONSEFILE>HAWAIITEL_ACK:HAWAIITEL_DLR:HAWAIITEL_NACK:HAWAIITEL_ERROR:HAWAIITEL_CLARIFICATION_B:HAWAIITEL_CLARIFICATION_C:HAWAIITEL_CLARIFICATION_D:HAWAIITEL_CLARIFICATION_E:HAWAIITEL_CLARIFICATION_F:HAWAIITEL_CONFIRMATION|HAWAIITEL_DLR:HAWAIITEL_NACK:HAWAIITEL_ERROR:HAWAIITEL_CLARIFICATION_B:HAWAIITEL_CLARIFICATION_C:HAWAIITEL_CLARIFICATION_D:HAWAIITEL_CLARIFICATION_E:HAWAIITEL_CLARIFICATION_F:HAWAIITEL_CONFIRMATION|HAWAIITEL_ACK:HAWAIITEL_DLR:HAWAIITEL_NACK:HAWAIITEL_ERROR:HAWAIITEL_CLARIFICATION_B:HAWAIITEL_CLARIFICATION_C:HAWAIITEL_CLARIFICATION_D:HAWAIITEL_CLARIFICATION_E:HAWAIITEL_CLARIFICATION_F:HAWAIITEL_CONFIRMATION|HAWAIITEL_ACK:HAWAIITEL_DLR:HAWAIITEL_NACK:HAWAIITEL_ERROR:HAWAIITEL_CLARIFICATION_B:HAWAIITEL_CLARIFICATION_C:HAWAIITEL_CLARIFICATION_D:HAWAIITEL_CLARIFICATION_E:HAWAIITEL_CLARIFICATION_F:HAWAIITEL_CLARIFICATION_A:HAWAIITEL_CLARIFICATION_K:HAWAIITEL_CONFIRMATION</SUPPRESPONSEFILE>		
		<CUSTOMER>PAT_TST1|HAWAIITEL</CUSTOMER>
		<RESRAWINRESQUE>5</RESRAWINRESQUE>
		<CHANNELNAME>HAWAIITELASR</CHANNELNAME>
		<SVCTYP>Trunking</SVCTYP>
	</TEST_CASE>
	<TEST_CASE name="HAWAIITEL_FGA_REQ">
		<EXECUTION>FALSE</EXECUTION>
		<HEADER>REQ_HEADER</HEADER>
		<RESPONSEHEADER>RES_HEADER</RESPONSEHEADER>
		<BODY>HAWAIITEL_FGA_REQ_BODY</BODY>
		<ASRC>REQ_ASRC</ASRC>
		<REQUEST>asr_order</REQUEST>
		<RESPONSE>asr_order_response</RESPONSE>
		<SUBREQUEST>FGA</SUBREQUEST>
		<ILEC>HAWAIITEL</ILEC>
		<HEADERVER>ASOG</HEADERVER>
		<CCNA>PTS</CCNA>
		<ICSC>HW10</ICSC>		
		<FLOW>SUPP4|SUPP1|SUPP2|SUPP3|Cancel|Resume|Abandon|Suspend</FLOW>
		<REMARKS>NEWSEND:NEWRECEIVE</REMARKS>
		<SUPP_REMARKS>SUPP4SEND:SUPP4RECEIVE|SUPP1SEND:SUPP1RECEIVE|SUPP2SEND:SUPP2RECEIVE|SUPP3SEND:SUPP3RECEIVE</SUPP_REMARKS>
		<RESPONSEMECHANISM>API</RESPONSEMECHANISM>						
		<RESPONSEFILE>HAWAIITEL_ACK:HAWAIITEL_DLR:HAWAIITEL_NACK:HAWAIITEL_ERROR:HAWAIITEL_CLARIFICATION_B:HAWAIITEL_CLARIFICATION_C:HAWAIITEL_CLARIFICATION_D:HAWAIITEL_CLARIFICATION_E:HAWAIITEL_CLARIFICATION_F</RESPONSEFILE>
		<SUPPRESPONSEFILE>HAWAIITEL_ACK:HAWAIITEL_DLR:HAWAIITEL_NACK:HAWAIITEL_ERROR:HAWAIITEL_CLARIFICATION_B:HAWAIITEL_CLARIFICATION_C:HAWAIITEL_CLARIFICATION_D:HAWAIITEL_CLARIFICATION_E:HAWAIITEL_CLARIFICATION_F:HAWAIITEL_CONFIRMATION|HAWAIITEL_DLR:HAWAIITEL_NACK:HAWAIITEL_ERROR:HAWAIITEL_CLARIFICATION_B:HAWAIITEL_CLARIFICATION_C:HAWAIITEL_CLARIFICATION_D:HAWAIITEL_CLARIFICATION_E:HAWAIITEL_CLARIFICATION_F:HAWAIITEL_CONFIRMATION|HAWAIITEL_ACK:HAWAIITEL_DLR:HAWAIITEL_NACK:HAWAIITEL_ERROR:HAWAIITEL_CLARIFICATION_B:HAWAIITEL_CLARIFICATION_C:HAWAIITEL_CLARIFICATION_D:HAWAIITEL_CLARIFICATION_E:HAWAIITEL_CLARIFICATION_F:HAWAIITEL_CONFIRMATION|HAWAIITEL_ACK:HAWAIITEL_DLR:HAWAIITEL_NACK:HAWAIITEL_ERROR:HAWAIITEL_CLARIFICATION_B:HAWAIITEL_CLARIFICATION_C:HAWAIITEL_CLARIFICATION_D:HAWAIITEL_CLARIFICATION_E:HAWAIITEL_CLARIFICATION_F:HAWAIITEL_CLARIFICATION_A:HAWAIITEL_CLARIFICATION_K:HAWAIITEL_CONFIRMATION</SUPPRESPONSEFILE>		
		<CUSTOMER>PAT_TST1|HAWAIITEL</CUSTOMER>
		<RESRAWINRESQUE>5</RESRAWINRESQUE>
		<CHANNELNAME>HAWAIITELASR</CHANNELNAME>
		<SVCTYP>FGA</SVCTYP>
	</TEST_CASE>
	<TEST_CASE name="HAWAIITEL_WATS_REQ">
		<EXECUTION>FALSE</EXECUTION>
		<HEADER>REQ_HEADER</HEADER>
		<RESPONSEHEADER>RES_HEADER</RESPONSEHEADER>
		<BODY>HAWAIITEL_WATS_REQ_BODY</BODY>
		<ASRC>REQ_ASRC</ASRC>
		<REQUEST>asr_order</REQUEST>
		<RESPONSE>asr_order_response</RESPONSE>
		<SUBREQUEST>WATS</SUBREQUEST>
		<ILEC>HAWAIITEL</ILEC>
		<HEADERVER>ASOG</HEADERVER>
		<CCNA>PTS</CCNA>
		<ICSC>HW10</ICSC>		
		<FLOW>SUPP4|SUPP1|SUPP2|SUPP3|Cancel|Resume|Abandon|Suspend</FLOW>
		<REMARKS>NEWSEND:NEWRECEIVE</REMARKS>
		<SUPP_REMARKS>SUPP4SEND:SUPP4RECEIVE|SUPP1SEND:SUPP1RECEIVE|SUPP2SEND:SUPP2RECEIVE|SUPP3SEND:SUPP3RECEIVE</SUPP_REMARKS>
		<RESPONSEMECHANISM>API</RESPONSEMECHANISM>						
		<RESPONSEFILE>HAWAIITEL_ACK:HAWAIITEL_DLR:HAWAIITEL_NACK:HAWAIITEL_ERROR:HAWAIITEL_CLARIFICATION_B:HAWAIITEL_CLARIFICATION_C:HAWAIITEL_CLARIFICATION_D:HAWAIITEL_CLARIFICATION_E:HAWAIITEL_CLARIFICATION_F</RESPONSEFILE>
		<SUPPRESPONSEFILE>HAWAIITEL_ACK:HAWAIITEL_DLR:HAWAIITEL_NACK:HAWAIITEL_ERROR:HAWAIITEL_CLARIFICATION_B:HAWAIITEL_CLARIFICATION_C:HAWAIITEL_CLARIFICATION_D:HAWAIITEL_CLARIFICATION_E:HAWAIITEL_CLARIFICATION_F:HAWAIITEL_CONFIRMATION|HAWAIITEL_DLR:HAWAIITEL_NACK:HAWAIITEL_ERROR:HAWAIITEL_CLARIFICATION_B:HAWAIITEL_CLARIFICATION_C:HAWAIITEL_CLARIFICATION_D:HAWAIITEL_CLARIFICATION_E:HAWAIITEL_CLARIFICATION_F:HAWAIITEL_CONFIRMATION|HAWAIITEL_ACK:HAWAIITEL_DLR:HAWAIITEL_NACK:HAWAIITEL_ERROR:HAWAIITEL_CLARIFICATION_B:HAWAIITEL_CLARIFICATION_C:HAWAIITEL_CLARIFICATION_D:HAWAIITEL_CLARIFICATION_E:HAWAIITEL_CLARIFICATION_F:HAWAIITEL_CONFIRMATION|HAWAIITEL_ACK:HAWAIITEL_DLR:HAWAIITEL_NACK:HAWAIITEL_ERROR:HAWAIITEL_CLARIFICATION_B:HAWAIITEL_CLARIFICATION_C:HAWAIITEL_CLARIFICATION_D:HAWAIITEL_CLARIFICATION_E:HAWAIITEL_CLARIFICATION_F:HAWAIITEL_CLARIFICATION_A:HAWAIITEL_CLARIFICATION_K:HAWAIITEL_CONFIRMATION</SUPPRESPONSEFILE>		
		<CUSTOMER>PAT_TST1|HAWAIITEL</CUSTOMER>
		<RESRAWINRESQUE>5</RESRAWINRESQUE>
		<CHANNELNAME>HAWAIITELASR</CHANNELNAME>
		<SVCTYP>WATS</SVCTYP>
	</TEST_CASE>
	<TEST_CASE name="HAWAIITEL_EVC_REQ">
		<EXECUTION>FALSE</EXECUTION>
		<HEADER>REQ_HEADER</HEADER>
		<RESPONSEHEADER>RES_HEADER</RESPONSEHEADER>
		<BODY>HAWAIITEL_EVC_REQ_BODY</BODY>
		<ASRC>REQ_ASRC</ASRC>
		<REQUEST>asr_order</REQUEST>
		<RESPONSE>asr_order_response</RESPONSE>
		<SUBREQUEST>EVC</SUBREQUEST>
		<ILEC>HAWAIITEL</ILEC>
		<HEADERVER>ASOG</HEADERVER>
		<CCNA>PTS</CCNA>
		<ICSC>HW10</ICSC>		
		<FLOW>SUPP4|SUPP1|SUPP2|SUPP3|Cancel|Resume|Abandon|Suspend</FLOW>
		<REMARKS>NEWSEND:NEWRECEIVE</REMARKS>
		<SUPP_REMARKS>SUPP4SEND:SUPP4RECEIVE|SUPP1SEND:SUPP1RECEIVE|SUPP2SEND:SUPP2RECEIVE|SUPP3SEND:SUPP3RECEIVE</SUPP_REMARKS>
		<RESPONSEMECHANISM>API</RESPONSEMECHANISM>						
		<RESPONSEFILE>HAWAIITEL_ACK:HAWAIITEL_DLR:HAWAIITEL_NACK:HAWAIITEL_ERROR:HAWAIITEL_CLARIFICATION_B:HAWAIITEL_CLARIFICATION_C:HAWAIITEL_CLARIFICATION_D:HAWAIITEL_CLARIFICATION_E:HAWAIITEL_CLARIFICATION_F</RESPONSEFILE>
		<SUPPRESPONSEFILE>HAWAIITEL_ACK:HAWAIITEL_DLR:HAWAIITEL_NACK:HAWAIITEL_ERROR:HAWAIITEL_CLARIFICATION_B:HAWAIITEL_CLARIFICATION_C:HAWAIITEL_CLARIFICATION_D:HAWAIITEL_CLARIFICATION_E:HAWAIITEL_CLARIFICATION_F:HAWAIITEL_CONFIRMATION|HAWAIITEL_DLR:HAWAIITEL_NACK:HAWAIITEL_ERROR:HAWAIITEL_CLARIFICATION_B:HAWAIITEL_CLARIFICATION_C:HAWAIITEL_CLARIFICATION_D:HAWAIITEL_CLARIFICATION_E:HAWAIITEL_CLARIFICATION_F:HAWAIITEL_CONFIRMATION|HAWAIITEL_ACK:HAWAIITEL_DLR:HAWAIITEL_NACK:HAWAIITEL_ERROR:HAWAIITEL_CLARIFICATION_B:HAWAIITEL_CLARIFICATION_C:HAWAIITEL_CLARIFICATION_D:HAWAIITEL_CLARIFICATION_E:HAWAIITEL_CLARIFICATION_F:HAWAIITEL_CONFIRMATION|HAWAIITEL_ACK:HAWAIITEL_DLR:HAWAIITEL_NACK:HAWAIITEL_ERROR:HAWAIITEL_CLARIFICATION_B:HAWAIITEL_CLARIFICATION_C:HAWAIITEL_CLARIFICATION_D:HAWAIITEL_CLARIFICATION_E:HAWAIITEL_CLARIFICATION_F:HAWAIITEL_CLARIFICATION_A:HAWAIITEL_CLARIFICATION_K:HAWAIITEL_CONFIRMATION</SUPPRESPONSEFILE>		
		<CUSTOMER>ASR_GW|HAWAIITEL</CUSTOMER>
		<RESRAWINRESQUE>5</RESRAWINRESQUE>
		<CHANNELNAME>HAWAIITELASR</CHANNELNAME>
		<SVCTYP>EVC</SVCTYP>
	</TEST_CASE>
	<TEST_CASE name="HAWAIITEL_VC_REQ">
		<EXECUTION>FALSE</EXECUTION>
		<HEADER>REQ_HEADER</HEADER>
		<RESPONSEHEADER>RES_HEADER</RESPONSEHEADER>
		<BODY>HAWAIITEL_VC_REQ_BODY</BODY>
		<ASRC>REQ_ASRC</ASRC>
		<REQUEST>asr_order</REQUEST>
		<RESPONSE>asr_order_response</RESPONSE>
		<SUBREQUEST>VC</SUBREQUEST>
		<ILEC>HAWAIITEL</ILEC>
		<HEADERVER>ASOG</HEADERVER>
		<CCNA>PTS</CCNA>
		<ICSC>HW10</ICSC>		
		<FLOW>SUPP4|SUPP1|SUPP2|SUPP3|Cancel|Resume|Abandon|Suspend</FLOW>
		<REMARKS>NEWSEND:NEWRECEIVE</REMARKS>
		<SUPP_REMARKS>SUPP4SEND:SUPP4RECEIVE|SUPP1SEND:SUPP1RECEIVE|SUPP2SEND:SUPP2RECEIVE|SUPP3SEND:SUPP3RECEIVE</SUPP_REMARKS>
		<RESPONSEMECHANISM>API</RESPONSEMECHANISM>						
		<RESPONSEFILE>HAWAIITEL_ACK:HAWAIITEL_DLR:HAWAIITEL_NACK:HAWAIITEL_ERROR:HAWAIITEL_CLARIFICATION_B:HAWAIITEL_CLARIFICATION_C:HAWAIITEL_CLARIFICATION_D:HAWAIITEL_CLARIFICATION_E:HAWAIITEL_CLARIFICATION_F</RESPONSEFILE>
		<SUPPRESPONSEFILE>HAWAIITEL_ACK:HAWAIITEL_DLR:HAWAIITEL_NACK:HAWAIITEL_ERROR:HAWAIITEL_CLARIFICATION_B:HAWAIITEL_CLARIFICATION_C:HAWAIITEL_CLARIFICATION_D:HAWAIITEL_CLARIFICATION_E:HAWAIITEL_CLARIFICATION_F:HAWAIITEL_CONFIRMATION|HAWAIITEL_DLR:HAWAIITEL_NACK:HAWAIITEL_ERROR:HAWAIITEL_CLARIFICATION_B:HAWAIITEL_CLARIFICATION_C:HAWAIITEL_CLARIFICATION_D:HAWAIITEL_CLARIFICATION_E:HAWAIITEL_CLARIFICATION_F:HAWAIITEL_CONFIRMATION|HAWAIITEL_ACK:HAWAIITEL_DLR:HAWAIITEL_NACK:HAWAIITEL_ERROR:HAWAIITEL_CLARIFICATION_B:HAWAIITEL_CLARIFICATION_C:HAWAIITEL_CLARIFICATION_D:HAWAIITEL_CLARIFICATION_E:HAWAIITEL_CLARIFICATION_F:HAWAIITEL_CONFIRMATION|HAWAIITEL_ACK:HAWAIITEL_DLR:HAWAIITEL_NACK:HAWAIITEL_ERROR:HAWAIITEL_CLARIFICATION_B:HAWAIITEL_CLARIFICATION_C:HAWAIITEL_CLARIFICATION_D:HAWAIITEL_CLARIFICATION_E:HAWAIITEL_CLARIFICATION_F:HAWAIITEL_CLARIFICATION_A:HAWAIITEL_CLARIFICATION_K:HAWAIITEL_CONFIRMATION</SUPPRESPONSEFILE>		
		<CUSTOMER>PAT_TST1|HAWAIITEL</CUSTOMER>
		<RESRAWINRESQUE>5</RESRAWINRESQUE>
		<CHANNELNAME>HAWAIITELASR</CHANNELNAME>
		<SVCTYP>VC</SVCTYP>
	</TEST_CASE>
	<TEST_CASE name="HAWAIITEL_Ring_REQ">
		<EXECUTION>FALSE</EXECUTION>
		<HEADER>REQ_HEADER</HEADER>
		<RESPONSEHEADER>RES_HEADER</RESPONSEHEADER>
		<BODY>HAWAIITEL_Ring_REQ_BODY</BODY>
		<ASRC>REQ_ASRC</ASRC>
		<REQUEST>asr_order</REQUEST>
		<RESPONSE>asr_order_response</RESPONSE>
		<SUBREQUEST>Ring</SUBREQUEST>
		<ILEC>HAWAIITEL</ILEC>
		<HEADERVER>ASOG</HEADERVER>
		<CCNA>PTS</CCNA>
		<ICSC>HW10</ICSC>		
		<FLOW>SUPP4|SUPP1|SUPP2|SUPP3|Cancel|Resume|Abandon|Suspend</FLOW>
		<REMARKS>NEWSEND:NEWRECEIVE</REMARKS>
		<SUPP_REMARKS>SUPP4SEND:SUPP4RECEIVE|SUPP1SEND:SUPP1RECEIVE|SUPP2SEND:SUPP2RECEIVE|SUPP3SEND:SUPP3RECEIVE</SUPP_REMARKS>
		<RESPONSEMECHANISM>API</RESPONSEMECHANISM>						
		<RESPONSEFILE>HAWAIITEL_ACK:HAWAIITEL_DLR:HAWAIITEL_NACK:HAWAIITEL_ERROR:HAWAIITEL_CLARIFICATION_B:HAWAIITEL_CLARIFICATION_C:HAWAIITEL_CLARIFICATION_D:HAWAIITEL_CLARIFICATION_E:HAWAIITEL_CLARIFICATION_F</RESPONSEFILE>
		<SUPPRESPONSEFILE>HAWAIITEL_ACK:HAWAIITEL_DLR:HAWAIITEL_NACK:HAWAIITEL_ERROR:HAWAIITEL_CLARIFICATION_B:HAWAIITEL_CLARIFICATION_C:HAWAIITEL_CLARIFICATION_D:HAWAIITEL_CLARIFICATION_E:HAWAIITEL_CLARIFICATION_F:HAWAIITEL_CONFIRMATION|HAWAIITEL_DLR:HAWAIITEL_NACK:HAWAIITEL_ERROR:HAWAIITEL_CLARIFICATION_B:HAWAIITEL_CLARIFICATION_C:HAWAIITEL_CLARIFICATION_D:HAWAIITEL_CLARIFICATION_E:HAWAIITEL_CLARIFICATION_F:HAWAIITEL_CONFIRMATION|HAWAIITEL_ACK:HAWAIITEL_DLR:HAWAIITEL_NACK:HAWAIITEL_ERROR:HAWAIITEL_CLARIFICATION_B:HAWAIITEL_CLARIFICATION_C:HAWAIITEL_CLARIFICATION_D:HAWAIITEL_CLARIFICATION_E:HAWAIITEL_CLARIFICATION_F:HAWAIITEL_CONFIRMATION|HAWAIITEL_ACK:HAWAIITEL_DLR:HAWAIITEL_NACK:HAWAIITEL_ERROR:HAWAIITEL_CLARIFICATION_B:HAWAIITEL_CLARIFICATION_C:HAWAIITEL_CLARIFICATION_D:HAWAIITEL_CLARIFICATION_E:HAWAIITEL_CLARIFICATION_F:HAWAIITEL_CLARIFICATION_A:HAWAIITEL_CLARIFICATION_K:HAWAIITEL_CONFIRMATION</SUPPRESPONSEFILE>		
		<CUSTOMER>PAT_TST1|HAWAIITEL</CUSTOMER>
		<RESRAWINRESQUE>5</RESRAWINRESQUE>
		<CHANNELNAME>HAWAIITELASR</CHANNELNAME>
		<SVCTYP>Ring</SVCTYP>
	</TEST_CASE>
	<TEST_CASE name="BHN_PROD_Transport_E_REQ">
		<EXECUTION>FALSE</EXECUTION>
		<HEADER>REQ_HEADER</HEADER>
		<RESPONSEHEADER>RES_HEADER</RESPONSEHEADER>
		<BODY>BHN_PROD_Transport_E_REQ_BODY</BODY>
		<ASRC>REQ_ASRC</ASRC>
		<REQUEST>asr_order</REQUEST>
		<RESPONSE>asr_order_response</RESPONSE>
		<SUBREQUEST>Transport</SUBREQUEST>
		<ILEC>BHN_PROD</ILEC>
		<HEADERVER>ASOG</HEADERVER>
		<CCNA>HAR</CCNA>
		<ICSC>BH10</ICSC>		
		<FLOW>SUPP4|SUPP1|SUPP2|SUPP3|Cancel|Resume|Abandon|Suspend</FLOW>
		<REMARKS>NEWSEND:NEWRECEIVE</REMARKS>
		<SUPP_REMARKS>SUPP4SEND:SUPP4RECEIVE|SUPP1SEND:SUPP1RECEIVE|SUPP2SEND:SUPP2RECEIVE|SUPP3SEND:SUPP3RECEIVE</SUPP_REMARKS>
		<RESPONSEMECHANISM>API</RESPONSEMECHANISM>						
		<RESPONSEFILE>BHN_PROD_ACK:BHN_PROD_DLR:BHN_PROD_NACK:BHN_PROD_ERROR:BHN_PROD_CLARIFICATION_B:BHN_PROD_CLARIFICATION_C:BHN_PROD_CLARIFICATION_D:BHN_PROD_CLARIFICATION_E:BHN_PROD_CLARIFICATION_F</RESPONSEFILE>
		<SUPPRESPONSEFILE>BHN_PROD_ACK:BHN_PROD_DLR:BHN_PROD_NACK:BHN_PROD_ERROR:BHN_PROD_CLARIFICATION_B:BHN_PROD_CLARIFICATION_C:BHN_PROD_CLARIFICATION_D:BHN_PROD_CLARIFICATION_E:BHN_PROD_CLARIFICATION_F:BHN_PROD_CONFIRMATION|BHN_PROD_DLR:BHN_PROD_NACK:BHN_PROD_ERROR:BHN_PROD_CLARIFICATION_B:BHN_PROD_CLARIFICATION_C:BHN_PROD_CLARIFICATION_D:BHN_PROD_CLARIFICATION_E:BHN_PROD_CLARIFICATION_F:BHN_PROD_CONFIRMATION|BHN_PROD_ACK:BHN_PROD_DLR:BHN_PROD_NACK:BHN_PROD_ERROR:BHN_PROD_CLARIFICATION_B:BHN_PROD_CLARIFICATION_C:BHN_PROD_CLARIFICATION_D:BHN_PROD_CLARIFICATION_E:BHN_PROD_CLARIFICATION_F:BHN_PROD_CONFIRMATION|BHN_PROD_ACK:BHN_PROD_DLR:BHN_PROD_NACK:BHN_PROD_ERROR:BHN_PROD_CLARIFICATION_B:BHN_PROD_CLARIFICATION_C:BHN_PROD_CLARIFICATION_D:BHN_PROD_CLARIFICATION_E:BHN_PROD_CLARIFICATION_F:BHN_PROD_CLARIFICATION_A:BHN_PROD_CLARIFICATION_K:BHN_PROD_CONFIRMATION</SUPPRESPONSEFILE>		
		<CUSTOMER>ASR_GW|BHN_PROD</CUSTOMER>
		<RESRAWINRESQUE>5</RESRAWINRESQUE>
		<CHANNELNAME>BHNPRODASR</CHANNELNAME>
		<SVCTYP>Transport</SVCTYP>
	</TEST_CASE>
	<TEST_CASE name="BHN_PROD_Transport_S_REQ">
		<EXECUTION>FALSE</EXECUTION>
		<HEADER>REQ_HEADER</HEADER>
		<RESPONSEHEADER>RES_HEADER</RESPONSEHEADER>
		<BODY>BHN_PROD_Transport_S_REQ_BODY</BODY>
		<ASRC>REQ_ASRC</ASRC>
		<REQUEST>asr_order</REQUEST>
		<RESPONSE>asr_order_response</RESPONSE>
		<SUBREQUEST>Transport</SUBREQUEST>
		<ILEC>BHN_PROD</ILEC>
		<HEADERVER>ASOG</HEADERVER>
		<CCNA>ALT</CCNA>
		<ICSC>BH10</ICSC>		
		<FLOW>SUPP4|SUPP1|SUPP2|SUPP3|Cancel|Resume|Abandon|Suspend</FLOW>
		<REMARKS>NEWSEND:NEWRECEIVE</REMARKS>
		<SUPP_REMARKS>SUPP4SEND:SUPP4RECEIVE|SUPP1SEND:SUPP1RECEIVE|SUPP2SEND:SUPP2RECEIVE|SUPP3SEND:SUPP3RECEIVE</SUPP_REMARKS>
		<RESPONSEMECHANISM>API</RESPONSEMECHANISM>						
		<RESPONSEFILE>BHN_PROD_ACK:BHN_PROD_DLR:BHN_PROD_NACK:BHN_PROD_ERROR:BHN_PROD_CLARIFICATION_B:BHN_PROD_CLARIFICATION_C:BHN_PROD_CLARIFICATION_D:BHN_PROD_CLARIFICATION_E:BHN_PROD_CLARIFICATION_F</RESPONSEFILE>
		<SUPPRESPONSEFILE>BHN_PROD_ACK:BHN_PROD_DLR:BHN_PROD_NACK:BHN_PROD_ERROR:BHN_PROD_CLARIFICATION_B:BHN_PROD_CLARIFICATION_C:BHN_PROD_CLARIFICATION_D:BHN_PROD_CLARIFICATION_E:BHN_PROD_CLARIFICATION_F:BHN_PROD_CONFIRMATION|BHN_PROD_DLR:BHN_PROD_NACK:BHN_PROD_ERROR:BHN_PROD_CLARIFICATION_B:BHN_PROD_CLARIFICATION_C:BHN_PROD_CLARIFICATION_D:BHN_PROD_CLARIFICATION_E:BHN_PROD_CLARIFICATION_F:BHN_PROD_CONFIRMATION|BHN_PROD_ACK:BHN_PROD_DLR:BHN_PROD_NACK:BHN_PROD_ERROR:BHN_PROD_CLARIFICATION_B:BHN_PROD_CLARIFICATION_C:BHN_PROD_CLARIFICATION_D:BHN_PROD_CLARIFICATION_E:BHN_PROD_CLARIFICATION_F:BHN_PROD_CONFIRMATION|BHN_PROD_ACK:BHN_PROD_DLR:BHN_PROD_NACK:BHN_PROD_ERROR:BHN_PROD_CLARIFICATION_B:BHN_PROD_CLARIFICATION_C:BHN_PROD_CLARIFICATION_D:BHN_PROD_CLARIFICATION_E:BHN_PROD_CLARIFICATION_F:BHN_PROD_CLARIFICATION_A:BHN_PROD_CLARIFICATION_K:BHN_PROD_CONFIRMATION</SUPPRESPONSEFILE>		
		<CUSTOMER>BHN_QA|BHN_PROD</CUSTOMER>
		<RESRAWINRESQUE>5</RESRAWINRESQUE>
		<CHANNELNAME>BHNPRODASR</CHANNELNAME>
		<SVCTYP>Transport</SVCTYP>
	</TEST_CASE>
	<TEST_CASE name="BHN_PROD_Trunking_REQ">
		<EXECUTION>FALSE</EXECUTION>
		<HEADER>REQ_HEADER</HEADER>
		<RESPONSEHEADER>RES_HEADER</RESPONSEHEADER>
		<BODY>BHN_PROD_Trunking_REQ_BODY</BODY>
		<ASRC>REQ_ASRC</ASRC>
		<REQUEST>asr_order</REQUEST>
		<RESPONSE>asr_order_response</RESPONSE>
		<SUBREQUEST>Trunking</SUBREQUEST>
		<ILEC>BHN_PROD</ILEC>
		<HEADERVER>ASOG</HEADERVER>
		<CCNA>ALT</CCNA>
		<ICSC>BH10</ICSC>		
		<FLOW>SUPP4|SUPP1|SUPP2|SUPP3|Cancel|Resume|Abandon|Suspend</FLOW>
		<REMARKS>NEWSEND:NEWRECEIVE</REMARKS>
		<SUPP_REMARKS>SUPP4SEND:SUPP4RECEIVE|SUPP1SEND:SUPP1RECEIVE|SUPP2SEND:SUPP2RECEIVE|SUPP3SEND:SUPP3RECEIVE</SUPP_REMARKS>
		<RESPONSEMECHANISM>API</RESPONSEMECHANISM>						
		<RESPONSEFILE>BHN_PROD_ACK:BHN_PROD_DLR:BHN_PROD_NACK:BHN_PROD_ERROR:BHN_PROD_CLARIFICATION_B:BHN_PROD_CLARIFICATION_C:BHN_PROD_CLARIFICATION_D:BHN_PROD_CLARIFICATION_E:BHN_PROD_CLARIFICATION_F</RESPONSEFILE>
		<SUPPRESPONSEFILE>BHN_PROD_ACK:BHN_PROD_DLR:BHN_PROD_NACK:BHN_PROD_ERROR:BHN_PROD_CLARIFICATION_B:BHN_PROD_CLARIFICATION_C:BHN_PROD_CLARIFICATION_D:BHN_PROD_CLARIFICATION_E:BHN_PROD_CLARIFICATION_F:BHN_PROD_CONFIRMATION|BHN_PROD_DLR:BHN_PROD_NACK:BHN_PROD_ERROR:BHN_PROD_CLARIFICATION_B:BHN_PROD_CLARIFICATION_C:BHN_PROD_CLARIFICATION_D:BHN_PROD_CLARIFICATION_E:BHN_PROD_CLARIFICATION_F:BHN_PROD_CONFIRMATION|BHN_PROD_ACK:BHN_PROD_DLR:BHN_PROD_NACK:BHN_PROD_ERROR:BHN_PROD_CLARIFICATION_B:BHN_PROD_CLARIFICATION_C:BHN_PROD_CLARIFICATION_D:BHN_PROD_CLARIFICATION_E:BHN_PROD_CLARIFICATION_F:BHN_PROD_CONFIRMATION|BHN_PROD_ACK:BHN_PROD_DLR:BHN_PROD_NACK:BHN_PROD_ERROR:BHN_PROD_CLARIFICATION_B:BHN_PROD_CLARIFICATION_C:BHN_PROD_CLARIFICATION_D:BHN_PROD_CLARIFICATION_E:BHN_PROD_CLARIFICATION_F:BHN_PROD_CLARIFICATION_A:BHN_PROD_CLARIFICATION_K:BHN_PROD_CONFIRMATION</SUPPRESPONSEFILE>		
		<CUSTOMER>BHN_QA|BHN_PROD</CUSTOMER>
		<RESRAWINRESQUE>5</RESRAWINRESQUE>
		<CHANNELNAME>BHNPRODASR</CHANNELNAME>
		<SVCTYP>Trunking</SVCTYP>
	</TEST_CASE>
	<TEST_CASE name="BHN_PROD_FGA_REQ">
		<EXECUTION>FALSE</EXECUTION>
		<HEADER>REQ_HEADER</HEADER>
		<RESPONSEHEADER>RES_HEADER</RESPONSEHEADER>
		<BODY>BHN_PROD_FGA_REQ_BODY</BODY>
		<ASRC>REQ_ASRC</ASRC>
		<REQUEST>asr_order</REQUEST>
		<RESPONSE>asr_order_response</RESPONSE>
		<SUBREQUEST>FGA</SUBREQUEST>
		<ILEC>BHN_PROD</ILEC>
		<HEADERVER>ASOG</HEADERVER>
		<CCNA>ALT</CCNA>
		<ICSC>BH10</ICSC>		
		<FLOW>SUPP4|SUPP1|SUPP2|SUPP3|Cancel|Resume|Abandon|Suspend</FLOW>
		<REMARKS>NEWSEND:NEWRECEIVE</REMARKS>
		<SUPP_REMARKS>SUPP4SEND:SUPP4RECEIVE|SUPP1SEND:SUPP1RECEIVE|SUPP2SEND:SUPP2RECEIVE|SUPP3SEND:SUPP3RECEIVE</SUPP_REMARKS>
		<RESPONSEMECHANISM>API</RESPONSEMECHANISM>						
		<RESPONSEFILE>BHN_PROD_ACK:BHN_PROD_DLR:BHN_PROD_NACK:BHN_PROD_ERROR:BHN_PROD_CLARIFICATION_B:BHN_PROD_CLARIFICATION_C:BHN_PROD_CLARIFICATION_D:BHN_PROD_CLARIFICATION_E:BHN_PROD_CLARIFICATION_F</RESPONSEFILE>
		<SUPPRESPONSEFILE>BHN_PROD_ACK:BHN_PROD_DLR:BHN_PROD_NACK:BHN_PROD_ERROR:BHN_PROD_CLARIFICATION_B:BHN_PROD_CLARIFICATION_C:BHN_PROD_CLARIFICATION_D:BHN_PROD_CLARIFICATION_E:BHN_PROD_CLARIFICATION_F:BHN_PROD_CONFIRMATION|BHN_PROD_DLR:BHN_PROD_NACK:BHN_PROD_ERROR:BHN_PROD_CLARIFICATION_B:BHN_PROD_CLARIFICATION_C:BHN_PROD_CLARIFICATION_D:BHN_PROD_CLARIFICATION_E:BHN_PROD_CLARIFICATION_F:BHN_PROD_CONFIRMATION|BHN_PROD_ACK:BHN_PROD_DLR:BHN_PROD_NACK:BHN_PROD_ERROR:BHN_PROD_CLARIFICATION_B:BHN_PROD_CLARIFICATION_C:BHN_PROD_CLARIFICATION_D:BHN_PROD_CLARIFICATION_E:BHN_PROD_CLARIFICATION_F:BHN_PROD_CONFIRMATION|BHN_PROD_ACK:BHN_PROD_DLR:BHN_PROD_NACK:BHN_PROD_ERROR:BHN_PROD_CLARIFICATION_B:BHN_PROD_CLARIFICATION_C:BHN_PROD_CLARIFICATION_D:BHN_PROD_CLARIFICATION_E:BHN_PROD_CLARIFICATION_F:BHN_PROD_CLARIFICATION_A:BHN_PROD_CLARIFICATION_K:BHN_PROD_CONFIRMATION</SUPPRESPONSEFILE>		
		<CUSTOMER>BHN_QA|BHN_PROD</CUSTOMER>
		<RESRAWINRESQUE>5</RESRAWINRESQUE>
		<CHANNELNAME>BHNPRODASR</CHANNELNAME>
		<SVCTYP>FGA</SVCTYP>
	</TEST_CASE>
	<TEST_CASE name="BHN_PROD_WATS_REQ">
		<EXECUTION>FALSE</EXECUTION>
		<HEADER>REQ_HEADER</HEADER>
		<RESPONSEHEADER>RES_HEADER</RESPONSEHEADER>
		<BODY>BHN_PROD_WATS_REQ_BODY</BODY>
		<ASRC>REQ_ASRC</ASRC>
		<REQUEST>asr_order</REQUEST>
		<RESPONSE>asr_order_response</RESPONSE>
		<SUBREQUEST>WATS</SUBREQUEST>
		<ILEC>BHN_PROD</ILEC>
		<HEADERVER>ASOG</HEADERVER>
		<CCNA>ALT</CCNA>
		<ICSC>BH10</ICSC>		
		<FLOW>SUPP4|SUPP1|SUPP2|SUPP3|Cancel|Resume|Abandon|Suspend</FLOW>
		<REMARKS>NEWSEND:NEWRECEIVE</REMARKS>
		<SUPP_REMARKS>SUPP4SEND:SUPP4RECEIVE|SUPP1SEND:SUPP1RECEIVE|SUPP2SEND:SUPP2RECEIVE|SUPP3SEND:SUPP3RECEIVE</SUPP_REMARKS>
		<RESPONSEMECHANISM>API</RESPONSEMECHANISM>						
		<RESPONSEFILE>BHN_PROD_ACK:BHN_PROD_DLR:BHN_PROD_NACK:BHN_PROD_ERROR:BHN_PROD_CLARIFICATION_B:BHN_PROD_CLARIFICATION_C:BHN_PROD_CLARIFICATION_D:BHN_PROD_CLARIFICATION_E:BHN_PROD_CLARIFICATION_F</RESPONSEFILE>
		<SUPPRESPONSEFILE>BHN_PROD_ACK:BHN_PROD_DLR:BHN_PROD_NACK:BHN_PROD_ERROR:BHN_PROD_CLARIFICATION_B:BHN_PROD_CLARIFICATION_C:BHN_PROD_CLARIFICATION_D:BHN_PROD_CLARIFICATION_E:BHN_PROD_CLARIFICATION_F:BHN_PROD_CONFIRMATION|BHN_PROD_DLR:BHN_PROD_NACK:BHN_PROD_ERROR:BHN_PROD_CLARIFICATION_B:BHN_PROD_CLARIFICATION_C:BHN_PROD_CLARIFICATION_D:BHN_PROD_CLARIFICATION_E:BHN_PROD_CLARIFICATION_F:BHN_PROD_CONFIRMATION|BHN_PROD_ACK:BHN_PROD_DLR:BHN_PROD_NACK:BHN_PROD_ERROR:BHN_PROD_CLARIFICATION_B:BHN_PROD_CLARIFICATION_C:BHN_PROD_CLARIFICATION_D:BHN_PROD_CLARIFICATION_E:BHN_PROD_CLARIFICATION_F:BHN_PROD_CONFIRMATION|BHN_PROD_ACK:BHN_PROD_DLR:BHN_PROD_NACK:BHN_PROD_ERROR:BHN_PROD_CLARIFICATION_B:BHN_PROD_CLARIFICATION_C:BHN_PROD_CLARIFICATION_D:BHN_PROD_CLARIFICATION_E:BHN_PROD_CLARIFICATION_F:BHN_PROD_CLARIFICATION_A:BHN_PROD_CLARIFICATION_K:BHN_PROD_CONFIRMATION</SUPPRESPONSEFILE>		
		<CUSTOMER>BHN_QA|BHN_PROD</CUSTOMER>
		<RESRAWINRESQUE>5</RESRAWINRESQUE>
		<CHANNELNAME>BHNPRODASR</CHANNELNAME>
		<SVCTYP>WATS</SVCTYP>
	</TEST_CASE>
	<TEST_CASE name="BHN_PROD_EVC_REQ">
		<EXECUTION>FALSE</EXECUTION>
		<HEADER>REQ_HEADER</HEADER>
		<RESPONSEHEADER>RES_HEADER</RESPONSEHEADER>
		<BODY>BHN_PROD_EVC_REQ_BODY</BODY>
		<ASRC>REQ_ASRC</ASRC>
		<REQUEST>asr_order</REQUEST>
		<RESPONSE>asr_order_response</RESPONSE>
		<SUBREQUEST>EVC</SUBREQUEST>
		<ILEC>BHN_PROD</ILEC>
		<HEADERVER>ASOG</HEADERVER>
		<CCNA>ALT</CCNA>
		<ICSC>BH10</ICSC>		
		<FLOW>SUPP4|SUPP1|SUPP2|SUPP3|Cancel|Resume|Abandon|Suspend</FLOW>
		<REMARKS>NEWSEND:NEWRECEIVE</REMARKS>
		<SUPP_REMARKS>SUPP4SEND:SUPP4RECEIVE|SUPP1SEND:SUPP1RECEIVE|SUPP2SEND:SUPP2RECEIVE|SUPP3SEND:SUPP3RECEIVE</SUPP_REMARKS>
		<RESPONSEMECHANISM>API</RESPONSEMECHANISM>						
		<RESPONSEFILE>BHN_PROD_ACK:BHN_PROD_DLR:BHN_PROD_NACK:BHN_PROD_ERROR:BHN_PROD_CLARIFICATION_B:BHN_PROD_CLARIFICATION_C:BHN_PROD_CLARIFICATION_D:BHN_PROD_CLARIFICATION_E:BHN_PROD_CLARIFICATION_F</RESPONSEFILE>
		<SUPPRESPONSEFILE>BHN_PROD_ACK:BHN_PROD_DLR:BHN_PROD_NACK:BHN_PROD_ERROR:BHN_PROD_CLARIFICATION_B:BHN_PROD_CLARIFICATION_C:BHN_PROD_CLARIFICATION_D:BHN_PROD_CLARIFICATION_E:BHN_PROD_CLARIFICATION_F:BHN_PROD_CONFIRMATION|BHN_PROD_DLR:BHN_PROD_NACK:BHN_PROD_ERROR:BHN_PROD_CLARIFICATION_B:BHN_PROD_CLARIFICATION_C:BHN_PROD_CLARIFICATION_D:BHN_PROD_CLARIFICATION_E:BHN_PROD_CLARIFICATION_F:BHN_PROD_CONFIRMATION|BHN_PROD_ACK:BHN_PROD_DLR:BHN_PROD_NACK:BHN_PROD_ERROR:BHN_PROD_CLARIFICATION_B:BHN_PROD_CLARIFICATION_C:BHN_PROD_CLARIFICATION_D:BHN_PROD_CLARIFICATION_E:BHN_PROD_CLARIFICATION_F:BHN_PROD_CONFIRMATION|BHN_PROD_ACK:BHN_PROD_DLR:BHN_PROD_NACK:BHN_PROD_ERROR:BHN_PROD_CLARIFICATION_B:BHN_PROD_CLARIFICATION_C:BHN_PROD_CLARIFICATION_D:BHN_PROD_CLARIFICATION_E:BHN_PROD_CLARIFICATION_F:BHN_PROD_CLARIFICATION_A:BHN_PROD_CLARIFICATION_K:BHN_PROD_CONFIRMATION</SUPPRESPONSEFILE>		
		<CUSTOMER>BHN_QA|BHN_PROD</CUSTOMER>
		<RESRAWINRESQUE>5</RESRAWINRESQUE>
		<CHANNELNAME>BHNPRODASR</CHANNELNAME>
		<SVCTYP>EVC</SVCTYP>
	</TEST_CASE>
	<TEST_CASE name="BHN_PROD_VC_REQ">
		<EXECUTION>FALSE</EXECUTION>
		<HEADER>REQ_HEADER</HEADER>
		<RESPONSEHEADER>RES_HEADER</RESPONSEHEADER>
		<BODY>BHN_PROD_VC_REQ_BODY</BODY>
		<ASRC>REQ_ASRC</ASRC>
		<REQUEST>asr_order</REQUEST>
		<RESPONSE>asr_order_response</RESPONSE>
		<SUBREQUEST>VC</SUBREQUEST>
		<ILEC>BHN_PROD</ILEC>
		<HEADERVER>ASOG</HEADERVER>
		<CCNA>ALT</CCNA>
		<ICSC>BH10</ICSC>		
		<FLOW>SUPP4|SUPP1|SUPP2|SUPP3|Cancel|Resume|Abandon|Suspend</FLOW>
		<REMARKS>NEWSEND:NEWRECEIVE</REMARKS>
		<SUPP_REMARKS>SUPP4SEND:SUPP4RECEIVE|SUPP1SEND:SUPP1RECEIVE|SUPP2SEND:SUPP2RECEIVE|SUPP3SEND:SUPP3RECEIVE</SUPP_REMARKS>
		<RESPONSEMECHANISM>API</RESPONSEMECHANISM>						
		<RESPONSEFILE>BHN_PROD_ACK:BHN_PROD_DLR:BHN_PROD_NACK:BHN_PROD_ERROR:BHN_PROD_CLARIFICATION_B:BHN_PROD_CLARIFICATION_C:BHN_PROD_CLARIFICATION_D:BHN_PROD_CLARIFICATION_E:BHN_PROD_CLARIFICATION_F</RESPONSEFILE>
		<SUPPRESPONSEFILE>BHN_PROD_ACK:BHN_PROD_DLR:BHN_PROD_NACK:BHN_PROD_ERROR:BHN_PROD_CLARIFICATION_B:BHN_PROD_CLARIFICATION_C:BHN_PROD_CLARIFICATION_D:BHN_PROD_CLARIFICATION_E:BHN_PROD_CLARIFICATION_F:BHN_PROD_CONFIRMATION|BHN_PROD_DLR:BHN_PROD_NACK:BHN_PROD_ERROR:BHN_PROD_CLARIFICATION_B:BHN_PROD_CLARIFICATION_C:BHN_PROD_CLARIFICATION_D:BHN_PROD_CLARIFICATION_E:BHN_PROD_CLARIFICATION_F:BHN_PROD_CONFIRMATION|BHN_PROD_ACK:BHN_PROD_DLR:BHN_PROD_NACK:BHN_PROD_ERROR:BHN_PROD_CLARIFICATION_B:BHN_PROD_CLARIFICATION_C:BHN_PROD_CLARIFICATION_D:BHN_PROD_CLARIFICATION_E:BHN_PROD_CLARIFICATION_F:BHN_PROD_CONFIRMATION|BHN_PROD_ACK:BHN_PROD_DLR:BHN_PROD_NACK:BHN_PROD_ERROR:BHN_PROD_CLARIFICATION_B:BHN_PROD_CLARIFICATION_C:BHN_PROD_CLARIFICATION_D:BHN_PROD_CLARIFICATION_E:BHN_PROD_CLARIFICATION_F:BHN_PROD_CLARIFICATION_A:BHN_PROD_CLARIFICATION_K:BHN_PROD_CONFIRMATION</SUPPRESPONSEFILE>		
		<CUSTOMER>BHN_QA|BHN_PROD</CUSTOMER>
		<RESRAWINRESQUE>5</RESRAWINRESQUE>
		<CHANNELNAME>BHNPRODASR</CHANNELNAME>
		<SVCTYP>VC</SVCTYP>
	</TEST_CASE>
	<TEST_CASE name="BHN_PROD_Ring_REQ">
		<EXECUTION>FALSE</EXECUTION>
		<HEADER>REQ_HEADER</HEADER>
		<RESPONSEHEADER>RES_HEADER</RESPONSEHEADER>
		<BODY>BHN_PROD_Ring_REQ_BODY</BODY>
		<ASRC>REQ_ASRC</ASRC>
		<REQUEST>asr_order</REQUEST>
		<RESPONSE>asr_order_response</RESPONSE>
		<SUBREQUEST>Ring</SUBREQUEST>
		<ILEC>BHN_PROD</ILEC>
		<HEADERVER>ASOG</HEADERVER>
		<CCNA>ALT</CCNA>
		<ICSC>BH10</ICSC>		
		<FLOW>SUPP4|SUPP1|SUPP2|SUPP3|Cancel|Resume|Abandon|Suspend</FLOW>
		<REMARKS>NEWSEND:NEWRECEIVE</REMARKS>
		<SUPP_REMARKS>SUPP4SEND:SUPP4RECEIVE|SUPP1SEND:SUPP1RECEIVE|SUPP2SEND:SUPP2RECEIVE|SUPP3SEND:SUPP3RECEIVE</SUPP_REMARKS>
		<RESPONSEMECHANISM>API</RESPONSEMECHANISM>						
		<RESPONSEFILE>BHN_PROD_ACK:BHN_PROD_DLR:BHN_PROD_NACK:BHN_PROD_ERROR:BHN_PROD_CLARIFICATION_B:BHN_PROD_CLARIFICATION_C:BHN_PROD_CLARIFICATION_D:BHN_PROD_CLARIFICATION_E:BHN_PROD_CLARIFICATION_F</RESPONSEFILE>
		<SUPPRESPONSEFILE>BHN_PROD_ACK:BHN_PROD_DLR:BHN_PROD_NACK:BHN_PROD_ERROR:BHN_PROD_CLARIFICATION_B:BHN_PROD_CLARIFICATION_C:BHN_PROD_CLARIFICATION_D:BHN_PROD_CLARIFICATION_E:BHN_PROD_CLARIFICATION_F:BHN_PROD_CONFIRMATION|BHN_PROD_DLR:BHN_PROD_NACK:BHN_PROD_ERROR:BHN_PROD_CLARIFICATION_B:BHN_PROD_CLARIFICATION_C:BHN_PROD_CLARIFICATION_D:BHN_PROD_CLARIFICATION_E:BHN_PROD_CLARIFICATION_F:BHN_PROD_CONFIRMATION|BHN_PROD_ACK:BHN_PROD_DLR:BHN_PROD_NACK:BHN_PROD_ERROR:BHN_PROD_CLARIFICATION_B:BHN_PROD_CLARIFICATION_C:BHN_PROD_CLARIFICATION_D:BHN_PROD_CLARIFICATION_E:BHN_PROD_CLARIFICATION_F:BHN_PROD_CONFIRMATION|BHN_PROD_ACK:BHN_PROD_DLR:BHN_PROD_NACK:BHN_PROD_ERROR:BHN_PROD_CLARIFICATION_B:BHN_PROD_CLARIFICATION_C:BHN_PROD_CLARIFICATION_D:BHN_PROD_CLARIFICATION_E:BHN_PROD_CLARIFICATION_F:BHN_PROD_CLARIFICATION_A:BHN_PROD_CLARIFICATION_K:BHN_PROD_CONFIRMATION</SUPPRESPONSEFILE>		
		<CUSTOMER>BHN_QA|BHN_PROD</CUSTOMER>
		<RESRAWINRESQUE>5</RESRAWINRESQUE>
		<CHANNELNAME>BHNPRODASR</CHANNELNAME>
		<SVCTYP>Ring</SVCTYP>
	</TEST_CASE>
	<TEST_CASE name="TWC_COMM_Transport_E_REQ">
		<EXECUTION>FALSE</EXECUTION>
		<HEADER>REQ_HEADER</HEADER>
		<RESPONSEHEADER>RES_HEADER</RESPONSEHEADER>
		<BODY>TWC_COMM_Transport_E_REQ_BODY</BODY>
		<ASRC>REQ_ASRC</ASRC>
		<REQUEST>asr_order</REQUEST>
		<RESPONSE>asr_order_response</RESPONSE>
		<SUBREQUEST>Transport</SUBREQUEST>
		<ILEC>TWC_COMM</ILEC>
		<HEADERVER>ASOG</HEADERVER>
		<CCNA>ALT</CCNA>
		<ICSC>TW10</ICSC>		
		<FLOW>SUPP4|SUPP1|SUPP2|SUPP3|Cancel|Resume|Abandon|Suspend</FLOW>
		<REMARKS>NEWSEND:NEWRECEIVE</REMARKS>
		<SUPP_REMARKS>SUPP4SEND:SUPP4RECEIVE|SUPP1SEND:SUPP1RECEIVE|SUPP2SEND:SUPP2RECEIVE|SUPP3SEND:SUPP3RECEIVE</SUPP_REMARKS>
		<RESPONSEMECHANISM>API</RESPONSEMECHANISM>						
		<RESPONSEFILE>TWC_COMM_ACK:TWC_COMM_DLR:TWC_COMM_NACK:TWC_COMM_ERROR:TWC_COMM_CLARIFICATION_B:TWC_COMM_CLARIFICATION_C:TWC_COMM_CLARIFICATION_D:TWC_COMM_CLARIFICATION_E:TWC_COMM_CLARIFICATION_F</RESPONSEFILE>
		<SUPPRESPONSEFILE>TWC_COMM_ACK:TWC_COMM_DLR:TWC_COMM_NACK:TWC_COMM_ERROR:TWC_COMM_CLARIFICATION_B:TWC_COMM_CLARIFICATION_C:TWC_COMM_CLARIFICATION_D:TWC_COMM_CLARIFICATION_E:TWC_COMM_CLARIFICATION_F:TWC_COMM_CONFIRMATION|TWC_COMM_DLR:TWC_COMM_NACK:TWC_COMM_ERROR:TWC_COMM_CLARIFICATION_B:TWC_COMM_CLARIFICATION_C:TWC_COMM_CLARIFICATION_D:TWC_COMM_CLARIFICATION_E:TWC_COMM_CLARIFICATION_F:TWC_COMM_CONFIRMATION|TWC_COMM_ACK:TWC_COMM_DLR:TWC_COMM_NACK:TWC_COMM_ERROR:TWC_COMM_CLARIFICATION_B:TWC_COMM_CLARIFICATION_C:TWC_COMM_CLARIFICATION_D:TWC_COMM_CLARIFICATION_E:TWC_COMM_CLARIFICATION_F:TWC_COMM_CONFIRMATION|TWC_COMM_ACK:TWC_COMM_DLR:TWC_COMM_NACK:TWC_COMM_ERROR:TWC_COMM_CLARIFICATION_B:TWC_COMM_CLARIFICATION_C:TWC_COMM_CLARIFICATION_D:TWC_COMM_CLARIFICATION_E:TWC_COMM_CLARIFICATION_F:TWC_COMM_CLARIFICATION_A:TWC_COMM_CLARIFICATION_K:TWC_COMM_CONFIRMATION</SUPPRESPONSEFILE>		
		<CUSTOMER>TWC_QA|TWC_COMM</CUSTOMER>
		<RESRAWINRESQUE>5</RESRAWINRESQUE>
		<CHANNELNAME>TWCCOMMASR</CHANNELNAME>
		<SVCTYP>Transport</SVCTYP>
	</TEST_CASE>
	<TEST_CASE name="TWC_COMM_Transport_S_REQ">
		<EXECUTION>FALSE</EXECUTION>
		<HEADER>REQ_HEADER</HEADER>
		<RESPONSEHEADER>RES_HEADER</RESPONSEHEADER>
		<BODY>TWC_COMM_Transport_S_REQ_BODY</BODY>
		<ASRC>REQ_ASRC</ASRC>
		<REQUEST>asr_order</REQUEST>
		<RESPONSE>asr_order_response</RESPONSE>
		<SUBREQUEST>Transport</SUBREQUEST>
		<ILEC>TWC_COMM</ILEC>
		<HEADERVER>ASOG</HEADERVER>
		<CCNA>ALT</CCNA>
		<ICSC>TW10</ICSC>		
		<FLOW>SUPP4|SUPP1|SUPP2|SUPP3|Cancel|Resume|Abandon|Suspend</FLOW>
		<REMARKS>NEWSEND:NEWRECEIVE</REMARKS>
		<SUPP_REMARKS>SUPP4SEND:SUPP4RECEIVE|SUPP1SEND:SUPP1RECEIVE|SUPP2SEND:SUPP2RECEIVE|SUPP3SEND:SUPP3RECEIVE</SUPP_REMARKS>
		<RESPONSEMECHANISM>API</RESPONSEMECHANISM>						
		<RESPONSEFILE>TWC_COMM_ACK:TWC_COMM_DLR:TWC_COMM_NACK:TWC_COMM_ERROR:TWC_COMM_CLARIFICATION_B:TWC_COMM_CLARIFICATION_C:TWC_COMM_CLARIFICATION_D:TWC_COMM_CLARIFICATION_E:TWC_COMM_CLARIFICATION_F</RESPONSEFILE>
		<SUPPRESPONSEFILE>TWC_COMM_ACK:TWC_COMM_DLR:TWC_COMM_NACK:TWC_COMM_ERROR:TWC_COMM_CLARIFICATION_B:TWC_COMM_CLARIFICATION_C:TWC_COMM_CLARIFICATION_D:TWC_COMM_CLARIFICATION_E:TWC_COMM_CLARIFICATION_F:TWC_COMM_CONFIRMATION|TWC_COMM_DLR:TWC_COMM_NACK:TWC_COMM_ERROR:TWC_COMM_CLARIFICATION_B:TWC_COMM_CLARIFICATION_C:TWC_COMM_CLARIFICATION_D:TWC_COMM_CLARIFICATION_E:TWC_COMM_CLARIFICATION_F:TWC_COMM_CONFIRMATION|TWC_COMM_ACK:TWC_COMM_DLR:TWC_COMM_NACK:TWC_COMM_ERROR:TWC_COMM_CLARIFICATION_B:TWC_COMM_CLARIFICATION_C:TWC_COMM_CLARIFICATION_D:TWC_COMM_CLARIFICATION_E:TWC_COMM_CLARIFICATION_F:TWC_COMM_CONFIRMATION|TWC_COMM_ACK:TWC_COMM_DLR:TWC_COMM_NACK:TWC_COMM_ERROR:TWC_COMM_CLARIFICATION_B:TWC_COMM_CLARIFICATION_C:TWC_COMM_CLARIFICATION_D:TWC_COMM_CLARIFICATION_E:TWC_COMM_CLARIFICATION_F:TWC_COMM_CLARIFICATION_A:TWC_COMM_CLARIFICATION_K:TWC_COMM_CONFIRMATION</SUPPRESPONSEFILE>		
		<CUSTOMER>TWC_QA|TWC_COMM</CUSTOMER>
		<RESRAWINRESQUE>5</RESRAWINRESQUE>
		<CHANNELNAME>TWCCOMMASR</CHANNELNAME>
		<SVCTYP>Transport</SVCTYP>
	</TEST_CASE>
	<TEST_CASE name="TWC_COMM_Trunking_REQ">
		<EXECUTION>FALSE</EXECUTION>
		<HEADER>REQ_HEADER</HEADER>
		<RESPONSEHEADER>RES_HEADER</RESPONSEHEADER>
		<BODY>TWC_COMM_Trunking_REQ_BODY</BODY>
		<ASRC>REQ_ASRC</ASRC>
		<REQUEST>asr_order</REQUEST>
		<RESPONSE>asr_order_response</RESPONSE>
		<SUBREQUEST>Trunking</SUBREQUEST>
		<ILEC>TWC_COMM</ILEC>
		<HEADERVER>ASOG</HEADERVER>
		<CCNA>ALT</CCNA>
		<ICSC>TW10</ICSC>		
		<FLOW>SUPP4|SUPP1|SUPP2|SUPP3|Cancel|Resume|Abandon|Suspend</FLOW>
		<REMARKS>NEWSEND:NEWRECEIVE</REMARKS>
		<SUPP_REMARKS>SUPP4SEND:SUPP4RECEIVE|SUPP1SEND:SUPP1RECEIVE|SUPP2SEND:SUPP2RECEIVE|SUPP3SEND:SUPP3RECEIVE</SUPP_REMARKS>
		<RESPONSEMECHANISM>API</RESPONSEMECHANISM>						
		<RESPONSEFILE>TWC_COMM_ACK:TWC_COMM_DLR:TWC_COMM_NACK:TWC_COMM_ERROR:TWC_COMM_CLARIFICATION_B:TWC_COMM_CLARIFICATION_C:TWC_COMM_CLARIFICATION_D:TWC_COMM_CLARIFICATION_E:TWC_COMM_CLARIFICATION_F</RESPONSEFILE>
		<SUPPRESPONSEFILE>TWC_COMM_ACK:TWC_COMM_DLR:TWC_COMM_NACK:TWC_COMM_ERROR:TWC_COMM_CLARIFICATION_B:TWC_COMM_CLARIFICATION_C:TWC_COMM_CLARIFICATION_D:TWC_COMM_CLARIFICATION_E:TWC_COMM_CLARIFICATION_F:TWC_COMM_CONFIRMATION|TWC_COMM_DLR:TWC_COMM_NACK:TWC_COMM_ERROR:TWC_COMM_CLARIFICATION_B:TWC_COMM_CLARIFICATION_C:TWC_COMM_CLARIFICATION_D:TWC_COMM_CLARIFICATION_E:TWC_COMM_CLARIFICATION_F:TWC_COMM_CONFIRMATION|TWC_COMM_ACK:TWC_COMM_DLR:TWC_COMM_NACK:TWC_COMM_ERROR:TWC_COMM_CLARIFICATION_B:TWC_COMM_CLARIFICATION_C:TWC_COMM_CLARIFICATION_D:TWC_COMM_CLARIFICATION_E:TWC_COMM_CLARIFICATION_F:TWC_COMM_CONFIRMATION|TWC_COMM_ACK:TWC_COMM_DLR:TWC_COMM_NACK:TWC_COMM_ERROR:TWC_COMM_CLARIFICATION_B:TWC_COMM_CLARIFICATION_C:TWC_COMM_CLARIFICATION_D:TWC_COMM_CLARIFICATION_E:TWC_COMM_CLARIFICATION_F:TWC_COMM_CLARIFICATION_A:TWC_COMM_CLARIFICATION_K:TWC_COMM_CONFIRMATION</SUPPRESPONSEFILE>		
		<CUSTOMER>TWC_QA|TWC_COMM</CUSTOMER>
		<RESRAWINRESQUE>5</RESRAWINRESQUE>
		<CHANNELNAME>TWCCOMMASR</CHANNELNAME>
		<SVCTYP>Trunking</SVCTYP>
	</TEST_CASE>
	<TEST_CASE name="TWC_COMM_FGA_REQ">
		<EXECUTION>FALSE</EXECUTION>
		<HEADER>REQ_HEADER</HEADER>
		<RESPONSEHEADER>RES_HEADER</RESPONSEHEADER>
		<BODY>TWC_COMM_FGA_REQ_BODY</BODY>
		<ASRC>REQ_ASRC</ASRC>
		<REQUEST>asr_order</REQUEST>
		<RESPONSE>asr_order_response</RESPONSE>
		<SUBREQUEST>FGA</SUBREQUEST>
		<ILEC>TWC_COMM</ILEC>
		<HEADERVER>ASOG</HEADERVER>
		<CCNA>ALT</CCNA>
		<ICSC>TW10</ICSC>		
		<FLOW>SUPP4|SUPP1|SUPP2|SUPP3|Cancel|Resume|Abandon|Suspend</FLOW>
		<REMARKS>NEWSEND:NEWRECEIVE</REMARKS>
		<SUPP_REMARKS>SUPP4SEND:SUPP4RECEIVE|SUPP1SEND:SUPP1RECEIVE|SUPP2SEND:SUPP2RECEIVE|SUPP3SEND:SUPP3RECEIVE</SUPP_REMARKS>
		<RESPONSEMECHANISM>API</RESPONSEMECHANISM>						
		<RESPONSEFILE>TWC_COMM_ACK:TWC_COMM_DLR:TWC_COMM_NACK:TWC_COMM_ERROR:TWC_COMM_CLARIFICATION_B:TWC_COMM_CLARIFICATION_C:TWC_COMM_CLARIFICATION_D:TWC_COMM_CLARIFICATION_E:TWC_COMM_CLARIFICATION_F</RESPONSEFILE>
		<SUPPRESPONSEFILE>TWC_COMM_ACK:TWC_COMM_DLR:TWC_COMM_NACK:TWC_COMM_ERROR:TWC_COMM_CLARIFICATION_B:TWC_COMM_CLARIFICATION_C:TWC_COMM_CLARIFICATION_D:TWC_COMM_CLARIFICATION_E:TWC_COMM_CLARIFICATION_F:TWC_COMM_CONFIRMATION|TWC_COMM_DLR:TWC_COMM_NACK:TWC_COMM_ERROR:TWC_COMM_CLARIFICATION_B:TWC_COMM_CLARIFICATION_C:TWC_COMM_CLARIFICATION_D:TWC_COMM_CLARIFICATION_E:TWC_COMM_CLARIFICATION_F:TWC_COMM_CONFIRMATION|TWC_COMM_ACK:TWC_COMM_DLR:TWC_COMM_NACK:TWC_COMM_ERROR:TWC_COMM_CLARIFICATION_B:TWC_COMM_CLARIFICATION_C:TWC_COMM_CLARIFICATION_D:TWC_COMM_CLARIFICATION_E:TWC_COMM_CLARIFICATION_F:TWC_COMM_CONFIRMATION|TWC_COMM_ACK:TWC_COMM_DLR:TWC_COMM_NACK:TWC_COMM_ERROR:TWC_COMM_CLARIFICATION_B:TWC_COMM_CLARIFICATION_C:TWC_COMM_CLARIFICATION_D:TWC_COMM_CLARIFICATION_E:TWC_COMM_CLARIFICATION_F:TWC_COMM_CLARIFICATION_A:TWC_COMM_CLARIFICATION_K:TWC_COMM_CONFIRMATION</SUPPRESPONSEFILE>		
		<CUSTOMER>TWC_QA|TWC_COMM</CUSTOMER>
		<RESRAWINRESQUE>5</RESRAWINRESQUE>
		<CHANNELNAME>TWCCOMMASR</CHANNELNAME>
		<SVCTYP>FGA</SVCTYP>
	</TEST_CASE>
	<TEST_CASE name="TWC_COMM_WATS_REQ">
		<EXECUTION>FALSE</EXECUTION>
		<HEADER>REQ_HEADER</HEADER>
		<RESPONSEHEADER>RES_HEADER</RESPONSEHEADER>
		<BODY>TWC_COMM_WATS_REQ_BODY</BODY>
		<ASRC>REQ_ASRC</ASRC>
		<REQUEST>asr_order</REQUEST>
		<RESPONSE>asr_order_response</RESPONSE>
		<SUBREQUEST>WATS</SUBREQUEST>
		<ILEC>TWC_COMM</ILEC>
		<HEADERVER>ASOG</HEADERVER>
		<CCNA>ALT</CCNA>
		<ICSC>TW10</ICSC>		
		<FLOW>SUPP4|SUPP1|SUPP2|SUPP3|Cancel|Resume|Abandon|Suspend</FLOW>
		<REMARKS>NEWSEND:NEWRECEIVE</REMARKS>
		<SUPP_REMARKS>SUPP4SEND:SUPP4RECEIVE|SUPP1SEND:SUPP1RECEIVE|SUPP2SEND:SUPP2RECEIVE|SUPP3SEND:SUPP3RECEIVE</SUPP_REMARKS>
		<RESPONSEMECHANISM>API</RESPONSEMECHANISM>						
		<RESPONSEFILE>TWC_COMM_ACK:TWC_COMM_DLR:TWC_COMM_NACK:TWC_COMM_ERROR:TWC_COMM_CLARIFICATION_B:TWC_COMM_CLARIFICATION_C:TWC_COMM_CLARIFICATION_D:TWC_COMM_CLARIFICATION_E:TWC_COMM_CLARIFICATION_F</RESPONSEFILE>
		<SUPPRESPONSEFILE>TWC_COMM_ACK:TWC_COMM_DLR:TWC_COMM_NACK:TWC_COMM_ERROR:TWC_COMM_CLARIFICATION_B:TWC_COMM_CLARIFICATION_C:TWC_COMM_CLARIFICATION_D:TWC_COMM_CLARIFICATION_E:TWC_COMM_CLARIFICATION_F:TWC_COMM_CONFIRMATION|TWC_COMM_DLR:TWC_COMM_NACK:TWC_COMM_ERROR:TWC_COMM_CLARIFICATION_B:TWC_COMM_CLARIFICATION_C:TWC_COMM_CLARIFICATION_D:TWC_COMM_CLARIFICATION_E:TWC_COMM_CLARIFICATION_F:TWC_COMM_CONFIRMATION|TWC_COMM_ACK:TWC_COMM_DLR:TWC_COMM_NACK:TWC_COMM_ERROR:TWC_COMM_CLARIFICATION_B:TWC_COMM_CLARIFICATION_C:TWC_COMM_CLARIFICATION_D:TWC_COMM_CLARIFICATION_E:TWC_COMM_CLARIFICATION_F:TWC_COMM_CONFIRMATION|TWC_COMM_ACK:TWC_COMM_DLR:TWC_COMM_NACK:TWC_COMM_ERROR:TWC_COMM_CLARIFICATION_B:TWC_COMM_CLARIFICATION_C:TWC_COMM_CLARIFICATION_D:TWC_COMM_CLARIFICATION_E:TWC_COMM_CLARIFICATION_F:TWC_COMM_CLARIFICATION_A:TWC_COMM_CLARIFICATION_K:TWC_COMM_CONFIRMATION</SUPPRESPONSEFILE>		
		<CUSTOMER>TWC_QA|TWC_COMM</CUSTOMER>
		<RESRAWINRESQUE>5</RESRAWINRESQUE>
		<CHANNELNAME>TWCCOMMASR</CHANNELNAME>
		<SVCTYP>WATS</SVCTYP>
	</TEST_CASE>
	<TEST_CASE name="TWC_COMM_EVC_REQ">
		<EXECUTION>FALSE</EXECUTION>
		<HEADER>REQ_HEADER</HEADER>
		<RESPONSEHEADER>RES_HEADER</RESPONSEHEADER>
		<BODY>TWC_COMM_EVC_REQ_BODY</BODY>
		<ASRC>REQ_ASRC</ASRC>
		<REQUEST>asr_order</REQUEST>
		<RESPONSE>asr_order_response</RESPONSE>
		<SUBREQUEST>EVC</SUBREQUEST>
		<ILEC>TWC_COMM</ILEC>
		<HEADERVER>ASOG</HEADERVER>
		<CCNA>ALT</CCNA>
		<ICSC>HT10</ICSC>		
		<FLOW>SUPP4|SUPP1|SUPP2|SUPP3|Cancel|Resume|Abandon|Suspend</FLOW>
		<REMARKS>NEWSEND:NEWRECEIVE</REMARKS>
		<SUPP_REMARKS>SUPP4SEND:SUPP4RECEIVE|SUPP1SEND:SUPP1RECEIVE|SUPP2SEND:SUPP2RECEIVE|SUPP3SEND:SUPP3RECEIVE</SUPP_REMARKS>
		<RESPONSEMECHANISM>API</RESPONSEMECHANISM>						
		<RESPONSEFILE>TWC_COMM_ACK:TWC_COMM_DLR:TWC_COMM_NACK:TWC_COMM_ERROR:TWC_COMM_CLARIFICATION_B:TWC_COMM_CLARIFICATION_C:TWC_COMM_CLARIFICATION_D:TWC_COMM_CLARIFICATION_E:TWC_COMM_CLARIFICATION_F</RESPONSEFILE>
		<SUPPRESPONSEFILE>TWC_COMM_ACK:TWC_COMM_DLR:TWC_COMM_NACK:TWC_COMM_ERROR:TWC_COMM_CLARIFICATION_B:TWC_COMM_CLARIFICATION_C:TWC_COMM_CLARIFICATION_D:TWC_COMM_CLARIFICATION_E:TWC_COMM_CLARIFICATION_F:TWC_COMM_CONFIRMATION|TWC_COMM_DLR:TWC_COMM_NACK:TWC_COMM_ERROR:TWC_COMM_CLARIFICATION_B:TWC_COMM_CLARIFICATION_C:TWC_COMM_CLARIFICATION_D:TWC_COMM_CLARIFICATION_E:TWC_COMM_CLARIFICATION_F:TWC_COMM_CONFIRMATION|TWC_COMM_ACK:TWC_COMM_DLR:TWC_COMM_NACK:TWC_COMM_ERROR:TWC_COMM_CLARIFICATION_B:TWC_COMM_CLARIFICATION_C:TWC_COMM_CLARIFICATION_D:TWC_COMM_CLARIFICATION_E:TWC_COMM_CLARIFICATION_F:TWC_COMM_CONFIRMATION|TWC_COMM_ACK:TWC_COMM_DLR:TWC_COMM_NACK:TWC_COMM_ERROR:TWC_COMM_CLARIFICATION_B:TWC_COMM_CLARIFICATION_C:TWC_COMM_CLARIFICATION_D:TWC_COMM_CLARIFICATION_E:TWC_COMM_CLARIFICATION_F:TWC_COMM_CLARIFICATION_A:TWC_COMM_CLARIFICATION_K:TWC_COMM_CONFIRMATION</SUPPRESPONSEFILE>		
		<CUSTOMER>HT_TWC|ASR_GW</CUSTOMER>
		<RESRAWINRESQUE>5</RESRAWINRESQUE>
		<CHANNELNAME>TWCCOMMASR</CHANNELNAME>
		<SVCTYP>EVC</SVCTYP>
	</TEST_CASE>
	<TEST_CASE name="TWC_COMM_VC_REQ">
		<EXECUTION>FALSE</EXECUTION>
		<HEADER>REQ_HEADER</HEADER>
		<RESPONSEHEADER>RES_HEADER</RESPONSEHEADER>
		<BODY>TWC_COMM_VC_REQ_BODY</BODY>
		<ASRC>REQ_ASRC</ASRC>
		<REQUEST>asr_order</REQUEST>
		<RESPONSE>asr_order_response</RESPONSE>
		<SUBREQUEST>VC</SUBREQUEST>
		<ILEC>TWC_COMM</ILEC>
		<HEADERVER>ASOG</HEADERVER>
		<CCNA>ALT</CCNA>
		<ICSC>TW10</ICSC>		
		<FLOW>SUPP4|SUPP1|SUPP2|SUPP3|Cancel|Resume|Abandon|Suspend</FLOW>
		<REMARKS>NEWSEND:NEWRECEIVE</REMARKS>
		<SUPP_REMARKS>SUPP4SEND:SUPP4RECEIVE|SUPP1SEND:SUPP1RECEIVE|SUPP2SEND:SUPP2RECEIVE|SUPP3SEND:SUPP3RECEIVE</SUPP_REMARKS>
		<RESPONSEMECHANISM>API</RESPONSEMECHANISM>						
		<RESPONSEFILE>TWC_COMM_ACK:TWC_COMM_DLR:TWC_COMM_NACK:TWC_COMM_ERROR:TWC_COMM_CLARIFICATION_B:TWC_COMM_CLARIFICATION_C:TWC_COMM_CLARIFICATION_D:TWC_COMM_CLARIFICATION_E:TWC_COMM_CLARIFICATION_F</RESPONSEFILE>
		<SUPPRESPONSEFILE>TWC_COMM_ACK:TWC_COMM_DLR:TWC_COMM_NACK:TWC_COMM_ERROR:TWC_COMM_CLARIFICATION_B:TWC_COMM_CLARIFICATION_C:TWC_COMM_CLARIFICATION_D:TWC_COMM_CLARIFICATION_E:TWC_COMM_CLARIFICATION_F:TWC_COMM_CONFIRMATION|TWC_COMM_DLR:TWC_COMM_NACK:TWC_COMM_ERROR:TWC_COMM_CLARIFICATION_B:TWC_COMM_CLARIFICATION_C:TWC_COMM_CLARIFICATION_D:TWC_COMM_CLARIFICATION_E:TWC_COMM_CLARIFICATION_F:TWC_COMM_CONFIRMATION|TWC_COMM_ACK:TWC_COMM_DLR:TWC_COMM_NACK:TWC_COMM_ERROR:TWC_COMM_CLARIFICATION_B:TWC_COMM_CLARIFICATION_C:TWC_COMM_CLARIFICATION_D:TWC_COMM_CLARIFICATION_E:TWC_COMM_CLARIFICATION_F:TWC_COMM_CONFIRMATION|TWC_COMM_ACK:TWC_COMM_DLR:TWC_COMM_NACK:TWC_COMM_ERROR:TWC_COMM_CLARIFICATION_B:TWC_COMM_CLARIFICATION_C:TWC_COMM_CLARIFICATION_D:TWC_COMM_CLARIFICATION_E:TWC_COMM_CLARIFICATION_F:TWC_COMM_CLARIFICATION_A:TWC_COMM_CLARIFICATION_K:TWC_COMM_CONFIRMATION</SUPPRESPONSEFILE>		
		<CUSTOMER>TWC_QA|TWC_COMM</CUSTOMER>
		<RESRAWINRESQUE>5</RESRAWINRESQUE>
		<CHANNELNAME>TWCCOMMASR</CHANNELNAME>
		<SVCTYP>VC</SVCTYP>
	</TEST_CASE>
	<TEST_CASE name="TWC_COMM_Ring_REQ">
		<EXECUTION>FALSE</EXECUTION>
		<HEADER>REQ_HEADER</HEADER>
		<RESPONSEHEADER>RES_HEADER</RESPONSEHEADER>
		<BODY>TWC_COMM_Ring_REQ_BODY</BODY>
		<ASRC>REQ_ASRC</ASRC>
		<REQUEST>asr_order</REQUEST>
		<RESPONSE>asr_order_response</RESPONSE>
		<SUBREQUEST>Ring</SUBREQUEST>
		<ILEC>TWC_COMM</ILEC>
		<HEADERVER>ASOG</HEADERVER>
		<CCNA>ALT</CCNA>
		<ICSC>TW10</ICSC>		
		<FLOW>SUPP4|SUPP1|SUPP2|SUPP3|Cancel|Resume|Abandon|Suspend</FLOW>
		<REMARKS>NEWSEND:NEWRECEIVE</REMARKS>
		<SUPP_REMARKS>SUPP4SEND:SUPP4RECEIVE|SUPP1SEND:SUPP1RECEIVE|SUPP2SEND:SUPP2RECEIVE|SUPP3SEND:SUPP3RECEIVE</SUPP_REMARKS>
		<RESPONSEMECHANISM>API</RESPONSEMECHANISM>						
		<RESPONSEFILE>TWC_COMM_ACK:TWC_COMM_DLR:TWC_COMM_NACK:TWC_COMM_ERROR:TWC_COMM_CLARIFICATION_B:TWC_COMM_CLARIFICATION_C:TWC_COMM_CLARIFICATION_D:TWC_COMM_CLARIFICATION_E:TWC_COMM_CLARIFICATION_F</RESPONSEFILE>
		<SUPPRESPONSEFILE>TWC_COMM_ACK:TWC_COMM_DLR:TWC_COMM_NACK:TWC_COMM_ERROR:TWC_COMM_CLARIFICATION_B:TWC_COMM_CLARIFICATION_C:TWC_COMM_CLARIFICATION_D:TWC_COMM_CLARIFICATION_E:TWC_COMM_CLARIFICATION_F:TWC_COMM_CONFIRMATION|TWC_COMM_DLR:TWC_COMM_NACK:TWC_COMM_ERROR:TWC_COMM_CLARIFICATION_B:TWC_COMM_CLARIFICATION_C:TWC_COMM_CLARIFICATION_D:TWC_COMM_CLARIFICATION_E:TWC_COMM_CLARIFICATION_F:TWC_COMM_CONFIRMATION|TWC_COMM_ACK:TWC_COMM_DLR:TWC_COMM_NACK:TWC_COMM_ERROR:TWC_COMM_CLARIFICATION_B:TWC_COMM_CLARIFICATION_C:TWC_COMM_CLARIFICATION_D:TWC_COMM_CLARIFICATION_E:TWC_COMM_CLARIFICATION_F:TWC_COMM_CONFIRMATION|TWC_COMM_ACK:TWC_COMM_DLR:TWC_COMM_NACK:TWC_COMM_ERROR:TWC_COMM_CLARIFICATION_B:TWC_COMM_CLARIFICATION_C:TWC_COMM_CLARIFICATION_D:TWC_COMM_CLARIFICATION_E:TWC_COMM_CLARIFICATION_F:TWC_COMM_CLARIFICATION_A:TWC_COMM_CLARIFICATION_K:TWC_COMM_CONFIRMATION</SUPPRESPONSEFILE>		
		<CUSTOMER>TWC_PAT|TWC_COMM</CUSTOMER>
		<RESRAWINRESQUE>5</RESRAWINRESQUE>
		<CHANNELNAME>TWCCOMMASR</CHANNELNAME>
		<SVCTYP>Ring</SVCTYP>
	</TEST_CASE>
	
	<TEST_CASE name="TWC_PAT_Ring_REQ">
		<EXECUTION>FALSE</EXECUTION>
		<HEADER>REQ_HEADER</HEADER>
		<RESPONSEHEADER>RES_HEADER</RESPONSEHEADER>
		<BODY>TWC_PAT_Ring_REQ_BODY</BODY>
		<ASRC>REQ_ASRC</ASRC>
		<REQUEST>asr_order</REQUEST>
		<RESPONSE>asr_order_response</RESPONSE>
		<SUBREQUEST>Ring</SUBREQUEST>
		<ILEC>TWC_PAT</ILEC>
		<HEADERVER>ASOG</HEADERVER>
		<CCNA>TWM</CCNA>
		<ICSC>TW10</ICSC>		
		<FLOW>SUPP4|SUPP1|SUPP2|SUPP3|Cancel|Resume|Abandon|Suspend</FLOW>
		<REMARKS>NEWSEND:NEWRECEIVE</REMARKS>
		<SUPP_REMARKS>SUPP4SEND:SUPP4RECEIVE|SUPP1SEND:SUPP1RECEIVE|SUPP2SEND:SUPP2RECEIVE|SUPP3SEND:SUPP3RECEIVE</SUPP_REMARKS>
		<RESPONSEMECHANISM>API</RESPONSEMECHANISM>						
		<RESPONSEFILE>TWC_PAT_ACK:TWC_PAT_DLR:TWC_PAT_NACK:TWC_PAT_ERROR:TWC_PAT_CLARIFICATION_B:TWC_PAT_CLARIFICATION_C:TWC_PAT_CLARIFICATION_D:TWC_PAT_CLARIFICATION_E:TWC_PAT_CLARIFICATION_F</RESPONSEFILE>
		<SUPPRESPONSEFILE>TWC_PAT_ACK:TWC_PAT_DLR:TWC_PAT_NACK:TWC_PAT_ERROR:TWC_PAT_CLARIFICATION_B:TWC_PAT_CLARIFICATION_C:TWC_PAT_CLARIFICATION_D:TWC_PAT_CLARIFICATION_E:TWC_PAT_CLARIFICATION_F:TWC_PAT_CONFIRMATION|TWC_PAT_DLR:TWC_PAT_NACK:TWC_PAT_ERROR:TWC_PAT_CLARIFICATION_B:TWC_PAT_CLARIFICATION_C:TWC_PAT_CLARIFICATION_D:TWC_PAT_CLARIFICATION_E:TWC_PAT_CLARIFICATION_F:TWC_PAT_CONFIRMATION|TWC_PAT_ACK:TWC_PAT_DLR:TWC_PAT_NACK:TWC_PAT_ERROR:TWC_PAT_CLARIFICATION_B:TWC_PAT_CLARIFICATION_C:TWC_PAT_CLARIFICATION_D:TWC_PAT_CLARIFICATION_E:TWC_PAT_CLARIFICATION_F:TWC_PAT_CONFIRMATION|TWC_PAT_ACK:TWC_PAT_DLR:TWC_PAT_NACK:TWC_PAT_ERROR:TWC_PAT_CLARIFICATION_B:TWC_PAT_CLARIFICATION_C:TWC_PAT_CLARIFICATION_D:TWC_PAT_CLARIFICATION_E:TWC_PAT_CLARIFICATION_F:TWC_PAT_CLARIFICATION_A:TWC_PAT_CLARIFICATION_K:TWC_PAT_CONFIRMATION</SUPPRESPONSEFILE>		
		<CUSTOMER>TWCMECSPEC|TWC_PAT</CUSTOMER>
		<RESRAWINRESQUE>5</RESRAWINRESQUE>
		<CHANNELNAME>TWCCOMMASR</CHANNELNAME>
		<SVCTYP>Ring</SVCTYP>
	</TEST_CASE>	
</Order>	