<?xml version="1.0"?>
<Order>
	<TEST_CASE name="ATT_SWB_CFAInquiry_REQ">
		<EXECUTION>FALSE</EXECUTION>
		<HEADER>REQ_HEADER</HEADER>
		<BODY>ATT_SWB_CFAInquiry_REQ_BODY</BODY>
		<ASRC>REQ_ASRC</ASRC>
		<REQUEST>asr_preorder</REQUEST>
		<SUBREQUEST>asr_preorder</SUBREQUEST>
		<ILEC>ATT</ILEC>
		<HEADERVER>ASOG</HEADERVER>
		<CCNA>ALT</CCNA>
		<ICSC>SW10</ICSC>
		<FLOW>NOFLOW</FLOW>
		<RESPONSEMECHANISM>FILE_POLLER</RESPONSEMECHANISM>
		<RESPONSEFILE>CFAresponse.xml</RESPONSEFILE>
		<REMARKS>CFAInquiry</REMARKS>    		
		<CUSTOMER>ASR_GW</CUSTOMER>
		<RESRAWINRESQUE>NOUSE</RESRAWINRESQUE>
		<CHANNELNAME>NOUSE</CHANNELNAME>
		<SVCTYP>asr_preorder</SVCTYP>
	</TEST_CASE>
	<TEST_CASE name="ATT_PAC_CFAInquiry_REQ">
		<EXECUTION>FALSE</EXECUTION>
		<HEADER>REQ_HEADER</HEADER>
		<BODY>ATT_PAC_CFAInquiry_REQ_BODY</BODY>
		<ASRC>REQ_ASRC</ASRC>
		<REQUEST>asr_preorder</REQUEST>
		<SUBREQUEST>asr_preorder</SUBREQUEST>
		<ILEC>ATT</ILEC>
		<HEADERVER>ASOG</HEADERVER>
		<CCNA>ALT</CCNA>
		<ICSC>SW02</ICSC>
		<FLOW>NOFLOW</FLOW>
		<RESPONSEMECHANISM>FILE_POLLER</RESPONSEMECHANISM>
		<REMARKS>CFAInquiry</REMARKS>    
		<RESPONSEFILE>CFAresponse.xml</RESPONSEFILE>
		<CUSTOMER>ASR_GW</CUSTOMER>
		<RESRAWINRESQUE>NOUSE</RESRAWINRESQUE>
		<CHANNELNAME>NOUSE</CHANNELNAME>
		<SVCTYP>asr_preorder</SVCTYP>
	</TEST_CASE>
	<TEST_CASE name="ATT_SNET_CFAInquiry_REQ">
		<EXECUTION>FALSE</EXECUTION>
		<HEADER>REQ_HEADER</HEADER>
		<BODY>ATT_SNET_CFAInquiry_REQ_BODY</BODY>
		<ASRC>REQ_ASRC</ASRC>
		<REQUEST>asr_preorder</REQUEST>
		<SUBREQUEST>asr_preorder</SUBREQUEST>
		<ILEC>ATT</ILEC>
		<HEADERVER>ASOG</HEADERVER>
		<CCNA>ALT</CCNA>
		<ICSC>SN01</ICSC>
		<FLOW>NOFLOW</FLOW>
		<RESPONSEMECHANISM>FILE_POLLER</RESPONSEMECHANISM>
		<REMARKS>CFAInquiry</REMARKS>    
		<RESPONSEFILE>CFAresponse.xml</RESPONSEFILE>
		<CUSTOMER>ASR_GW</CUSTOMER>
		<RESRAWINRESQUE>NOUSE</RESRAWINRESQUE>
		<CHANNELNAME>NOUSE</CHANNELNAME>
		<SVCTYP>asr_preorder</SVCTYP>
	</TEST_CASE>
	<TEST_CASE name="ATT_AMT_CFAInquiry_REQ">
		<EXECUTION>FALSE</EXECUTION>
		<HEADER>REQ_HEADER</HEADER>
		<BODY>ATT_AMT_CFAInquiry_REQ_BODY</BODY>
		<ASRC>REQ_ASRC</ASRC>
		<REQUEST>asr_preorder</REQUEST>
		<SUBREQUEST>asr_preorder</SUBREQUEST>
		<ILEC>ATT</ILEC>
		<HEADERVER>ASOG</HEADERVER>
		<CCNA>ALT</CCNA>
		<ICSC>LB02</ICSC>
		<FLOW>NOFLOW</FLOW>
		<RESPONSEMECHANISM>FILE_POLLER</RESPONSEMECHANISM>
		<REMARKS>CFAInquiry</REMARKS>    
		<RESPONSEFILE>CFAresponse.xml</RESPONSEFILE>
		<CUSTOMER>ASR_GW</CUSTOMER>
		<RESRAWINRESQUE>NOUSE</RESRAWINRESQUE>
		<CHANNELNAME>NOUSE</CHANNELNAME>
		<SVCTYP>asr_preorder</SVCTYP>
	</TEST_CASE>
	<TEST_CASE name="ATT_BS_CFAInquiry_REQ">
		<EXECUTION>FALSE</EXECUTION>
		<HEADER>REQ_HEADER</HEADER>
		<BODY>ATT_BS_CFAInquiry_REQ_BODY</BODY>
		<ASRC>REQ_ASRC</ASRC>
		<REQUEST>asr_preorder</REQUEST>
		<SUBREQUEST>asr_preorder</SUBREQUEST>
		<ILEC>ATT</ILEC>
		<HEADERVER>ASOG</HEADERVER>
		<CCNA>ALT</CCNA>
		<ICSC>SC01</ICSC>
		<FLOW>NOFLOW</FLOW>
		<RESPONSEMECHANISM>FILE_POLLER</RESPONSEMECHANISM>
		<REMARKS>CFAInquiry</REMARKS>    
		<RESPONSEFILE>CFAresponse.xml</RESPONSEFILE>
		<CUSTOMER>ASR_GW</CUSTOMER>
		<RESRAWINRESQUE>NOUSE</RESRAWINRESQUE>
		<CHANNELNAME>NOUSE</CHANNELNAME>
		<SVCTYP>asr_preorder</SVCTYP>
	</TEST_CASE>	
	<TEST_CASE name="ATT_SWB_LocationInquiry_REQ">
		<EXECUTION>FALSE</EXECUTION>
		<HEADER>REQ_HEADER</HEADER>
		<BODY>ATT_SWB_LocationInquiry_REQ_BODY</BODY>
		<ASRC>REQ_ASRC</ASRC>
		<REQUEST>asr_preorder</REQUEST>
		<SUBREQUEST>asr_preorder</SUBREQUEST>
		<ILEC>ATT</ILEC>
		<HEADERVER>ASOG</HEADERVER>
		<CCNA>ALT</CCNA>
		<ICSC>SW10</ICSC>
		<FLOW>NOFLOW</FLOW>
		<RESPONSEMECHANISM>FILE_POLLER</RESPONSEMECHANISM>
		<REMARKS>LocationInquiry</REMARKS>    
		<RESPONSEFILE>LOCATIONresponse.xml</RESPONSEFILE>
		<CUSTOMER>ASR_GW</CUSTOMER>
		<RESRAWINRESQUE>NOUSE</RESRAWINRESQUE>
		<CHANNELNAME>NOUSE</CHANNELNAME>
		<SVCTYP>asr_preorder</SVCTYP>
	</TEST_CASE>
	<TEST_CASE name="ATT_PAC_LocationInquiry_REQ">
		<EXECUTION>FALSE</EXECUTION>
		<HEADER>REQ_HEADER</HEADER>
		<BODY>ATT_PAC_LocationInquiry_REQ_BODY</BODY>
		<ASRC>REQ_ASRC</ASRC>
		<REQUEST>asr_preorder</REQUEST>
		<SUBREQUEST>asr_preorder</SUBREQUEST>
		<ILEC>ATT</ILEC>
		<HEADERVER>ASOG</HEADERVER>
		<CCNA>ALT</CCNA>
		<ICSC>SW02</ICSC>
		<FLOW>NOFLOW</FLOW>
		<RESPONSEMECHANISM>FILE_POLLER</RESPONSEMECHANISM>
		<REMARKS>LocationInquiry</REMARKS>    
		<RESPONSEFILE>LOCATIONresponse.xml</RESPONSEFILE>
		<CUSTOMER>ASR_GW</CUSTOMER>
		<RESRAWINRESQUE>NOUSE</RESRAWINRESQUE>
		<CHANNELNAME>NOUSE</CHANNELNAME>
		<SVCTYP>asr_preorder</SVCTYP>
	</TEST_CASE>
	<TEST_CASE name="ATT_SNET_LocationInquiry_REQ">
		<EXECUTION>FALSE</EXECUTION>
		<HEADER>REQ_HEADER</HEADER>
		<BODY>ATT_SNET_LocationInquiry_REQ_BODY</BODY>
		<ASRC>REQ_ASRC</ASRC>
		<REQUEST>asr_preorder</REQUEST>
		<SUBREQUEST>asr_preorder</SUBREQUEST>
		<ILEC>ATT</ILEC>
		<HEADERVER>ASOG</HEADERVER>
		<CCNA>ALT</CCNA>
		<ICSC>SN01</ICSC>
		<FLOW>NOFLOW</FLOW>
		<RESPONSEMECHANISM>FILE_POLLER</RESPONSEMECHANISM>
		<REMARKS>LocationInquiry</REMARKS>    
		<RESPONSEFILE>LOCATIONresponse.xml</RESPONSEFILE>
		<CUSTOMER>ASR_GW</CUSTOMER>
		<RESRAWINRESQUE>NOUSE</RESRAWINRESQUE>
		<CHANNELNAME>NOUSE</CHANNELNAME>
		<SVCTYP>asr_preorder</SVCTYP>
	</TEST_CASE>
	<TEST_CASE name="ATT_AMT_LocationInquiry_REQ">
		<EXECUTION>FALSE</EXECUTION>
		<HEADER>REQ_HEADER</HEADER>
		<BODY>ATT_AMT_LocationInquiry_REQ_BODY</BODY>
		<ASRC>REQ_ASRC</ASRC>
		<REQUEST>asr_preorder</REQUEST>
		<SUBREQUEST>asr_preorder</SUBREQUEST>
		<ILEC>ATT</ILEC>
		<HEADERVER>ASOG</HEADERVER>
		<CCNA>ALT</CCNA>
		<ICSC>LB02</ICSC>
		<FLOW>NOFLOW</FLOW>
		<RESPONSEMECHANISM>FILE_POLLER</RESPONSEMECHANISM>
		<REMARKS>LocationInquiry</REMARKS>    
		<RESPONSEFILE>LOCATIONresponse.xml</RESPONSEFILE>
		<CUSTOMER>ASR_GW</CUSTOMER>
		<RESRAWINRESQUE>NOUSE</RESRAWINRESQUE>
		<CHANNELNAME>NOUSE</CHANNELNAME>
		<SVCTYP>asr_preorder</SVCTYP>
	</TEST_CASE>
	<TEST_CASE name="ATT_BS_LocationInquiry_REQ">
		<EXECUTION>FALSE</EXECUTION>
		<HEADER>REQ_HEADER</HEADER>
		<BODY>ATT_BS_LocationInquiry_REQ_BODY</BODY>
		<ASRC>REQ_ASRC</ASRC>
		<REQUEST>asr_preorder</REQUEST>
		<SUBREQUEST>asr_preorder</SUBREQUEST>
		<ILEC>ATT</ILEC>
		<HEADERVER>ASOG</HEADERVER>
		<CCNA>ALT</CCNA>
		<ICSC>SC01</ICSC>
		<FLOW>NOFLOW</FLOW>
		<RESPONSEMECHANISM>FILE_POLLER</RESPONSEMECHANISM>
		<REMARKS>LocationInquiry</REMARKS>    
		<RESPONSEFILE>LOCATIONresponse.xml</RESPONSEFILE>
		<CUSTOMER>ASR_GW</CUSTOMER>
		<RESRAWINRESQUE>NOUSE</RESRAWINRESQUE>
		<CHANNELNAME>NOUSE</CHANNELNAME>
		<SVCTYP>asr_preorder</SVCTYP>
	</TEST_CASE>
	<TEST_CASE name="ATT_SWB_SvcAvailInquiry_REQ">
		<EXECUTION>TRUE</EXECUTION>
		<HEADER>REQ_HEADER</HEADER>
		<BODY>ATT_SWB_SvcAvailInquiry_REQ_BODY</BODY>
		<ASRC>REQ_ASRC</ASRC>
		<REQUEST>asr_preorder</REQUEST>
		<SUBREQUEST>asr_preorder</SUBREQUEST>
		<ILEC>ATT</ILEC>
		<HEADERVER>ASOG</HEADERVER>
		<CCNA>ALT</CCNA>
		<ICSC>SW10</ICSC>
		<FLOW>NOFLOW</FLOW>
		<RESPONSEMECHANISM>FILE_POLLER</RESPONSEMECHANISM>
		<REMARKS>SVC_AVAILInquiry</REMARKS>    
		<RESPONSEFILE>SVC_AVAILresponse.xml</RESPONSEFILE>
		<CUSTOMER>ASR_GW</CUSTOMER>
		<RESRAWINRESQUE>NOUSE</RESRAWINRESQUE>
		<CHANNELNAME>NOUSE</CHANNELNAME>
		<SVCTYP>asr_preorder</SVCTYP>
	</TEST_CASE>
	<TEST_CASE name="ATT_PAC_SvcAvailInquiry_REQ">
		<EXECUTION>FALSE</EXECUTION>
		<HEADER>REQ_HEADER</HEADER>
		<BODY>ATT_PAC_SvcAvailInquiry_REQ_BODY</BODY>
		<ASRC>REQ_ASRC</ASRC>
		<REQUEST>asr_preorder</REQUEST>
		<SUBREQUEST>asr_preorder</SUBREQUEST>
		<ILEC>ATT</ILEC>
		<HEADERVER>ASOG</HEADERVER>
		<CCNA>ALT</CCNA>
		<ICSC>SW02</ICSC>
		<FLOW>NOFLOW</FLOW>
		<RESPONSEMECHANISM>FILE_POLLER</RESPONSEMECHANISM>
		<REMARKS>SVC_AVAILInquiry</REMARKS>    
		<RESPONSEFILE>SVC_AVAILresponse.xml</RESPONSEFILE>
		<CUSTOMER>ASR_GW</CUSTOMER>
		<RESRAWINRESQUE>NOUSE</RESRAWINRESQUE>
		<CHANNELNAME>NOUSE</CHANNELNAME>
		<SVCTYP>asr_preorder</SVCTYP>
	</TEST_CASE>
	<TEST_CASE name="ATT_SNET_SvcAvailInquiry_REQ">
		<EXECUTION>FALSE</EXECUTION>
		<HEADER>REQ_HEADER</HEADER>
		<BODY>ATT_SNET_SvcAvailInquiry_REQ_BODY</BODY>
		<ASRC>REQ_ASRC</ASRC>
		<REQUEST>asr_preorder</REQUEST>
		<SUBREQUEST>asr_preorder</SUBREQUEST>
		<ILEC>ATT</ILEC>
		<HEADERVER>ASOG</HEADERVER>
		<CCNA>ALT</CCNA>
		<ICSC>SN01</ICSC>
		<FLOW>NOFLOW</FLOW>
		<RESPONSEMECHANISM>FILE_POLLER</RESPONSEMECHANISM>
		<REMARKS>SVC_AVAILInquiry</REMARKS>    
		<RESPONSEFILE>SVC_AVAILresponse.xml</RESPONSEFILE>
		<CUSTOMER>ASR_GW</CUSTOMER>
		<RESRAWINRESQUE>NOUSE</RESRAWINRESQUE>
		<CHANNELNAME>NOUSE</CHANNELNAME>
		<SVCTYP>asr_preorder</SVCTYP>
	</TEST_CASE>
	<TEST_CASE name="ATT_AMT_SvcAvailInquiry_REQ">
		<EXECUTION>FALSE</EXECUTION>
		<HEADER>REQ_HEADER</HEADER>
		<BODY>ATT_AMT_SvcAvailInquiry_REQ_BODY</BODY>
		<ASRC>REQ_ASRC</ASRC>
		<REQUEST>asr_preorder</REQUEST>
		<SUBREQUEST>asr_preorder</SUBREQUEST>
		<ILEC>ATT</ILEC>
		<HEADERVER>ASOG</HEADERVER>
		<CCNA>ALT</CCNA>
		<ICSC>LB02</ICSC>
		<FLOW>NOFLOW</FLOW>
		<RESPONSEMECHANISM>FILE_POLLER</RESPONSEMECHANISM>
		<REMARKS>SVC_AVAILInquiry</REMARKS>    
		<RESPONSEFILE>SVC_AVAILresponse.xml</RESPONSEFILE>
		<CUSTOMER>ASR_GW</CUSTOMER>
		<RESRAWINRESQUE>NOUSE</RESRAWINRESQUE>
		<CHANNELNAME>NOUSE</CHANNELNAME>
		<SVCTYP>asr_preorder</SVCTYP>
	</TEST_CASE>
	<TEST_CASE name="ATT_BS_SvcAvailInquiry_REQ">
		<EXECUTION>FALSE</EXECUTION>
		<HEADER>REQ_HEADER</HEADER>
		<BODY>ATT_BS_SvcAvailInquiry_REQ_BODY</BODY>
		<ASRC>REQ_ASRC</ASRC>
		<REQUEST>asr_preorder</REQUEST>
		<SUBREQUEST>asr_preorder</SUBREQUEST>
		<ILEC>ATT</ILEC>
		<HEADERVER>ASOG</HEADERVER>
		<CCNA>ALT</CCNA>
		<ICSC>SC01</ICSC>
		<FLOW>NOFLOW</FLOW>
		<RESPONSEMECHANISM>FILE_POLLER</RESPONSEMECHANISM>
		<REMARKS>SVC_AVAILInquiry</REMARKS>    
		<RESPONSEFILE>SVC_AVAILresponse.xml</RESPONSEFILE>
		<CUSTOMER>ASR_GW</CUSTOMER>
		<RESRAWINRESQUE>NOUSE</RESRAWINRESQUE>
		<CHANNELNAME>NOUSE</CHANNELNAME>
		<SVCTYP>asr_preorder</SVCTYP>
	</TEST_CASE>
	<TEST_CASE name="FPC_CFAInquiry_REQ">
		<EXECUTION>FALSE</EXECUTION>
		<HEADER>REQ_HEADER</HEADER>
		<BODY>FPC_CFAInquiry_REQ_BODY</BODY>
		<ASRC>REQ_ASRC</ASRC>
		<REQUEST>asr_preorder</REQUEST>
		<SUBREQUEST>asr_preorder</SUBREQUEST>
		<ILEC>FPC</ILEC>
		<HEADERVER>ASOG</HEADERVER>
		<CCNA>ALT</CCNA>
		<ICSC>FP01</ICSC>
		<FLOW>NOFLOW</FLOW>
		<RESPONSEMECHANISM>FILE_POLLER</RESPONSEMECHANISM>
		<REMARKS>CFAInquiry</REMARKS>    
		<RESPONSEFILE>CFAresponse.xml</RESPONSEFILE>
		<CUSTOMER>ASR_GW</CUSTOMER>
		<RESRAWINRESQUE>NOUSE</RESRAWINRESQUE>
		<CHANNELNAME>NOUSE</CHANNELNAME>
		<SVCTYP>asr_preorder</SVCTYP>
	</TEST_CASE>
	<TEST_CASE name="FPC_LocationInquiry_REQ">
		<EXECUTION>FALSE</EXECUTION>
		<HEADER>REQ_HEADER</HEADER>
		<BODY>FPC_LocationInquiry_REQ_BODY</BODY>
		<ASRC>REQ_ASRC</ASRC>
		<REQUEST>asr_preorder</REQUEST>
		<SUBREQUEST>asr_preorder</SUBREQUEST>
		<ILEC>FPC</ILEC>
		<HEADERVER>ASOG</HEADERVER>
		<CCNA>ALT</CCNA>
		<ICSC>FP01</ICSC>
		<FLOW>NOFLOW</FLOW>
		<RESPONSEMECHANISM>FILE_POLLER</RESPONSEMECHANISM>
		<REMARKS>LocationInquiry</REMARKS>    
		<RESPONSEFILE>LOCATIONresponse.xml</RESPONSEFILE>
		<CUSTOMER>ASR_GW</CUSTOMER>
		<RESRAWINRESQUE>NOUSE</RESRAWINRESQUE>
		<CHANNELNAME>NOUSE</CHANNELNAME>
		<SVCTYP>asr_preorder</SVCTYP>
	</TEST_CASE>
	<TEST_CASE name="Frontier_CFAInquiry_REQ">
		<EXECUTION>FALSE</EXECUTION>
		<HEADER>REQ_HEADER</HEADER>
		<BODY>Frontier_CFAInquiry_REQ_BODY</BODY>
		<ASRC>REQ_ASRC</ASRC>
		<REQUEST>asr_preorder</REQUEST>
		<SUBREQUEST>asr_preorder</SUBREQUEST>
		<ILEC>Frontier</ILEC>
		<HEADERVER>ASOG</HEADERVER>
		<CCNA>ALT</CCNA>
		<ICSC>FV05</ICSC>
		<FLOW>NOFLOW</FLOW>
		<RESPONSEMECHANISM>FILE_POLLER</RESPONSEMECHANISM>
		<REMARKS>CFAInquiry</REMARKS>    
		<RESPONSEFILE>CFAresponse.xml</RESPONSEFILE>
		<CUSTOMER>ASR_GW</CUSTOMER>
		<RESRAWINRESQUE>NOUSE</RESRAWINRESQUE>
		<CHANNELNAME>NOUSE</CHANNELNAME>
		<SVCTYP>asr_preorder</SVCTYP>
	</TEST_CASE>
	<TEST_CASE name="Frontier_LocationInquiry_REQ">
		<EXECUTION>FALSE</EXECUTION>
		<HEADER>REQ_HEADER</HEADER>
		<BODY>Frontier_LocationInquiry_REQ_BODY</BODY>
		<ASRC>REQ_ASRC</ASRC>
		<REQUEST>asr_preorder</REQUEST>
		<SUBREQUEST>asr_preorder</SUBREQUEST>
		<ILEC>Frontier</ILEC>
		<HEADERVER>ASOG</HEADERVER>
		<CCNA>ALT</CCNA>
		<ICSC>FV05</ICSC>
		<FLOW>NOFLOW</FLOW>
		<RESPONSEMECHANISM>FILE_POLLER</RESPONSEMECHANISM>
		<REMARKS>LocationInquiry</REMARKS>    
		<RESPONSEFILE>LOCATIONresponse.xml</RESPONSEFILE>
		<CUSTOMER>ASR_GW</CUSTOMER>
		<RESRAWINRESQUE>NOUSE</RESRAWINRESQUE>
		<CHANNELNAME>NOUSE</CHANNELNAME>
		<SVCTYP>asr_preorder</SVCTYP>
	</TEST_CASE>
	<TEST_CASE name="VZW_CFAInquiry_REQ">
		<EXECUTION>FALSE</EXECUTION>
		<HEADER>REQ_HEADER</HEADER>
		<BODY>VZW_CFAInquiry_REQ_BODY</BODY>
		<ASRC>REQ_ASRC</ASRC>
		<REQUEST>asr_preorder</REQUEST>
		<SUBREQUEST>asr_preorder</SUBREQUEST>
		<ILEC>VZW</ILEC>
		<HEADERVER>ASOG</HEADERVER>
		<CCNA>ALT</CCNA>
		<ICSC>GT10</ICSC>
		<FLOW>NOFLOW</FLOW>
		<RESPONSEMECHANISM>FILE_POLLER</RESPONSEMECHANISM>
		<REMARKS>CFAInquiry</REMARKS>    
		<RESPONSEFILE>CFAresponse.xml</RESPONSEFILE>
		<CUSTOMER>ASR_GW</CUSTOMER>
		<RESRAWINRESQUE>NOUSE</RESRAWINRESQUE>
		<CHANNELNAME>NOUSE</CHANNELNAME>
		<SVCTYP>asr_preorder</SVCTYP>
	</TEST_CASE>
	<TEST_CASE name="VZW_LocationInquiry_REQ">
		<EXECUTION>FALSE</EXECUTION>
		<HEADER>REQ_HEADER</HEADER>
		<BODY>VZW_LocationInquiry_REQ_BODY</BODY>
		<ASRC>REQ_ASRC</ASRC>
		<REQUEST>asr_preorder</REQUEST>
		<SUBREQUEST>asr_preorder</SUBREQUEST>
		<ILEC>VZW</ILEC>
		<HEADERVER>ASOG</HEADERVER>
		<CCNA>ALT</CCNA>
		<ICSC>GT10</ICSC>
		<FLOW>NOFLOW</FLOW>
		<RESPONSEMECHANISM>FILE_POLLER</RESPONSEMECHANISM>
		<REMARKS>LocationInquiry</REMARKS>    
		<RESPONSEFILE>LOCATIONresponse.xml</RESPONSEFILE>
		<CUSTOMER>ASR_GW</CUSTOMER>
		<RESRAWINRESQUE>NOUSE</RESRAWINRESQUE>
		<CHANNELNAME>NOUSE</CHANNELNAME>
		<SVCTYP>asr_preorder</SVCTYP>
	</TEST_CASE>
	<TEST_CASE name="BAN_CFAInquiry_REQ">
		<EXECUTION>FALSE</EXECUTION>
		<HEADER>REQ_HEADER</HEADER>
		<BODY>BAN_CFAInquiry_REQ_BODY</BODY>
		<ASRC>REQ_ASRC</ASRC>
		<REQUEST>asr_preorder</REQUEST>
		<SUBREQUEST>asr_preorder</SUBREQUEST>
		<ILEC>BAN</ILEC>
		<HEADERVER>ASOG</HEADERVER>
		<CCNA>ALT</CCNA>
		<ICSC>NE01</ICSC>
		<FLOW>NOFLOW</FLOW>
		<RESPONSEMECHANISM>FILE_POLLER</RESPONSEMECHANISM>
		<REMARKS>CFAInquiry</REMARKS>    
		<RESPONSEFILE>CFAresponse.xml</RESPONSEFILE>
		<CUSTOMER>ASR_GW</CUSTOMER>
		<RESRAWINRESQUE>NOUSE</RESRAWINRESQUE>
		<CHANNELNAME>NOUSE</CHANNELNAME>
		<SVCTYP>asr_preorder</SVCTYP>
	</TEST_CASE>
	<TEST_CASE name="BAN_LocationInquiry_REQ">
		<EXECUTION>FALSE</EXECUTION>
		<HEADER>REQ_HEADER</HEADER>
		<BODY>BAN_LocationInquiry_REQ_BODY</BODY>
		<ASRC>REQ_ASRC</ASRC>
		<REQUEST>asr_preorder</REQUEST>
		<SUBREQUEST>asr_preorder</SUBREQUEST>
		<ILEC>BAN</ILEC>
		<HEADERVER>ASOG</HEADERVER>
		<CCNA>ALT</CCNA>
		<ICSC>NE01</ICSC>
		<FLOW>NOFLOW</FLOW>
		<RESPONSEMECHANISM>FILE_POLLER</RESPONSEMECHANISM>
		<REMARKS>LocationInquiry</REMARKS>    
		<RESPONSEFILE>LOCATIONresponse.xml</RESPONSEFILE>
		<CUSTOMER>ASR_GW</CUSTOMER>
		<RESRAWINRESQUE>NOUSE</RESRAWINRESQUE>
		<CHANNELNAME>NOUSE</CHANNELNAME>
		<SVCTYP>asr_preorder</SVCTYP>
	</TEST_CASE>
	<TEST_CASE name="BAS_CFAInquiry_REQ">
		<EXECUTION>FALSE</EXECUTION>
		<HEADER>REQ_HEADER</HEADER>
		<BODY>BAS_CFAInquiry_REQ_BODY</BODY>
		<ASRC>REQ_ASRC</ASRC>
		<REQUEST>asr_preorder</REQUEST>
		<SUBREQUEST>asr_preorder</SUBREQUEST>
		<ILEC>BAS</ILEC>
		<HEADERVER>ASOG</HEADERVER>
		<CCNA>ALT</CCNA>
		<ICSC>CP10</ICSC>
		<FLOW>NOFLOW</FLOW>
		<RESPONSEMECHANISM>FILE_POLLER</RESPONSEMECHANISM>
		<REMARKS>CFAInquiry</REMARKS>    
		<RESPONSEFILE>CFAresponse.xml</RESPONSEFILE>
		<CUSTOMER>ASR_GW</CUSTOMER>
		<RESRAWINRESQUE>NOUSE</RESRAWINRESQUE>
		<CHANNELNAME>NOUSE</CHANNELNAME>
		<SVCTYP>asr_preorder</SVCTYP>
	</TEST_CASE>
	<TEST_CASE name="BAS_LocationInquiry_REQ">
		<EXECUTION>FALSE</EXECUTION>
		<HEADER>REQ_HEADER</HEADER>
		<BODY>BAS_LocationInquiry_REQ_BODY</BODY>
		<ASRC>REQ_ASRC</ASRC>
		<REQUEST>asr_preorder</REQUEST>
		<SUBREQUEST>asr_preorder</SUBREQUEST>
		<ILEC>BAS</ILEC>
		<HEADERVER>ASOG</HEADERVER>
		<CCNA>ALT</CCNA>
		<ICSC>CP10</ICSC>
		<FLOW>NOFLOW</FLOW>
		<RESPONSEMECHANISM>FILE_POLLER</RESPONSEMECHANISM>
		<REMARKS>LocationInquiry</REMARKS>    
		<RESPONSEFILE>LOCATIONresponse.xml</RESPONSEFILE>
		<CUSTOMER>ASR_GW</CUSTOMER>
		<RESRAWINRESQUE>NOUSE</RESRAWINRESQUE>
		<CHANNELNAME>NOUSE</CHANNELNAME>
		<SVCTYP>asr_preorder</SVCTYP>
	</TEST_CASE>
	<TEST_CASE name="QWEST_CFAInquiry_REQ">
		<EXECUTION>FALSE</EXECUTION>
		<HEADER>REQ_HEADER</HEADER>
		<BODY>QWEST_CFAInquiry_REQ_BODY</BODY>
		<ASRC>REQ_ASRC</ASRC>
		<REQUEST>asr_preorder</REQUEST>
		<SUBREQUEST>asr_preorder</SUBREQUEST>
		<ILEC>QWEST</ILEC>
		<HEADERVER>ASOG</HEADERVER>
		<CCNA>BYG</CCNA>
		<ICSC>MS01</ICSC>
		<FLOW>NOFLOW</FLOW>
		<RESPONSEMECHANISM>FILE_POLLER</RESPONSEMECHANISM>
		<REMARKS>CFAInquiry</REMARKS>    
		<RESPONSEFILE>CFAresponse.xml</RESPONSEFILE>
		<CUSTOMER>ASR_GW</CUSTOMER>
		<RESRAWINRESQUE>NOUSE</RESRAWINRESQUE>
		<CHANNELNAME>NOUSE</CHANNELNAME>
		<SVCTYP>asr_preorder</SVCTYP>
	</TEST_CASE>
	<TEST_CASE name="QWEST_LocationInquiry_REQ">
		<EXECUTION>FALSE</EXECUTION>
		<HEADER>REQ_HEADER</HEADER>
		<BODY>QWEST_LocationInquiry_REQ_BODY</BODY>
		<ASRC>REQ_ASRC</ASRC>
		<REQUEST>asr_preorder</REQUEST>
		<SUBREQUEST>asr_preorder</SUBREQUEST>
		<ILEC>QWEST</ILEC>
		<HEADERVER>ASOG</HEADERVER>
		<CCNA>BPH</CCNA>
		<ICSC>MS01</ICSC>
		<FLOW>NOFLOW</FLOW>
		<RESPONSEMECHANISM>FILE_POLLER</RESPONSEMECHANISM>
		<REMARKS>LocationInquiry</REMARKS>    
		<RESPONSEFILE>LOCATIONresponse.xml</RESPONSEFILE>
		<CUSTOMER>ASR_GW</CUSTOMER>
		<RESRAWINRESQUE>NOUSE</RESRAWINRESQUE>
		<CHANNELNAME>NOUSE</CHANNELNAME>
		<SVCTYP>asr_preorder</SVCTYP>
	</TEST_CASE>
	<TEST_CASE name="HAWAIITEL_CFAInquiry_REQ">
		<EXECUTION>FALSE</EXECUTION>
		<HEADER>REQ_HEADER</HEADER>
		<BODY>HAWAIITEL_CFAInquiry_REQ_BODY</BODY>
		<ASRC>REQ_ASRC</ASRC>
		<REQUEST>asr_preorder</REQUEST>
		<SUBREQUEST>asr_preorder</SUBREQUEST>
		<ILEC>HAWAIITEL</ILEC>
		<HEADERVER>ASOG</HEADERVER>
		<CCNA>ALT</CCNA>
		<ICSC>HW10</ICSC>
		<FLOW>NOFLOW</FLOW>
		<RESPONSEMECHANISM>API</RESPONSEMECHANISM>
		<REMARKS>CFAInquiry</REMARKS>    
		<RESPONSEFILE>CFAresponse.xml</RESPONSEFILE>
		<CUSTOMER>ASR_GW</CUSTOMER>
		<RESRAWINRESQUE>NOUSE</RESRAWINRESQUE>
		<CHANNELNAME>NOUSE</CHANNELNAME>
		<SVCTYP>asr_preorder</SVCTYP>
	</TEST_CASE>
	<TEST_CASE name="HAWAIITEL_LocationInquiry_REQ">
		<EXECUTION>FALSE</EXECUTION>
		<HEADER>REQ_HEADER</HEADER>
		<BODY>HAWAIITEL_LocationInquiry_REQ_BODY</BODY>
		<ASRC>REQ_ASRC</ASRC>
		<REQUEST>asr_preorder</REQUEST>
		<SUBREQUEST>asr_preorder</SUBREQUEST>
		<ILEC>HAWAIITEL</ILEC>
		<HEADERVER>ASOG</HEADERVER>
		<CCNA>ALT</CCNA>
		<ICSC>HW10</ICSC>
		<FLOW>NOFLOW</FLOW>
		<RESPONSEMECHANISM>API</RESPONSEMECHANISM>
		<REMARKS>LocationInquiry</REMARKS>    
		<RESPONSEFILE>LOCATIONresponse.xml</RESPONSEFILE>
		<CUSTOMER>ASR_GW</CUSTOMER>
		<RESRAWINRESQUE>NOUSE</RESRAWINRESQUE>
		<CHANNELNAME>NOUSE</CHANNELNAME>
		<SVCTYP>asr_preorder</SVCTYP>
	</TEST_CASE>
	<TEST_CASE name="BHN_PROD_CFAInquiry_REQ">
		<EXECUTION>FALSE</EXECUTION>
		<HEADER>REQ_HEADER</HEADER>
		<BODY>BHN_PROD_CFAInquiry_REQ_BODY</BODY>
		<ASRC>REQ_ASRC</ASRC>
		<REQUEST>asr_preorder</REQUEST>
		<SUBREQUEST>asr_preorder</SUBREQUEST>
		<ILEC>BHN_PROD</ILEC>
		<HEADERVER>ASOG</HEADERVER>
		<CCNA>ALT</CCNA>
		<ICSC>BH10</ICSC>
		<FLOW>NOFLOW</FLOW>
		<RESPONSEMECHANISM>API</RESPONSEMECHANISM>
		<REMARKS>CFAInquiry</REMARKS>    
		<RESPONSEFILE>CFAresponse.xml</RESPONSEFILE>
		<CUSTOMER>ASR_GW</CUSTOMER>
		<RESRAWINRESQUE>NOUSE</RESRAWINRESQUE>
		<CHANNELNAME>NOUSE</CHANNELNAME>
		<SVCTYP>asr_preorder</SVCTYP>
	</TEST_CASE>
	<TEST_CASE name="BHN_PROD_LocationInquiry_REQ">
		<EXECUTION>FALSE</EXECUTION>
		<HEADER>REQ_HEADER</HEADER>
		<BODY>BHN_PROD_LocationInquiry_REQ_BODY</BODY>
		<ASRC>REQ_ASRC</ASRC>
		<REQUEST>asr_preorder</REQUEST>
		<SUBREQUEST>asr_preorder</SUBREQUEST>
		<ILEC>BHN_PROD</ILEC>
		<HEADERVER>ASOG</HEADERVER>
		<CCNA>ALT</CCNA>
		<ICSC>BH10</ICSC>
		<FLOW>NOFLOW</FLOW>
		<RESPONSEMECHANISM>API</RESPONSEMECHANISM>
		<REMARKS>LocationInquiry</REMARKS>    
		<RESPONSEFILE>LOCATIONresponse.xml</RESPONSEFILE>
		<CUSTOMER>ASR_GW</CUSTOMER>
		<RESRAWINRESQUE>NOUSE</RESRAWINRESQUE>
		<CHANNELNAME>NOUSE</CHANNELNAME>
		<SVCTYP>asr_preorder</SVCTYP>
	</TEST_CASE>
	<TEST_CASE name="TWC_COMM_CFAInquiry_REQ">
		<EXECUTION>FALSE</EXECUTION>
		<HEADER>REQ_HEADER</HEADER>
		<BODY>TWC_COMM_CFAInquiry_REQ_BODY</BODY>
		<ASRC>REQ_ASRC</ASRC>
		<REQUEST>asr_preorder</REQUEST>
		<SUBREQUEST>asr_preorder</SUBREQUEST>
		<ILEC>TWC_COMM</ILEC>
		<HEADERVER>ASOG</HEADERVER>
		<CCNA>ALT</CCNA>
		<ICSC>TW10</ICSC>
		<FLOW>NOFLOW</FLOW>
		<RESPONSEMECHANISM>API</RESPONSEMECHANISM>
		<REMARKS>CFAInquiry</REMARKS>    
		<RESPONSEFILE>CFAresponse.xml</RESPONSEFILE>
		<CUSTOMER>ASR_GW</CUSTOMER>
		<RESRAWINRESQUE>NOUSE</RESRAWINRESQUE>
		<CHANNELNAME>NOUSE</CHANNELNAME>
		<SVCTYP>asr_preorder</SVCTYP>
	</TEST_CASE>
	<TEST_CASE name="TWC_COMM_LocationInquiry_REQ">
		<EXECUTION>FALSE</EXECUTION>
		<HEADER>REQ_HEADER</HEADER>
		<BODY>TWC_COMM_LocationInquiry_REQ_BODY</BODY>
		<ASRC>REQ_ASRC</ASRC>
		<REQUEST>asr_preorder</REQUEST>
		<SUBREQUEST>asr_preorder</SUBREQUEST>
		<ILEC>TWC_COMM</ILEC>
		<HEADERVER>ASOG</HEADERVER>
		<CCNA>ALT</CCNA>
		<ICSC>TW10</ICSC>
		<FLOW>NOFLOW</FLOW>
		<RESPONSEMECHANISM>API</RESPONSEMECHANISM>
		<REMARKS>LocationInquiry</REMARKS>    
		<RESPONSEFILE>LOCATIONresponse.xml</RESPONSEFILE>
		<CUSTOMER>ASR_GW</CUSTOMER>
		<RESRAWINRESQUE>NOUSE</RESRAWINRESQUE>
		<CHANNELNAME>NOUSE</CHANNELNAME>
		<SVCTYP>asr_preorder</SVCTYP>
	</TEST_CASE>
		<TEST_CASE name="CL_CFAInquiry_REQ">
		<EXECUTION>FALSE</EXECUTION>
		<HEADER>REQ_HEADER</HEADER>
		<BODY>CL_CFAInquiry_REQ_BODY</BODY>
		<ASRC>REQ_ASRC</ASRC>
		<REQUEST>asr_preorder</REQUEST>
		<SUBREQUEST>asr_preorder</SUBREQUEST>
		<ILEC>CenturyLink</ILEC>
		<HEADERVER>ASOG</HEADERVER>
		<CCNA>BPH</CCNA>
		<ICSC>MS01</ICSC>
		<FLOW>NOFLOW</FLOW>
		<RESPONSEMECHANISM>FILE_POLLER</RESPONSEMECHANISM>
		<REMARKS>LocationInquiry</REMARKS>    
		<RESPONSEFILE>LOCATIONresponse.xml</RESPONSEFILE>
		<CUSTOMER>ASR_GW</CUSTOMER>
		<RESRAWINRESQUE>NOUSE</RESRAWINRESQUE>
		<CHANNELNAME>NOUSE</CHANNELNAME>
		<SVCTYP>asr_preorder</SVCTYP>
	</TEST_CASE>
		<TEST_CASE name="CL_LocationInquiry_REQ">
		<EXECUTION>FALSE</EXECUTION>
		<HEADER>REQ_HEADER</HEADER>
		<BODY>CL_LocationInquiry_REQ_BODY</BODY>
		<ASRC>REQ_ASRC</ASRC>
		<REQUEST>asr_preorder</REQUEST>
		<SUBREQUEST>asr_preorder</SUBREQUEST>
		<ILEC>CenturyLink</ILEC>
		<HEADERVER>ASOG</HEADERVER>
		<CCNA>BPH</CCNA>
		<ICSC>MS01</ICSC>
		<FLOW>NOFLOW</FLOW>
		<RESPONSEMECHANISM>FILE_POLLER</RESPONSEMECHANISM>
		<REMARKS>LocationInquiry</REMARKS>    
		<RESPONSEFILE>LOCATIONresponse.xml</RESPONSEFILE>
		<CUSTOMER>ASR_GW</CUSTOMER>
		<RESRAWINRESQUE>NOUSE</RESRAWINRESQUE>
		<CHANNELNAME>NOUSE</CHANNELNAME>
		<SVCTYP>asr_preorder</SVCTYP>
	</TEST_CASE>
</Order>