<?xml version="1.0"?>
<!--ATT does not support Sec Confirmation so remarks field need to be set accordingly -->
<Order>
<TEST_CASE name="ASRSend_DIS_NACK_NonBonded_API">
		<EXECUTION>FALSE</EXECUTION>
		<HEADER>REQ_HEADER</HEADER>
		<BODY>CABLEVISION_LIGHTPATH_DIS_REQ_BODY</BODY>
		<ASRC>REQ_ASRC</ASRC>
		<RESPONSEHEADER>RES_HEADER</RESPONSEHEADER>
		<REQUEST>asr_order</REQUEST>
		<SUBREQUEST>DIS</SUBREQUEST>
		<ILEC>CABLEVISION LIGHTPATH</ILEC>
		<HEADERVER>ASOG</HEADERVER>
		<ASOG_VER>54</ASOG_VER>
		<CCNA>ATB</CCNA>
		<ICSC>NU01</ICSC>
		<RESPONSEMECHANISM>API</RESPONSEMECHANISM>
		<CUSTOMER>ATTI_E2E</CUSTOMER>
		<RESPONSEFILE>CABLEVISION_LIGHTPATH_ACK:CABLEVISION_LIGHTPATH_DLR:CABLEVISION_LIGHTPATH_CLARIFICATION_B:CABLEVISION_LIGHTPATH_CLARIFICATION_C:CABLEVISION_LIGHTPATH_CLARIFICATION_D:CABLEVISION_LIGHTPATH_CLARIFICATION_E:CABLEVISION_LIGHTPATH_CLARIFICATION_F</RESPONSEFILE>
		<FLOW>SUPP1</FLOW>
		<REMARKS>NEW_REQUEST_REMARKS_A_G</REMARKS>
		<SUPP_REMARKS>SUPP1_REMARKS</SUPP_REMARKS>
		<STATUS>CLARIFICATION-ERROR</STATUS>
		<SUPP_STATUS>CONFIRMATION|CONFIRMATION|CONFIRMATION|COMPLETE</SUPP_STATUS>	 
		<SUPPRESPONSEFILE>CABLEVISION_LIGHTPATH_ACK:CABLEVISION_LIGHTPATH_DLR:CABLEVISION_LIGHTPATH_CLARIFICATION_B:CABLEVISION_LIGHTPATH_CLARIFICATION_C:CABLEVISION_LIGHTPATH_CLARIFICATION_D:CABLEVISION_LIGHTPATH_CLARIFICATION_E:CABLEVISION_LIGHTPATH_CLARIFICATION_F:CABLEVISION_LIGHTPATH_CONFIRMATION</SUPPRESPONSEFILE>
		<RESRAWINRESQUE>44</RESRAWINRESQUE>
		<CHANNELNAME>ASRFAX_ASR</CHANNELNAME>
		<SVCTYP>Ring</SVCTYP>
	</TEST_CASE>
	<TEST_CASE name="ASRSend_EVC_NACK_NonBonded_API">
		<EXECUTION>FALSE</EXECUTION>
		<HEADER>REQ_HEADER</HEADER>
		<BODY>CABLEVISION_LIGHTPATH_EVC_REQ_BODY</BODY>
		<ASRC>REQ_ASRC</ASRC>
		<RESPONSEHEADER>RES_HEADER</RESPONSEHEADER>
		<REQUEST>asr_order</REQUEST>
		<SUBREQUEST>EVC</SUBREQUEST>
		<ILEC>CABLEVISION LIGHTPATH</ILEC>
		<HEADERVER>ASOG</HEADERVER> <ASOG_VER>54</ASOG_VER>
		<CCNA>ATB</CCNA>
		<ICSC>NU01</ICSC>
		<RESPONSEMECHANISM>API</RESPONSEMECHANISM>
		<CUSTOMER>ATTI_E2E</CUSTOMER>
		<RESPONSEFILE>CABLEVISION_LIGHTPATH_ACK:CABLEVISION_LIGHTPATH_DLR:CABLEVISION_LIGHTPATH_CLARIFICATION_B:CABLEVISION_LIGHTPATH_CLARIFICATION_C:CABLEVISION_LIGHTPATH_CLARIFICATION_D:CABLEVISION_LIGHTPATH_CLARIFICATION_E:CABLEVISION_LIGHTPATH_CLARIFICATION_F</RESPONSEFILE>
		<FLOW>SUPP1</FLOW>
		<REMARKS>NEW_REQUEST_REMARKS_A_G</REMARKS>
		<SUPP_REMARKS>SUPP1_REMARKS</SUPP_REMARKS>
		<STATUS>CLARIFICATION-ERROR</STATUS>
		<SUPP_STATUS>CONFIRMATION|CONFIRMATION|CONFIRMATION|COMPLETE</SUPP_STATUS>	 
		<SUPPRESPONSEFILE>CABLEVISION_LIGHTPATH_ACK:CABLEVISION_LIGHTPATH_DLR:CABLEVISION_LIGHTPATH_CLARIFICATION_B:CABLEVISION_LIGHTPATH_CLARIFICATION_C:CABLEVISION_LIGHTPATH_CLARIFICATION_D:CABLEVISION_LIGHTPATH_CLARIFICATION_E:CABLEVISION_LIGHTPATH_CLARIFICATION_F:CABLEVISION_LIGHTPATH_CONFIRMATION</SUPPRESPONSEFILE>
		<RESRAWINRESQUE>44</RESRAWINRESQUE>
		<CHANNELNAME>ASRFAX_ASR</CHANNELNAME>
		<SVCTYP>Ring</SVCTYP>
	</TEST_CASE>
	
	<TEST_CASE name="ASRSend_FGA_NACK_NonBonded_API">
		<EXECUTION>FALSE</EXECUTION>
		<HEADER>REQ_HEADER</HEADER>
		<BODY>CABLEVISION_LIGHTPATH_FGA_REQ_BODY</BODY>
		<ASRC>REQ_ASRC</ASRC>
		<RESPONSEHEADER>RES_HEADER</RESPONSEHEADER>
		<REQUEST>asr_order</REQUEST>
		<SUBREQUEST>FGA</SUBREQUEST>
		<ILEC>CABLEVISION LIGHTPATH</ILEC>
		<HEADERVER>ASOG</HEADERVER> <ASOG_VER>54</ASOG_VER>
		<CCNA>BPH</CCNA>
		<ICSC>NU01</ICSC>
		<RESPONSEMECHANISM>API</RESPONSEMECHANISM>
		<CUSTOMER>ATTI_E2E</CUSTOMER>
		<RESPONSEFILE>CABLEVISION_LIGHTPATH_ACK:CABLEVISION_LIGHTPATH_DLR:CABLEVISION_LIGHTPATH_CLARIFICATION_B:CABLEVISION_LIGHTPATH_CLARIFICATION_C:CABLEVISION_LIGHTPATH_CLARIFICATION_D:CABLEVISION_LIGHTPATH_CLARIFICATION_E:CABLEVISION_LIGHTPATH_CLARIFICATION_F</RESPONSEFILE>
		<FLOW>SUPP1</FLOW>
		<REMARKS>NEW_REQUEST_REMARKS_A_G</REMARKS>
		<SUPP_REMARKS>SUPP1_REMARKS</SUPP_REMARKS>
		<STATUS>CLARIFICATION-ERROR</STATUS>
		<SUPP_STATUS>CONFIRMATION|CONFIRMATION|CONFIRMATION|COMPLETE</SUPP_STATUS>	 
		<SUPPRESPONSEFILE>CABLEVISION_LIGHTPATH_ACK:CABLEVISION_LIGHTPATH_DLR:CABLEVISION_LIGHTPATH_CLARIFICATION_B:CABLEVISION_LIGHTPATH_CLARIFICATION_C:CABLEVISION_LIGHTPATH_CLARIFICATION_D:CABLEVISION_LIGHTPATH_CLARIFICATION_E:CABLEVISION_LIGHTPATH_CLARIFICATION_F:CABLEVISION_LIGHTPATH_CONFIRMATION</SUPPRESPONSEFILE>
		<RESRAWINRESQUE>44</RESRAWINRESQUE>
		<CHANNELNAME>ASRFAX_ASR</CHANNELNAME>
		<SVCTYP>Ring</SVCTYP>
	</TEST_CASE>
		<TEST_CASE name="ASRSend_PIP_NACK_NonBonded_API">
		<EXECUTION>FALSE</EXECUTION>
		<HEADER>REQ_HEADER</HEADER>
		<BODY>CABLEVISION_LIGHTPATH_Ring_REQ_BODY</BODY>
		<ASRC>REQ_ASRC</ASRC>
		<RESPONSEHEADER>RES_HEADER</RESPONSEHEADER>
		<REQUEST>asr_order</REQUEST>
		<SUBREQUEST>PIP</SUBREQUEST>
		<ILEC>CABLEVISION LIGHTPATH</ILEC>
		<HEADERVER>ASOG</HEADERVER> <ASOG_VER>54</ASOG_VER>
		<CCNA>ATB</CCNA>
		<ICSC>NU01</ICSC>
		<FLOW>SUPP4|SUPP1|SUPP2|SUPP3|Cancel|Resume|Suspend|Abandon</FLOW>
		<RESPONSEMECHANISM>API</RESPONSEMECHANISM>
		<CUSTOMER>ATTI_E2E</CUSTOMER>
		<RESPONSEFILE>CABLEVISION_LIGHTPATH_ACK:CABLEVISION_LIGHTPATH_DLR:CABLEVISION_LIGHTPATH_NACK:CABLEVISION_LIGHTPATH_CLARIFICATION_B:CABLEVISION_LIGHTPATH_CLARIFICATION_C:CABLEVISION_LIGHTPATH_CLARIFICATION_D:CABLEVISION_LIGHTPATH_CLARIFICATION_E:CABLEVISION_LIGHTPATH_CLARIFICATION_F</RESPONSEFILE>
		<REMARKS>NEW_REQUEST_REMARKS_A_G</REMARKS>
		<SUPP_REMARKS>SUPP4_REMARKS|SUPP1_REMARKS|SUPP2_REMARKS|SUPP3_REMARKS</SUPP_REMARKS>
		<STATUS>CLARIFICATION-ERROR</STATUS> <SUPP_STATUS>CONFIRMATION|CONFIRMATION|CONFIRMATION|COMPLETE</SUPP_STATUS>	 
		<SUPPRESPONSEFILE>CABLEVISION_LIGHTPATH_ACK:CABLEVISION_LIGHTPATH_DLR:CABLEVISION_LIGHTPATH_NACK:CABLEVISION_LIGHTPATH_CLARIFICATION_B:CABLEVISION_LIGHTPATH_CLARIFICATION_C:CABLEVISION_LIGHTPATH_CLARIFICATION_D:CABLEVISION_LIGHTPATH_CLARIFICATION_E:CABLEVISION_LIGHTPATH_CLARIFICATION_F:CABLEVISION_LIGHTPATH_CONFIRMATION|CABLEVISION_LIGHTPATH_DLR:CABLEVISION_LIGHTPATH_NACK:CABLEVISION_LIGHTPATH_CLARIFICATION_B:CABLEVISION_LIGHTPATH_CLARIFICATION_C:CABLEVISION_LIGHTPATH_CLARIFICATION_D:CABLEVISION_LIGHTPATH_CLARIFICATION_E:CABLEVISION_LIGHTPATH_CLARIFICATION_F:CABLEVISION_LIGHTPATH_CONFIRMATION|CABLEVISION_LIGHTPATH_ACK:CABLEVISION_LIGHTPATH_DLR:CABLEVISION_LIGHTPATH_NACK:CABLEVISION_LIGHTPATH_CLARIFICATION_B:CABLEVISION_LIGHTPATH_CLARIFICATION_C:CABLEVISION_LIGHTPATH_CLARIFICATION_D:CABLEVISION_LIGHTPATH_CLARIFICATION_E:CABLEVISION_LIGHTPATH_CLARIFICATION_F:CABLEVISION_LIGHTPATH_CONFIRMATION|CABLEVISION_LIGHTPATH_ACK:CABLEVISION_LIGHTPATH_DLR:CABLEVISION_LIGHTPATH_NACK:CABLEVISION_LIGHTPATH_CLARIFICATION_B:CABLEVISION_LIGHTPATH_CLARIFICATION_C:CABLEVISION_LIGHTPATH_CLARIFICATION_D:CABLEVISION_LIGHTPATH_CLARIFICATION_E:CABLEVISION_LIGHTPATH_CLARIFICATION_F:CABLEVISION_LIGHTPATH_CLARIFICATION_A:CABLEVISION_LIGHTPATH_CLARIFICATION_K:CABLEVISION_LIGHTPATH_CONFIRMATION</SUPPRESPONSEFILE>
		<RESRAWINRESQUE>44</RESRAWINRESQUE>
		<CHANNELNAME>ASRFAX_ASR</CHANNELNAME>
		<SVCTYP>Ring</SVCTYP>
	</TEST_CASE>
			<TEST_CASE name="ASRSend_PVC_NACK_NonBonded_API">
		<EXECUTION>FALSE</EXECUTION>
		<HEADER>REQ_HEADER</HEADER>
		<BODY>CABLEVISION_LIGHTPATH_PVC_REQ_BODY</BODY>
		<ASRC>REQ_ASRC</ASRC>
		<RESPONSEHEADER>RES_HEADER</RESPONSEHEADER>
		<REQUEST>asr_order</REQUEST>
		<SUBREQUEST>PVC</SUBREQUEST>
		<ILEC>CABLEVISION LIGHTPATH</ILEC>
		<HEADERVER>ASOG</HEADERVER> <ASOG_VER>54</ASOG_VER>
		<CCNA>ATB</CCNA>
		<ICSC>NU01</ICSC>
		<FLOW>SUPP4|SUPP1|SUPP2|SUPP3|Cancel|Resume|Suspend|Abandon</FLOW>
		<RESPONSEMECHANISM>API</RESPONSEMECHANISM>
		<CUSTOMER>ATTI_E2E</CUSTOMER>
		<RESPONSEFILE>CABLEVISION_LIGHTPATH_ACK:CABLEVISION_LIGHTPATH_DLR:CABLEVISION_LIGHTPATH_NACK:CABLEVISION_LIGHTPATH_CLARIFICATION_B:CABLEVISION_LIGHTPATH_CLARIFICATION_C:CABLEVISION_LIGHTPATH_CLARIFICATION_D:CABLEVISION_LIGHTPATH_CLARIFICATION_E:CABLEVISION_LIGHTPATH_CLARIFICATION_F</RESPONSEFILE>
		<REMARKS>NEW_REQUEST_REMARKS_A_G</REMARKS>
		<SUPP_REMARKS>SUPP4_REMARKS|SUPP1_REMARKS|SUPP2_REMARKS|SUPP3_REMARKS</SUPP_REMARKS>
		<STATUS>CLARIFICATION-ERROR</STATUS> <SUPP_STATUS>CONFIRMATION|CONFIRMATION|CONFIRMATION|COMPLETE</SUPP_STATUS>	 
		<SUPPRESPONSEFILE>CABLEVISION_LIGHTPATH_ACK:CABLEVISION_LIGHTPATH_DLR:CABLEVISION_LIGHTPATH_NACK:CABLEVISION_LIGHTPATH_CLARIFICATION_B:CABLEVISION_LIGHTPATH_CLARIFICATION_C:CABLEVISION_LIGHTPATH_CLARIFICATION_D:CABLEVISION_LIGHTPATH_CLARIFICATION_E:CABLEVISION_LIGHTPATH_CLARIFICATION_F:CABLEVISION_LIGHTPATH_CONFIRMATION|CABLEVISION_LIGHTPATH_DLR:CABLEVISION_LIGHTPATH_NACK:CABLEVISION_LIGHTPATH_CLARIFICATION_B:CABLEVISION_LIGHTPATH_CLARIFICATION_C:CABLEVISION_LIGHTPATH_CLARIFICATION_D:CABLEVISION_LIGHTPATH_CLARIFICATION_E:CABLEVISION_LIGHTPATH_CLARIFICATION_F:CABLEVISION_LIGHTPATH_CONFIRMATION|CABLEVISION_LIGHTPATH_ACK:CABLEVISION_LIGHTPATH_DLR:CABLEVISION_LIGHTPATH_NACK:CABLEVISION_LIGHTPATH_CLARIFICATION_B:CABLEVISION_LIGHTPATH_CLARIFICATION_C:CABLEVISION_LIGHTPATH_CLARIFICATION_D:CABLEVISION_LIGHTPATH_CLARIFICATION_E:CABLEVISION_LIGHTPATH_CLARIFICATION_F:CABLEVISION_LIGHTPATH_CONFIRMATION|CABLEVISION_LIGHTPATH_ACK:CABLEVISION_LIGHTPATH_DLR:CABLEVISION_LIGHTPATH_NACK:CABLEVISION_LIGHTPATH_CLARIFICATION_B:CABLEVISION_LIGHTPATH_CLARIFICATION_C:CABLEVISION_LIGHTPATH_CLARIFICATION_D:CABLEVISION_LIGHTPATH_CLARIFICATION_E:CABLEVISION_LIGHTPATH_CLARIFICATION_F:CABLEVISION_LIGHTPATH_CLARIFICATION_A:CABLEVISION_LIGHTPATH_CLARIFICATION_K:CABLEVISION_LIGHTPATH_CONFIRMATION</SUPPRESPONSEFILE>
		<RESRAWINRESQUE>44</RESRAWINRESQUE>
		<CHANNELNAME>ASRFAX_ASR</CHANNELNAME>
		<SVCTYP>Ring</SVCTYP>
	</TEST_CASE>
			<TEST_CASE name="ASRSend_RING_NACK_NonBonded_API">
		<EXECUTION>FALSE</EXECUTION>
		<HEADER>REQ_HEADER</HEADER>
		<BODY>CABLEVISION_LIGHTPATH_Ring_REQ_BODY</BODY>
		<ASRC>REQ_ASRC</ASRC>
		<RESPONSEHEADER>RES_HEADER</RESPONSEHEADER>
		<REQUEST>asr_order</REQUEST>
		<SUBREQUEST>Ring</SUBREQUEST>
		<ILEC>CABLEVISION LIGHTPATH</ILEC>
		<HEADERVER>ASOG</HEADERVER> <ASOG_VER>54</ASOG_VER>
		<CCNA>ATB</CCNA>
		<ICSC>NU01</ICSC>
		<FLOW>SUPP4|SUPP1|SUPP2|SUPP3|Cancel|Resume|Suspend|Abandon</FLOW>
		<RESPONSEMECHANISM>API</RESPONSEMECHANISM>
		<CUSTOMER>ATTI_E2E</CUSTOMER>
		<RESPONSEFILE>CABLEVISION_LIGHTPATH_ACK:CABLEVISION_LIGHTPATH_DLR:CABLEVISION_LIGHTPATH_NACK:CABLEVISION_LIGHTPATH_CLARIFICATION_B:CABLEVISION_LIGHTPATH_CLARIFICATION_C:CABLEVISION_LIGHTPATH_CLARIFICATION_D:CABLEVISION_LIGHTPATH_CLARIFICATION_E:CABLEVISION_LIGHTPATH_CLARIFICATION_F</RESPONSEFILE>
		<REMARKS>NEW_REQUEST_REMARKS_A_G</REMARKS>
		<SUPP_REMARKS>SUPP4_REMARKS|SUPP1_REMARKS|SUPP2_REMARKS|SUPP3_REMARKS</SUPP_REMARKS>
		<STATUS>CLARIFICATION-ERROR</STATUS> <SUPP_STATUS>CONFIRMATION|CONFIRMATION|CONFIRMATION|COMPLETE</SUPP_STATUS>	 
		<SUPPRESPONSEFILE>CABLEVISION_LIGHTPATH_ACK:CABLEVISION_LIGHTPATH_DLR:CABLEVISION_LIGHTPATH_NACK:CABLEVISION_LIGHTPATH_CLARIFICATION_B:CABLEVISION_LIGHTPATH_CLARIFICATION_C:CABLEVISION_LIGHTPATH_CLARIFICATION_D:CABLEVISION_LIGHTPATH_CLARIFICATION_E:CABLEVISION_LIGHTPATH_CLARIFICATION_F:CABLEVISION_LIGHTPATH_CONFIRMATION|CABLEVISION_LIGHTPATH_DLR:CABLEVISION_LIGHTPATH_NACK:CABLEVISION_LIGHTPATH_CLARIFICATION_B:CABLEVISION_LIGHTPATH_CLARIFICATION_C:CABLEVISION_LIGHTPATH_CLARIFICATION_D:CABLEVISION_LIGHTPATH_CLARIFICATION_E:CABLEVISION_LIGHTPATH_CLARIFICATION_F:CABLEVISION_LIGHTPATH_CONFIRMATION|CABLEVISION_LIGHTPATH_ACK:CABLEVISION_LIGHTPATH_DLR:CABLEVISION_LIGHTPATH_NACK:CABLEVISION_LIGHTPATH_CLARIFICATION_B:CABLEVISION_LIGHTPATH_CLARIFICATION_C:CABLEVISION_LIGHTPATH_CLARIFICATION_D:CABLEVISION_LIGHTPATH_CLARIFICATION_E:CABLEVISION_LIGHTPATH_CLARIFICATION_F:CABLEVISION_LIGHTPATH_CONFIRMATION|CABLEVISION_LIGHTPATH_ACK:CABLEVISION_LIGHTPATH_DLR:CABLEVISION_LIGHTPATH_NACK:CABLEVISION_LIGHTPATH_CLARIFICATION_B:CABLEVISION_LIGHTPATH_CLARIFICATION_C:CABLEVISION_LIGHTPATH_CLARIFICATION_D:CABLEVISION_LIGHTPATH_CLARIFICATION_E:CABLEVISION_LIGHTPATH_CLARIFICATION_F:CABLEVISION_LIGHTPATH_CLARIFICATION_A:CABLEVISION_LIGHTPATH_CLARIFICATION_K:CABLEVISION_LIGHTPATH_CONFIRMATION</SUPPRESPONSEFILE>
		<RESRAWINRESQUE>44</RESRAWINRESQUE>
		<CHANNELNAME>ASRFAX_ASR</CHANNELNAME>
		<SVCTYP>Ring</SVCTYP>
	</TEST_CASE>
			<TEST_CASE name="ASRSend_SwitchedEthernetE_NACK_NonBonded_API">
		<EXECUTION>FALSE</EXECUTION>
		<HEADER>REQ_HEADER</HEADER>
		<BODY>CABLEVISION_LIGHTPATH_SES_E_REQ_BODY</BODY>
		<ASRC>REQ_ASRC</ASRC>
		<RESPONSEHEADER>RES_HEADER</RESPONSEHEADER>
		<REQUEST>asr_order</REQUEST>
		<SUBREQUEST>SwitchedEthernetE</SUBREQUEST>
		<ILEC>CABLEVISION LIGHTPATH</ILEC>
		<HEADERVER>ASOG</HEADERVER> <ASOG_VER>54</ASOG_VER>
		<CCNA>ATB</CCNA>
		<ICSC>NU01</ICSC>
		<FLOW>SUPP4|SUPP1|SUPP2|SUPP3|Cancel|Resume|Suspend|Abandon</FLOW>
		<RESPONSEMECHANISM>API</RESPONSEMECHANISM>
		<CUSTOMER>ATTI_E2E</CUSTOMER>
		<RESPONSEFILE>CABLEVISION_LIGHTPATH_ACK:CABLEVISION_LIGHTPATH_DLR:CABLEVISION_LIGHTPATH_NACK:CABLEVISION_LIGHTPATH_CLARIFICATION_B:CABLEVISION_LIGHTPATH_CLARIFICATION_C:CABLEVISION_LIGHTPATH_CLARIFICATION_D:CABLEVISION_LIGHTPATH_CLARIFICATION_E:CABLEVISION_LIGHTPATH_CLARIFICATION_F</RESPONSEFILE>
		<REMARKS>NEW_REQUEST_REMARKS_A_G</REMARKS>
		<SUPP_REMARKS>SUPP4_REMARKS|SUPP1_REMARKS|SUPP2_REMARKS|SUPP3_REMARKS</SUPP_REMARKS>
		<STATUS>CLARIFICATION-ERROR</STATUS> <SUPP_STATUS>CONFIRMATION|CONFIRMATION|CONFIRMATION|COMPLETE</SUPP_STATUS>	 
		<SUPPRESPONSEFILE>CABLEVISION_LIGHTPATH_ACK:CABLEVISION_LIGHTPATH_DLR:CABLEVISION_LIGHTPATH_NACK:CABLEVISION_LIGHTPATH_CLARIFICATION_B:CABLEVISION_LIGHTPATH_CLARIFICATION_C:CABLEVISION_LIGHTPATH_CLARIFICATION_D:CABLEVISION_LIGHTPATH_CLARIFICATION_E:CABLEVISION_LIGHTPATH_CLARIFICATION_F:CABLEVISION_LIGHTPATH_CONFIRMATION|CABLEVISION_LIGHTPATH_DLR:CABLEVISION_LIGHTPATH_NACK:CABLEVISION_LIGHTPATH_CLARIFICATION_B:CABLEVISION_LIGHTPATH_CLARIFICATION_C:CABLEVISION_LIGHTPATH_CLARIFICATION_D:CABLEVISION_LIGHTPATH_CLARIFICATION_E:CABLEVISION_LIGHTPATH_CLARIFICATION_F:CABLEVISION_LIGHTPATH_CONFIRMATION|CABLEVISION_LIGHTPATH_ACK:CABLEVISION_LIGHTPATH_DLR:CABLEVISION_LIGHTPATH_NACK:CABLEVISION_LIGHTPATH_CLARIFICATION_B:CABLEVISION_LIGHTPATH_CLARIFICATION_C:CABLEVISION_LIGHTPATH_CLARIFICATION_D:CABLEVISION_LIGHTPATH_CLARIFICATION_E:CABLEVISION_LIGHTPATH_CLARIFICATION_F:CABLEVISION_LIGHTPATH_CONFIRMATION|CABLEVISION_LIGHTPATH_ACK:CABLEVISION_LIGHTPATH_DLR:CABLEVISION_LIGHTPATH_NACK:CABLEVISION_LIGHTPATH_CLARIFICATION_B:CABLEVISION_LIGHTPATH_CLARIFICATION_C:CABLEVISION_LIGHTPATH_CLARIFICATION_D:CABLEVISION_LIGHTPATH_CLARIFICATION_E:CABLEVISION_LIGHTPATH_CLARIFICATION_F:CABLEVISION_LIGHTPATH_CLARIFICATION_A:CABLEVISION_LIGHTPATH_CLARIFICATION_K:CABLEVISION_LIGHTPATH_CONFIRMATION</SUPPRESPONSEFILE>
		<RESRAWINRESQUE>44</RESRAWINRESQUE>
		<CHANNELNAME>ASRFAX_ASR</CHANNELNAME>
		<SVCTYP>Ring</SVCTYP>
	</TEST_CASE>
			<TEST_CASE name="ASRSend_SwitchedEthernetS_NACK_NonBonded_API">
		<EXECUTION>FALSE</EXECUTION>
		<HEADER>REQ_HEADER</HEADER>
		<BODY>CABLEVISION_LIGHTPATH_SES_S_REQ_BODY</BODY>
		<ASRC>REQ_ASRC</ASRC>
		<RESPONSEHEADER>RES_HEADER</RESPONSEHEADER>
		<REQUEST>asr_order</REQUEST>
		<SUBREQUEST>SwitchedEthernetS</SUBREQUEST>
		<ILEC>CABLEVISION LIGHTPATH</ILEC>
		<HEADERVER>ASOG</HEADERVER> <ASOG_VER>54</ASOG_VER>
		<CCNA>ATB</CCNA>
		<ICSC>NU01</ICSC>
		<FLOW>SUPP4|SUPP1|SUPP2|SUPP3|Cancel|Resume|Suspend|Abandon</FLOW>
		<RESPONSEMECHANISM>API</RESPONSEMECHANISM>
		<CUSTOMER>ATTI_E2E</CUSTOMER>
		<RESPONSEFILE>CABLEVISION_LIGHTPATH_ACK:CABLEVISION_LIGHTPATH_DLR:CABLEVISION_LIGHTPATH_NACK:CABLEVISION_LIGHTPATH_CLARIFICATION_B:CABLEVISION_LIGHTPATH_CLARIFICATION_C:CABLEVISION_LIGHTPATH_CLARIFICATION_D:CABLEVISION_LIGHTPATH_CLARIFICATION_E:CABLEVISION_LIGHTPATH_CLARIFICATION_F</RESPONSEFILE>
		<REMARKS>NEW_REQUEST_REMARKS_A_G</REMARKS>
		<SUPP_REMARKS>SUPP4_REMARKS|SUPP1_REMARKS|SUPP2_REMARKS|SUPP3_REMARKS</SUPP_REMARKS>
		<STATUS>CLARIFICATION-ERROR</STATUS> <SUPP_STATUS>CONFIRMATION|CONFIRMATION|CONFIRMATION|COMPLETE</SUPP_STATUS>	 
		<SUPPRESPONSEFILE>CABLEVISION_LIGHTPATH_ACK:CABLEVISION_LIGHTPATH_DLR:CABLEVISION_LIGHTPATH_NACK:CABLEVISION_LIGHTPATH_CLARIFICATION_B:CABLEVISION_LIGHTPATH_CLARIFICATION_C:CABLEVISION_LIGHTPATH_CLARIFICATION_D:CABLEVISION_LIGHTPATH_CLARIFICATION_E:CABLEVISION_LIGHTPATH_CLARIFICATION_F:CABLEVISION_LIGHTPATH_CONFIRMATION|CABLEVISION_LIGHTPATH_DLR:CABLEVISION_LIGHTPATH_NACK:CABLEVISION_LIGHTPATH_CLARIFICATION_B:CABLEVISION_LIGHTPATH_CLARIFICATION_C:CABLEVISION_LIGHTPATH_CLARIFICATION_D:CABLEVISION_LIGHTPATH_CLARIFICATION_E:CABLEVISION_LIGHTPATH_CLARIFICATION_F:CABLEVISION_LIGHTPATH_CONFIRMATION|CABLEVISION_LIGHTPATH_ACK:CABLEVISION_LIGHTPATH_DLR:CABLEVISION_LIGHTPATH_NACK:CABLEVISION_LIGHTPATH_CLARIFICATION_B:CABLEVISION_LIGHTPATH_CLARIFICATION_C:CABLEVISION_LIGHTPATH_CLARIFICATION_D:CABLEVISION_LIGHTPATH_CLARIFICATION_E:CABLEVISION_LIGHTPATH_CLARIFICATION_F:CABLEVISION_LIGHTPATH_CONFIRMATION|CABLEVISION_LIGHTPATH_ACK:CABLEVISION_LIGHTPATH_DLR:CABLEVISION_LIGHTPATH_NACK:CABLEVISION_LIGHTPATH_CLARIFICATION_B:CABLEVISION_LIGHTPATH_CLARIFICATION_C:CABLEVISION_LIGHTPATH_CLARIFICATION_D:CABLEVISION_LIGHTPATH_CLARIFICATION_E:CABLEVISION_LIGHTPATH_CLARIFICATION_F:CABLEVISION_LIGHTPATH_CLARIFICATION_A:CABLEVISION_LIGHTPATH_CLARIFICATION_K:CABLEVISION_LIGHTPATH_CONFIRMATION</SUPPRESPONSEFILE>
		<RESRAWINRESQUE>44</RESRAWINRESQUE>
		<CHANNELNAME>ASRFAX_ASR</CHANNELNAME>
		<SVCTYP>Ring</SVCTYP>
	</TEST_CASE>
			<TEST_CASE name="ASRSend_TransportE_NACK_NonBonded_API">
		<EXECUTION>FALSE</EXECUTION>
		<HEADER>REQ_HEADER</HEADER>
		<BODY>CABLEVISION_LIGHTPATH_Transport_E_REQ_BODY</BODY>
		<ASRC>REQ_ASRC</ASRC>
		<RESPONSEHEADER>RES_HEADER</RESPONSEHEADER>
		<REQUEST>asr_order</REQUEST>
		<SUBREQUEST>Transport</SUBREQUEST>
		<ILEC>CABLEVISION LIGHTPATH</ILEC>
		<HEADERVER>ASOG</HEADERVER> <ASOG_VER>54</ASOG_VER>
		<CCNA>ATB</CCNA>
		<ICSC>NU01</ICSC>
		<FLOW>SUPP4|SUPP1|SUPP2|SUPP3|Cancel|Resume|Suspend|Abandon</FLOW>
		<RESPONSEMECHANISM>API</RESPONSEMECHANISM>
		<CUSTOMER>ATTI_E2E</CUSTOMER>
		<RESPONSEFILE>CABLEVISION_LIGHTPATH_ACK:CABLEVISION_LIGHTPATH_DLR:CABLEVISION_LIGHTPATH_NACK:CABLEVISION_LIGHTPATH_CLARIFICATION_B:CABLEVISION_LIGHTPATH_CLARIFICATION_C:CABLEVISION_LIGHTPATH_CLARIFICATION_D:CABLEVISION_LIGHTPATH_CLARIFICATION_E:CABLEVISION_LIGHTPATH_CLARIFICATION_F</RESPONSEFILE>
		<REMARKS>NEW_REQUEST_REMARKS_A_G</REMARKS>
		<SUPP_REMARKS>SUPP4_REMARKS|SUPP1_REMARKS|SUPP2_REMARKS|SUPP3_REMARKS</SUPP_REMARKS>
		<STATUS>CLARIFICATION-ERROR</STATUS> <SUPP_STATUS>CONFIRMATION|CONFIRMATION|CONFIRMATION|COMPLETE</SUPP_STATUS>	 
		<SUPPRESPONSEFILE>CABLEVISION_LIGHTPATH_ACK:CABLEVISION_LIGHTPATH_DLR:CABLEVISION_LIGHTPATH_NACK:CABLEVISION_LIGHTPATH_CLARIFICATION_B:CABLEVISION_LIGHTPATH_CLARIFICATION_C:CABLEVISION_LIGHTPATH_CLARIFICATION_D:CABLEVISION_LIGHTPATH_CLARIFICATION_E:CABLEVISION_LIGHTPATH_CLARIFICATION_F:CABLEVISION_LIGHTPATH_CONFIRMATION|CABLEVISION_LIGHTPATH_DLR:CABLEVISION_LIGHTPATH_NACK:CABLEVISION_LIGHTPATH_CLARIFICATION_B:CABLEVISION_LIGHTPATH_CLARIFICATION_C:CABLEVISION_LIGHTPATH_CLARIFICATION_D:CABLEVISION_LIGHTPATH_CLARIFICATION_E:CABLEVISION_LIGHTPATH_CLARIFICATION_F:CABLEVISION_LIGHTPATH_CONFIRMATION|CABLEVISION_LIGHTPATH_ACK:CABLEVISION_LIGHTPATH_DLR:CABLEVISION_LIGHTPATH_NACK:CABLEVISION_LIGHTPATH_CLARIFICATION_B:CABLEVISION_LIGHTPATH_CLARIFICATION_C:CABLEVISION_LIGHTPATH_CLARIFICATION_D:CABLEVISION_LIGHTPATH_CLARIFICATION_E:CABLEVISION_LIGHTPATH_CLARIFICATION_F:CABLEVISION_LIGHTPATH_CONFIRMATION|CABLEVISION_LIGHTPATH_ACK:CABLEVISION_LIGHTPATH_DLR:CABLEVISION_LIGHTPATH_NACK:CABLEVISION_LIGHTPATH_CLARIFICATION_B:CABLEVISION_LIGHTPATH_CLARIFICATION_C:CABLEVISION_LIGHTPATH_CLARIFICATION_D:CABLEVISION_LIGHTPATH_CLARIFICATION_E:CABLEVISION_LIGHTPATH_CLARIFICATION_F:CABLEVISION_LIGHTPATH_CLARIFICATION_A:CABLEVISION_LIGHTPATH_CLARIFICATION_K:CABLEVISION_LIGHTPATH_CONFIRMATION</SUPPRESPONSEFILE>
		<RESRAWINRESQUE>44</RESRAWINRESQUE>
		<CHANNELNAME>ASRFAX_ASR</CHANNELNAME>
		<SVCTYP>Ring</SVCTYP>
	</TEST_CASE>
			<TEST_CASE name="ASRSend_TransportS_NACK_NonBonded_API">
		<EXECUTION>FALSE</EXECUTION>
		<HEADER>REQ_HEADER</HEADER>
		<BODY>CABLEVISION_LIGHTPATH_Transport_S_REQ_BODY</BODY>
		<ASRC>REQ_ASRC</ASRC>
		<RESPONSEHEADER>RES_HEADER</RESPONSEHEADER>
		<REQUEST>asr_order</REQUEST>
		<SUBREQUEST>Transport</SUBREQUEST>
		<ILEC>CABLEVISION LIGHTPATH</ILEC>
		<HEADERVER>ASOG</HEADERVER> <ASOG_VER>54</ASOG_VER>
		<CCNA>ATB</CCNA>
		<ICSC>NU01</ICSC>
		<FLOW>SUPP4|SUPP1|SUPP2|SUPP3|Cancel|Resume|Suspend|Abandon</FLOW>
		<RESPONSEMECHANISM>API</RESPONSEMECHANISM>
		<CUSTOMER>ATTI_E2E</CUSTOMER>
		<RESPONSEFILE>CABLEVISION_LIGHTPATH_ACK:CABLEVISION_LIGHTPATH_DLR:CABLEVISION_LIGHTPATH_NACK:CABLEVISION_LIGHTPATH_CLARIFICATION_B:CABLEVISION_LIGHTPATH_CLARIFICATION_C:CABLEVISION_LIGHTPATH_CLARIFICATION_D:CABLEVISION_LIGHTPATH_CLARIFICATION_E:CABLEVISION_LIGHTPATH_CLARIFICATION_F</RESPONSEFILE>
		<REMARKS>NEW_REQUEST_REMARKS_A_G</REMARKS>
		<SUPP_REMARKS>SUPP4_REMARKS|SUPP1_REMARKS|SUPP2_REMARKS|SUPP3_REMARKS</SUPP_REMARKS>
		<STATUS>CLARIFICATION-ERROR</STATUS> <SUPP_STATUS>CONFIRMATION|CONFIRMATION|CONFIRMATION|COMPLETE</SUPP_STATUS>	 
		<SUPPRESPONSEFILE>CABLEVISION_LIGHTPATH_ACK:CABLEVISION_LIGHTPATH_DLR:CABLEVISION_LIGHTPATH_NACK:CABLEVISION_LIGHTPATH_CLARIFICATION_B:CABLEVISION_LIGHTPATH_CLARIFICATION_C:CABLEVISION_LIGHTPATH_CLARIFICATION_D:CABLEVISION_LIGHTPATH_CLARIFICATION_E:CABLEVISION_LIGHTPATH_CLARIFICATION_F:CABLEVISION_LIGHTPATH_CONFIRMATION|CABLEVISION_LIGHTPATH_DLR:CABLEVISION_LIGHTPATH_NACK:CABLEVISION_LIGHTPATH_CLARIFICATION_B:CABLEVISION_LIGHTPATH_CLARIFICATION_C:CABLEVISION_LIGHTPATH_CLARIFICATION_D:CABLEVISION_LIGHTPATH_CLARIFICATION_E:CABLEVISION_LIGHTPATH_CLARIFICATION_F:CABLEVISION_LIGHTPATH_CONFIRMATION|CABLEVISION_LIGHTPATH_ACK:CABLEVISION_LIGHTPATH_DLR:CABLEVISION_LIGHTPATH_NACK:CABLEVISION_LIGHTPATH_CLARIFICATION_B:CABLEVISION_LIGHTPATH_CLARIFICATION_C:CABLEVISION_LIGHTPATH_CLARIFICATION_D:CABLEVISION_LIGHTPATH_CLARIFICATION_E:CABLEVISION_LIGHTPATH_CLARIFICATION_F:CABLEVISION_LIGHTPATH_CONFIRMATION|CABLEVISION_LIGHTPATH_ACK:CABLEVISION_LIGHTPATH_DLR:CABLEVISION_LIGHTPATH_NACK:CABLEVISION_LIGHTPATH_CLARIFICATION_B:CABLEVISION_LIGHTPATH_CLARIFICATION_C:CABLEVISION_LIGHTPATH_CLARIFICATION_D:CABLEVISION_LIGHTPATH_CLARIFICATION_E:CABLEVISION_LIGHTPATH_CLARIFICATION_F:CABLEVISION_LIGHTPATH_CLARIFICATION_A:CABLEVISION_LIGHTPATH_CLARIFICATION_K:CABLEVISION_LIGHTPATH_CONFIRMATION</SUPPRESPONSEFILE>
		<RESRAWINRESQUE>44</RESRAWINRESQUE>
		<CHANNELNAME>ASRFAX_ASR</CHANNELNAME>
		<SVCTYP>Ring</SVCTYP>
	</TEST_CASE>
			<TEST_CASE name="ASRSend_TRUNKING_NACK_NonBonded_API">
		<EXECUTION>FALSE</EXECUTION>
		<HEADER>REQ_HEADER</HEADER>
		<BODY>CABLEVISION_LIGHTPATH_Trunking_REQ_BODY</BODY>
		<ASRC>REQ_ASRC</ASRC>
		<RESPONSEHEADER>RES_HEADER</RESPONSEHEADER>
		<REQUEST>asr_order</REQUEST>
		<SUBREQUEST>Trunking</SUBREQUEST>
		<ILEC>CABLEVISION LIGHTPATH</ILEC>
		<HEADERVER>ASOG</HEADERVER> <ASOG_VER>54</ASOG_VER>
		<CCNA>ATB</CCNA>
		<ICSC>NU01</ICSC>
		<FLOW>SUPP4|SUPP1|SUPP2|SUPP3|Cancel|Resume|Suspend|Abandon</FLOW>
		<RESPONSEMECHANISM>API</RESPONSEMECHANISM>
		<CUSTOMER>ATTI_E2E</CUSTOMER>
		<RESPONSEFILE>CABLEVISION_LIGHTPATH_ACK:CABLEVISION_LIGHTPATH_DLR:CABLEVISION_LIGHTPATH_NACK:CABLEVISION_LIGHTPATH_CLARIFICATION_B:CABLEVISION_LIGHTPATH_CLARIFICATION_C:CABLEVISION_LIGHTPATH_CLARIFICATION_D:CABLEVISION_LIGHTPATH_CLARIFICATION_E:CABLEVISION_LIGHTPATH_CLARIFICATION_F</RESPONSEFILE>
		<REMARKS>NEW_REQUEST_REMARKS_A_G</REMARKS>
		<SUPP_REMARKS>SUPP4_REMARKS|SUPP1_REMARKS|SUPP2_REMARKS|SUPP3_REMARKS</SUPP_REMARKS>
		<STATUS>CLARIFICATION-ERROR</STATUS> <SUPP_STATUS>CONFIRMATION|CONFIRMATION|CONFIRMATION|COMPLETE</SUPP_STATUS>	 
		<SUPPRESPONSEFILE>CABLEVISION_LIGHTPATH_ACK:CABLEVISION_LIGHTPATH_DLR:CABLEVISION_LIGHTPATH_NACK:CABLEVISION_LIGHTPATH_CLARIFICATION_B:CABLEVISION_LIGHTPATH_CLARIFICATION_C:CABLEVISION_LIGHTPATH_CLARIFICATION_D:CABLEVISION_LIGHTPATH_CLARIFICATION_E:CABLEVISION_LIGHTPATH_CLARIFICATION_F:CABLEVISION_LIGHTPATH_CONFIRMATION|CABLEVISION_LIGHTPATH_DLR:CABLEVISION_LIGHTPATH_NACK:CABLEVISION_LIGHTPATH_CLARIFICATION_B:CABLEVISION_LIGHTPATH_CLARIFICATION_C:CABLEVISION_LIGHTPATH_CLARIFICATION_D:CABLEVISION_LIGHTPATH_CLARIFICATION_E:CABLEVISION_LIGHTPATH_CLARIFICATION_F:CABLEVISION_LIGHTPATH_CONFIRMATION|CABLEVISION_LIGHTPATH_ACK:CABLEVISION_LIGHTPATH_DLR:CABLEVISION_LIGHTPATH_NACK:CABLEVISION_LIGHTPATH_CLARIFICATION_B:CABLEVISION_LIGHTPATH_CLARIFICATION_C:CABLEVISION_LIGHTPATH_CLARIFICATION_D:CABLEVISION_LIGHTPATH_CLARIFICATION_E:CABLEVISION_LIGHTPATH_CLARIFICATION_F:CABLEVISION_LIGHTPATH_CONFIRMATION|CABLEVISION_LIGHTPATH_ACK:CABLEVISION_LIGHTPATH_DLR:CABLEVISION_LIGHTPATH_NACK:CABLEVISION_LIGHTPATH_CLARIFICATION_B:CABLEVISION_LIGHTPATH_CLARIFICATION_C:CABLEVISION_LIGHTPATH_CLARIFICATION_D:CABLEVISION_LIGHTPATH_CLARIFICATION_E:CABLEVISION_LIGHTPATH_CLARIFICATION_F:CABLEVISION_LIGHTPATH_CLARIFICATION_A:CABLEVISION_LIGHTPATH_CLARIFICATION_K:CABLEVISION_LIGHTPATH_CONFIRMATION</SUPPRESPONSEFILE>
		<RESRAWINRESQUE>44</RESRAWINRESQUE>
		<CHANNELNAME>ASRFAX_ASR</CHANNELNAME>
		<SVCTYP>Ring</SVCTYP>
	</TEST_CASE>
	<TEST_CASE name="ASRSend_TRUNKING_NACK_Meetpoint_NonBondedBonded_API">
		<EXECUTION>TRUE</EXECUTION>
		<HEADER>REQ_HEADER</HEADER>
		<BODY>CABLEVISION_LIGHTPATH_Trunking_MeetPoint_REQ_BODY</BODY>
		<ASRC>REQ_ASRC</ASRC>
		<RESPONSEHEADER>RES_HEADER</RESPONSEHEADER>
		<REQUEST>asr_order</REQUEST>
		<SUBREQUEST>Trunking</SUBREQUEST>
		<ILEC>CABLEVISION LIGHTPATH</ILEC>
		<HEADERVER>ASOG</HEADERVER> <ASOG_VER>54</ASOG_VER>
		<CCNA>ATB</CCNA>
		<ICSC>NU01</ICSC>
		<FLOW>SUPP4|SUPP1|SUPP2|SUPP3|Cancel|Resume|Suspend|Abandon</FLOW>
		<RESPONSEMECHANISM>API</RESPONSEMECHANISM>
		<CUSTOMER>ATTI_E2E</CUSTOMER>
		<RESPONSEFILE>CABLEVISION_LIGHTPATH_ACK:CABLEVISION_LIGHTPATH_DLR:CABLEVISION_LIGHTPATH_NACK:CABLEVISION_LIGHTPATH_CLARIFICATION_B:CABLEVISION_LIGHTPATH_CLARIFICATION_C:CABLEVISION_LIGHTPATH_CLARIFICATION_D:CABLEVISION_LIGHTPATH_CLARIFICATION_E:CABLEVISION_LIGHTPATH_CLARIFICATION_F</RESPONSEFILE>
		<REMARKS>NEW_REQUEST_REMARKS_A_G</REMARKS>
		<SUPP_REMARKS>SUPP4_REMARKS|SUPP1_REMARKS|SUPP2_REMARKS|SUPP3_REMARKS</SUPP_REMARKS>
		<STATUS>CLARIFICATION-ERROR</STATUS> <SUPP_STATUS>CONFIRMATION|CONFIRMATION|CONFIRMATION|COMPLETE</SUPP_STATUS>	 
		<SUPPRESPONSEFILE>CABLEVISION_LIGHTPATH_ACK:CABLEVISION_LIGHTPATH_DLR:CABLEVISION_LIGHTPATH_NACK:CABLEVISION_LIGHTPATH_CLARIFICATION_B:CABLEVISION_LIGHTPATH_CLARIFICATION_C:CABLEVISION_LIGHTPATH_CLARIFICATION_D:CABLEVISION_LIGHTPATH_CLARIFICATION_E:CABLEVISION_LIGHTPATH_CLARIFICATION_F:CABLEVISION_LIGHTPATH_CONFIRMATION|CABLEVISION_LIGHTPATH_DLR:CABLEVISION_LIGHTPATH_NACK:CABLEVISION_LIGHTPATH_CLARIFICATION_B:CABLEVISION_LIGHTPATH_CLARIFICATION_C:CABLEVISION_LIGHTPATH_CLARIFICATION_D:CABLEVISION_LIGHTPATH_CLARIFICATION_E:CABLEVISION_LIGHTPATH_CLARIFICATION_F:CABLEVISION_LIGHTPATH_CONFIRMATION|CABLEVISION_LIGHTPATH_ACK:CABLEVISION_LIGHTPATH_DLR:CABLEVISION_LIGHTPATH_NACK:CABLEVISION_LIGHTPATH_CLARIFICATION_B:CABLEVISION_LIGHTPATH_CLARIFICATION_C:CABLEVISION_LIGHTPATH_CLARIFICATION_D:CABLEVISION_LIGHTPATH_CLARIFICATION_E:CABLEVISION_LIGHTPATH_CLARIFICATION_F:CABLEVISION_LIGHTPATH_CONFIRMATION|CABLEVISION_LIGHTPATH_ACK:CABLEVISION_LIGHTPATH_DLR:CABLEVISION_LIGHTPATH_NACK:CABLEVISION_LIGHTPATH_CLARIFICATION_B:CABLEVISION_LIGHTPATH_CLARIFICATION_C:CABLEVISION_LIGHTPATH_CLARIFICATION_D:CABLEVISION_LIGHTPATH_CLARIFICATION_E:CABLEVISION_LIGHTPATH_CLARIFICATION_F:CABLEVISION_LIGHTPATH_CLARIFICATION_A:CABLEVISION_LIGHTPATH_CLARIFICATION_K:CABLEVISION_LIGHTPATH_CONFIRMATION</SUPPRESPONSEFILE>
		<RESRAWINRESQUE>44</RESRAWINRESQUE>
		<CHANNELNAME>ASRFAX_ASR</CHANNELNAME>
		<SVCTYP>Ring</SVCTYP>
	</TEST_CASE>
			<TEST_CASE name="ASRSend_VC_NACK_NonBonded_API">
		<EXECUTION>FALSE</EXECUTION>
		<HEADER>REQ_HEADER</HEADER>
		<BODY>CABLEVISION_LIGHTPATH_VC_REQ_BODY</BODY>
		<ASRC>REQ_ASRC</ASRC>
		<RESPONSEHEADER>RES_HEADER</RESPONSEHEADER>
		<REQUEST>asr_order</REQUEST>
		<SUBREQUEST>VC</SUBREQUEST>
		<ILEC>CABLEVISION LIGHTPATH</ILEC>
		<HEADERVER>ASOG</HEADERVER>
		<ASOG_VER>54</ASOG_VER>
		<CCNA>ATB</CCNA>
		<ICSC>NU01</ICSC>
		<FLOW>SUPP4|SUPP1|SUPP2|SUPP3|Cancel|Resume|Suspend|Abandon</FLOW>
		<RESPONSEMECHANISM>API</RESPONSEMECHANISM>
		<CUSTOMER>ATTI_E2E</CUSTOMER>
		<RESPONSEFILE>CABLEVISION_LIGHTPATH_ACK:CABLEVISION_LIGHTPATH_DLR:CABLEVISION_LIGHTPATH_NACK:CABLEVISION_LIGHTPATH_CLARIFICATION_B:CABLEVISION_LIGHTPATH_CLARIFICATION_C:CABLEVISION_LIGHTPATH_CLARIFICATION_D:CABLEVISION_LIGHTPATH_CLARIFICATION_E:CABLEVISION_LIGHTPATH_CLARIFICATION_F</RESPONSEFILE>
		<REMARKS>NEW_REQUEST_REMARKS_A_G</REMARKS>
		<SUPP_REMARKS>SUPP4_REMARKS|SUPP1_REMARKS|SUPP2_REMARKS|SUPP3_REMARKS</SUPP_REMARKS>
		<STATUS>CLARIFICATION-ERROR</STATUS> <SUPP_STATUS>CONFIRMATION|CONFIRMATION|CONFIRMATION|COMPLETE</SUPP_STATUS>	 
		<SUPPRESPONSEFILE>CABLEVISION_LIGHTPATH_ACK:CABLEVISION_LIGHTPATH_DLR:CABLEVISION_LIGHTPATH_NACK:CABLEVISION_LIGHTPATH_CLARIFICATION_B:CABLEVISION_LIGHTPATH_CLARIFICATION_C:CABLEVISION_LIGHTPATH_CLARIFICATION_D:CABLEVISION_LIGHTPATH_CLARIFICATION_E:CABLEVISION_LIGHTPATH_CLARIFICATION_F:CABLEVISION_LIGHTPATH_CONFIRMATION|CABLEVISION_LIGHTPATH_DLR:CABLEVISION_LIGHTPATH_NACK:CABLEVISION_LIGHTPATH_CLARIFICATION_B:CABLEVISION_LIGHTPATH_CLARIFICATION_C:CABLEVISION_LIGHTPATH_CLARIFICATION_D:CABLEVISION_LIGHTPATH_CLARIFICATION_E:CABLEVISION_LIGHTPATH_CLARIFICATION_F:CABLEVISION_LIGHTPATH_CONFIRMATION|CABLEVISION_LIGHTPATH_ACK:CABLEVISION_LIGHTPATH_DLR:CABLEVISION_LIGHTPATH_NACK:CABLEVISION_LIGHTPATH_CLARIFICATION_B:CABLEVISION_LIGHTPATH_CLARIFICATION_C:CABLEVISION_LIGHTPATH_CLARIFICATION_D:CABLEVISION_LIGHTPATH_CLARIFICATION_E:CABLEVISION_LIGHTPATH_CLARIFICATION_F:CABLEVISION_LIGHTPATH_CONFIRMATION|CABLEVISION_LIGHTPATH_ACK:CABLEVISION_LIGHTPATH_DLR:CABLEVISION_LIGHTPATH_NACK:CABLEVISION_LIGHTPATH_CLARIFICATION_B:CABLEVISION_LIGHTPATH_CLARIFICATION_C:CABLEVISION_LIGHTPATH_CLARIFICATION_D:CABLEVISION_LIGHTPATH_CLARIFICATION_E:CABLEVISION_LIGHTPATH_CLARIFICATION_F:CABLEVISION_LIGHTPATH_CLARIFICATION_A:CABLEVISION_LIGHTPATH_CLARIFICATION_K:CABLEVISION_LIGHTPATH_CONFIRMATION</SUPPRESPONSEFILE>
		<RESRAWINRESQUE>44</RESRAWINRESQUE>
		<CHANNELNAME>ASRFAX_ASR</CHANNELNAME>
		<SVCTYP>Ring</SVCTYP>
	</TEST_CASE>

			
	<TEST_CASE name="ASRSend_WATS_NACK_NonBonded_API">
		<EXECUTION>FALSE</EXECUTION>
		<HEADER>REQ_HEADER</HEADER>
		<BODY>CABLEVISION_LIGHTPATH_WATS_REQ_BODY</BODY>
		<ASRC>REQ_ASRC</ASRC>
		<RESPONSEHEADER>RES_HEADER</RESPONSEHEADER>
		<REQUEST>asr_order</REQUEST>
		<SUBREQUEST>WATS</SUBREQUEST>
		<ILEC>CABLEVISION LIGHTPATH</ILEC>
		<HEADERVER>ASOG</HEADERVER> <ASOG_VER>54</ASOG_VER>
		<CCNA>ATB</CCNA>
		<ICSC>NU01</ICSC>
		<FLOW>SUPP4|SUPP1|SUPP2|SUPP3|Cancel|Resume|Suspend|Abandon</FLOW>
		<RESPONSEMECHANISM>API</RESPONSEMECHANISM>
		<CUSTOMER>ATTI_E2E</CUSTOMER>
		<RESPONSEFILE>CABLEVISION_LIGHTPATH_ACK</RESPONSEFILE>
		<REMARKS>NEW_REQUEST_REMARKS_A_G</REMARKS>
		<SUPP_REMARKS>SUPP4_REMARKS</SUPP_REMARKS>
		<STATUS>CLARIFICATION-ERROR</STATUS>
		<SUPP_STATUS>CONFIRMATION</SUPP_STATUS>	 
		<SUPPRESPONSEFILE>CABLEVISION_LIGHTPATH_ACK:CABLEVISION_LIGHTPATH_DLR:CABLEVISION_LIGHTPATH_NACK:CABLEVISION_LIGHTPATH_CLARIFICATION_B:CABLEVISION_LIGHTPATH_CLARIFICATION_C:CABLEVISION_LIGHTPATH_CLARIFICATION_D:CABLEVISION_LIGHTPATH_CLARIFICATION_E:CABLEVISION_LIGHTPATH_CLARIFICATION_F:CABLEVISION_LIGHTPATH_CONFIRMATION|CABLEVISION_LIGHTPATH_DLR:CABLEVISION_LIGHTPATH_NACK:CABLEVISION_LIGHTPATH_CLARIFICATION_B:CABLEVISION_LIGHTPATH_CLARIFICATION_C:CABLEVISION_LIGHTPATH_CLARIFICATION_D:CABLEVISION_LIGHTPATH_CLARIFICATION_E:CABLEVISION_LIGHTPATH_CLARIFICATION_F:CABLEVISION_LIGHTPATH_CONFIRMATION|CABLEVISION_LIGHTPATH_ACK:CABLEVISION_LIGHTPATH_DLR:CABLEVISION_LIGHTPATH_NACK:CABLEVISION_LIGHTPATH_CLARIFICATION_B:CABLEVISION_LIGHTPATH_CLARIFICATION_C:CABLEVISION_LIGHTPATH_CLARIFICATION_D:CABLEVISION_LIGHTPATH_CLARIFICATION_E:CABLEVISION_LIGHTPATH_CLARIFICATION_F:CABLEVISION_LIGHTPATH_CONFIRMATION|CABLEVISION_LIGHTPATH_ACK:CABLEVISION_LIGHTPATH_DLR:CABLEVISION_LIGHTPATH_NACK:CABLEVISION_LIGHTPATH_CLARIFICATION_B:CABLEVISION_LIGHTPATH_CLARIFICATION_C:CABLEVISION_LIGHTPATH_CLARIFICATION_D:CABLEVISION_LIGHTPATH_CLARIFICATION_E:CABLEVISION_LIGHTPATH_CLARIFICATION_F:CABLEVISION_LIGHTPATH_CLARIFICATION_A:CABLEVISION_LIGHTPATH_CLARIFICATION_K:CABLEVISION_LIGHTPATH_CONFIRMATION</SUPPRESPONSEFILE>
		<RESRAWINRESQUE>44</RESRAWINRESQUE>
		<CHANNELNAME>ASRFAX_ASR</CHANNELNAME>
		<SVCTYP>WATS</SVCTYP>
	</TEST_CASE>
	
	
	
	<TEST_CASE name="ASRSend_DIS_NACK_Bonded_API">
		<EXECUTION>FALSE</EXECUTION>
		<HEADER>REQ_HEADER</HEADER>
		<BODY>CONSOLIDATED_COMMUNICATIONS_DIS_REQ_BODY</BODY>
		<ASRC>REQ_ASRC</ASRC>
		<RESPONSEHEADER>RES_HEADER</RESPONSEHEADER>
		<REQUEST>asr_order</REQUEST>
		<SUBREQUEST>DIS</SUBREQUEST>
		<ILEC>CONSOLIDATED COMMUNICATIONS</ILEC>
		<HEADERVER>ASOG</HEADERVER>
		<ASOG_VER>54</ASOG_VER>
		<CCNA>ATB</CCNA>
		<ICSC>MK01</ICSC>
		<RESPONSEMECHANISM>DUMMY_WEB_SERVICE</RESPONSEMECHANISM>
		<CUSTOMER>ATTI_E2E</CUSTOMER>
		<RESPONSEFILE>ACK:DLR:NACK:ERROR:CNTB:CNTC:CNTD:CNTE:CNTF</RESPONSEFILE>
		<FLOW>SUPP4|SUPP1|SUPP2|SUPP3|Cancel|Resume|Suspend|Abandon</FLOW>
		<REMARKS>NEW_REQUEST_REMARKS_A_G</REMARKS>
		<SUPP_REMARKS>SUPP1_REMARKS</SUPP_REMARKS>
		<STATUS>CLARIFICATION-ERROR</STATUS>
		<SUPP_STATUS>CONFIRMATION|CONFIRMATION|CONFIRMATION|COMPLETE</SUPP_STATUS>	 
		<SUPPRESPONSEFILE>ACK:DLR:NACK:ERROR:CNTB:CNTC:CNTD:CNTE:CNTF:CONFIRMATION|DLR:NACK:ERROR:CNTB:CNTC:CNTD:CNTE:CNTF:CONFIRMATION|ACK:DLR:NACK:ERROR:CNTB:CNTC:CNTD:CNTE:CNTF:CONFIRMATION|ACK:DLR:NACK:ERROR:CNTB:CNTC:CNTD:CNTE:CNTF:CNTA:CNTK:CONFIRMATION</SUPPRESPONSEFILE>
		<RESRAWINRESQUE>44</RESRAWINRESQUE>
		<CHANNELNAME>CONSOLIDATED_COMMUNICATIONS_ASR</CHANNELNAME>
		<SVCTYP>DIS</SVCTYP>
	</TEST_CASE>
	<TEST_CASE name="ASRSend_EVC_NACK_Bonded_API">
		<EXECUTION>FALSE</EXECUTION>
		<HEADER>REQ_HEADER</HEADER>
		<BODY>CONSOLIDATED_COMMUNICATIONS_EVC_REQ_BODY</BODY>
		<ASRC>REQ_ASRC</ASRC>
		<RESPONSEHEADER>RES_HEADER</RESPONSEHEADER>
		<REQUEST>asr_order</REQUEST>
		<SUBREQUEST>EVC</SUBREQUEST>
		<ILEC>CONSOLIDATED COMMUNICATIONS</ILEC>
		<HEADERVER>ASOG</HEADERVER> <ASOG_VER>54</ASOG_VER>
		<CCNA>ATB</CCNA>
		<ICSC>MK01</ICSC>
		<RESPONSEMECHANISM>DUMMY_WEB_SERVICE</RESPONSEMECHANISM>
		<CUSTOMER>ATTI_E2E</CUSTOMER>
		<RESPONSEFILE>ACK:DLR:NACK:ERROR:CNTB:CNTC:CNTD:CNTE:CNTF</RESPONSEFILE>
		<FLOW>SUPP4|SUPP1|SUPP2|SUPP3|Cancel|Resume|Suspend|Abandon</FLOW>
		<REMARKS>NEW_REQUEST_REMARKS_A_G</REMARKS>
		<SUPP_REMARKS>SUPP1_REMARKS</SUPP_REMARKS>
		<STATUS>CLARIFICATION-ERROR</STATUS>
		<SUPP_STATUS>CONFIRMATION|CONFIRMATION|CONFIRMATION|COMPLETE</SUPP_STATUS>	 
		<SUPPRESPONSEFILE>ACK:DLR:NACK:ERROR:CNTB:CNTC:CNTD:CNTE:CNTF:CONFIRMATION|DLR:NACK:ERROR:CNTB:CNTC:CNTD:CNTE:CNTF:CONFIRMATION|ACK:DLR:NACK:ERROR:CNTB:CNTC:CNTD:CNTE:CNTF:CONFIRMATION|ACK:DLR:NACK:ERROR:CNTB:CNTC:CNTD:CNTE:CNTF:CNTA:CNTK:CONFIRMATION</SUPPRESPONSEFILE>
		<RESRAWINRESQUE>44</RESRAWINRESQUE>
		<CHANNELNAME>CONSOLIDATED_COMMUNICATIONS_ASR</CHANNELNAME>
		<SVCTYP>EVC</SVCTYP>
	</TEST_CASE>
	
	<TEST_CASE name="ASRSend_FGA_NACK_Bonded_API">
		<EXECUTION>FALSE</EXECUTION>
		<HEADER>REQ_HEADER</HEADER>
		<BODY>CONSOLIDATED_COMMUNICATIONS_FGA_REQ_BODY</BODY>
		<ASRC>REQ_ASRC</ASRC>
		<RESPONSEHEADER>RES_HEADER</RESPONSEHEADER>
		<REQUEST>asr_order</REQUEST>
		<SUBREQUEST>FGA</SUBREQUEST>
		<ILEC>CONSOLIDATED COMMUNICATIONS</ILEC>
		<HEADERVER>ASOG</HEADERVER>
		<ASOG_VER>54</ASOG_VER>
		<CCNA>ATB</CCNA>
		<ICSC>MK01</ICSC>
		<RESPONSEMECHANISM>DUMMY_WEB_SERVICE</RESPONSEMECHANISM>
		<CUSTOMER>ATTI_E2E</CUSTOMER>
		<RESPONSEFILE>ACK:DLR:NACK:ERROR:CNTB:CNTC:CNTD:CNTE:CNTF</RESPONSEFILE>
		<FLOW>SUPP4|SUPP1|SUPP2|SUPP3|Cancel|Resume|Suspend|Abandon</FLOW>
		<REMARKS>NEW_REQUEST_REMARKS_A_G</REMARKS>
		<SUPP_REMARKS>SUPP1_REMARKS</SUPP_REMARKS>
		<STATUS>CLARIFICATION-ERROR</STATUS>
		<SUPP_STATUS>CONFIRMATION|CONFIRMATION|CONFIRMATION|COMPLETE</SUPP_STATUS>	 
		<SUPPRESPONSEFILE>ACK:DLR:NACK:ERROR:CNTB:CNTC:CNTD:CNTE:CNTF:CONFIRMATION|DLR:NACK:ERROR:CNTB:CNTC:CNTD:CNTE:CNTF:CONFIRMATION|ACK:DLR:NACK:ERROR:CNTB:CNTC:CNTD:CNTE:CNTF:CONFIRMATION|ACK:DLR:NACK:ERROR:CNTB:CNTC:CNTD:CNTE:CNTF:CNTA:CNTK:CONFIRMATION</SUPPRESPONSEFILE>
		<RESRAWINRESQUE>44</RESRAWINRESQUE>
		<CHANNELNAME>CONSOLIDATED_COMMUNICATIONS_ASR</CHANNELNAME>
		<SVCTYP>FGA</SVCTYP>
	</TEST_CASE>
		<TEST_CASE name="ASRSend_PIP_NACK_Bonded_API">
		<EXECUTION>FALSE</EXECUTION>
		<HEADER>REQ_HEADER</HEADER>
		<BODY>CONSOLIDATED_COMMUNICATIONS_Ring_REQ_BODY</BODY>
		<ASRC>REQ_ASRC</ASRC>
		<RESPONSEHEADER>RES_HEADER</RESPONSEHEADER>
		<REQUEST>asr_order</REQUEST>
		<SUBREQUEST>PIP</SUBREQUEST>
		<ILEC>CONSOLIDATED COMMUNICATIONS</ILEC>
		<HEADERVER>ASOG</HEADERVER> <ASOG_VER>54</ASOG_VER>
		<CCNA>ATB</CCNA>
		<ICSC>MK01</ICSC>
		<FLOW>SUPP4|SUPP1|SUPP2|SUPP3|Cancel|Resume|Suspend|Abandon</FLOW>
		<RESPONSEMECHANISM>DUMMY_WEB_SERVICE</RESPONSEMECHANISM>
		<CUSTOMER>ATTI_E2E</CUSTOMER>
		<RESPONSEFILE>ACK:DLR:NACK:ERROR:CNTB:CNTC:CNTD:CNTE:CNTF</RESPONSEFILE>
		<REMARKS>NEW_REQUEST_REMARKS_A_G</REMARKS>
		<SUPP_REMARKS>SUPP4_REMARKS|SUPP1_REMARKS|SUPP2_REMARKS|SUPP3_REMARKS</SUPP_REMARKS>
		<STATUS>CLARIFICATION-ERROR</STATUS> <SUPP_STATUS>CONFIRMATION|CONFIRMATION|CONFIRMATION|COMPLETE</SUPP_STATUS>	 
		<SUPPRESPONSEFILE>ACK:DLR:NACK:ERROR:CNTB:CNTC:CNTD:CNTE:CNTF:CONFIRMATION|DLR:NACK:ERROR:CNTB:CNTC:CNTD:CNTE:CNTF:CONFIRMATION|ACK:DLR:NACK:ERROR:CNTB:CNTC:CNTD:CNTE:CNTF:CONFIRMATION|ACK:DLR:NACK:ERROR:CNTB:CNTC:CNTD:CNTE:CNTF:CNTA:CNTK:CONFIRMATION</SUPPRESPONSEFILE>
		<RESRAWINRESQUE>44</RESRAWINRESQUE>
		<CHANNELNAME>CONSOLIDATED_COMMUNICATIONS_ASR</CHANNELNAME>
		<SVCTYP>PIP</SVCTYP>
	</TEST_CASE>
			<TEST_CASE name="ASRSend_PVC_NACK_Bonded_API">
		<EXECUTION>FALSE</EXECUTION>
		<HEADER>REQ_HEADER</HEADER>
		<BODY>CONSOLIDATED_COMMUNICATIONS_PVC_REQ_BODY</BODY>
		<ASRC>REQ_ASRC</ASRC>
		<RESPONSEHEADER>RES_HEADER</RESPONSEHEADER>
		<REQUEST>asr_order</REQUEST>
		<SUBREQUEST>PVC</SUBREQUEST>
		<ILEC>CONSOLIDATED COMMUNICATIONS</ILEC>
		<HEADERVER>ASOG</HEADERVER> <ASOG_VER>54</ASOG_VER>
		<CCNA>ATB</CCNA>
		<ICSC>MK01</ICSC>
		<FLOW>SUPP4|SUPP1|SUPP2|SUPP3|Cancel|Resume|Suspend|Abandon</FLOW>
		<RESPONSEMECHANISM>DUMMY_WEB_SERVICE</RESPONSEMECHANISM>
		<CUSTOMER>ATTI_E2E</CUSTOMER>
		<RESPONSEFILE>ACK:DLR:NACK:ERROR:CNTB:CNTC:CNTD:CNTE:CNTF</RESPONSEFILE>
		<REMARKS>NEW_REQUEST_REMARKS_A_G</REMARKS>
		<SUPP_REMARKS>SUPP4_REMARKS|SUPP1_REMARKS|SUPP2_REMARKS|SUPP3_REMARKS</SUPP_REMARKS>
		<STATUS>CLARIFICATION-ERROR</STATUS> <SUPP_STATUS>CONFIRMATION|CONFIRMATION|CONFIRMATION|COMPLETE</SUPP_STATUS>	 
		<SUPPRESPONSEFILE>ACK:DLR:NACK:ERROR:CNTB:CNTC:CNTD:CNTE:CNTF:CONFIRMATION|DLR:NACK:ERROR:CNTB:CNTC:CNTD:CNTE:CNTF:CONFIRMATION|ACK:DLR:NACK:ERROR:CNTB:CNTC:CNTD:CNTE:CNTF:CONFIRMATION|ACK:DLR:NACK:ERROR:CNTB:CNTC:CNTD:CNTE:CNTF:CNTA:CNTK:CONFIRMATION</SUPPRESPONSEFILE>
		<RESRAWINRESQUE>44</RESRAWINRESQUE>
		<CHANNELNAME>CONSOLIDATED_COMMUNICATIONS_ASR</CHANNELNAME>
		<SVCTYP>PVC</SVCTYP>
	</TEST_CASE>
			<TEST_CASE name="ASRSend_RING_NACK_Bonded_API">
		<EXECUTION>FALSE</EXECUTION>
		<HEADER>REQ_HEADER</HEADER>
		<BODY>CONSOLIDATED_COMMUNICATIONS_Ring_REQ_BODY</BODY>
		<ASRC>REQ_ASRC</ASRC>
		<RESPONSEHEADER>RES_HEADER</RESPONSEHEADER>
		<REQUEST>asr_order</REQUEST>
		<SUBREQUEST>Ring</SUBREQUEST>
		<ILEC>CONSOLIDATED COMMUNICATIONS</ILEC>
		<HEADERVER>ASOG</HEADERVER> <ASOG_VER>54</ASOG_VER>
		<CCNA>ATB</CCNA>
		<ICSC>MK01</ICSC>
		<FLOW>SUPP4|SUPP1|SUPP2|SUPP3|Cancel|Resume|Suspend|Abandon</FLOW>
		<RESPONSEMECHANISM>DUMMY_WEB_SERVICE</RESPONSEMECHANISM>
		<CUSTOMER>ATTI_E2E</CUSTOMER>
		<RESPONSEFILE>ACK:DLR:NACK:ERROR:CNTB:CNTC:CNTD:CNTE:CNTF</RESPONSEFILE>
		<REMARKS>NEW_REQUEST_REMARKS_A_G</REMARKS>
		<SUPP_REMARKS>SUPP4_REMARKS|SUPP1_REMARKS|SUPP2_REMARKS|SUPP3_REMARKS</SUPP_REMARKS>
		<STATUS>CLARIFICATION-ERROR</STATUS> <SUPP_STATUS>CONFIRMATION|CONFIRMATION|CONFIRMATION|COMPLETE</SUPP_STATUS>	 
		<SUPPRESPONSEFILE>ACK:DLR:NACK:ERROR:CNTB:CNTC:CNTD:CNTE:CNTF:CONFIRMATION|DLR:NACK:ERROR:CNTB:CNTC:CNTD:CNTE:CNTF:CONFIRMATION|ACK:DLR:NACK:ERROR:CNTB:CNTC:CNTD:CNTE:CNTF:CONFIRMATION|ACK:DLR:NACK:ERROR:CNTB:CNTC:CNTD:CNTE:CNTF:CNTA:CNTK:CONFIRMATION</SUPPRESPONSEFILE>
		<RESRAWINRESQUE>44</RESRAWINRESQUE>
		<CHANNELNAME>CONSOLIDATED_COMMUNICATIONS_ASR</CHANNELNAME>
		<SVCTYP>Ring</SVCTYP>
	</TEST_CASE>
			<TEST_CASE name="ASRSend_SwitchedEthernetE_NACK_Bonded_API">
		<EXECUTION>FALSE</EXECUTION>
		<HEADER>REQ_HEADER</HEADER>
		<BODY>CONSOLIDATED_COMMUNICATIONS_SES_E_REQ_BODY</BODY>
		<ASRC>REQ_ASRC</ASRC>
		<RESPONSEHEADER>RES_HEADER</RESPONSEHEADER>
		<REQUEST>asr_order</REQUEST>
		<SUBREQUEST>SwitchedEthernetE</SUBREQUEST>
		<ILEC>CONSOLIDATED COMMUNICATIONS</ILEC>
		<HEADERVER>ASOG</HEADERVER> <ASOG_VER>54</ASOG_VER>
		<CCNA>ATB</CCNA>
		<ICSC>MK01</ICSC>
		<FLOW>SUPP4|SUPP1|SUPP2|SUPP3|Cancel|Resume|Suspend|Abandon</FLOW>
		<RESPONSEMECHANISM>DUMMY_WEB_SERVICE</RESPONSEMECHANISM>
		<CUSTOMER>ATTI_E2E</CUSTOMER>
		<RESPONSEFILE>ACK:DLR:NACK:ERROR:CNTB:CNTC:CNTD:CNTE:CNTF</RESPONSEFILE>
		<REMARKS>NEW_REQUEST_REMARKS_A_G</REMARKS>
		<SUPP_REMARKS>SUPP4_REMARKS|SUPP1_REMARKS|SUPP2_REMARKS|SUPP3_REMARKS</SUPP_REMARKS>
		<STATUS>CLARIFICATION-ERROR</STATUS> <SUPP_STATUS>CONFIRMATION|CONFIRMATION|CONFIRMATION|COMPLETE</SUPP_STATUS>	 
		<SUPPRESPONSEFILE>ACK:DLR:NACK:ERROR:CNTB:CNTC:CNTD:CNTE:CNTF:CONFIRMATION|DLR:NACK:ERROR:CNTB:CNTC:CNTD:CNTE:CNTF:CONFIRMATION|ACK:DLR:NACK:ERROR:CNTB:CNTC:CNTD:CNTE:CNTF:CONFIRMATION|ACK:DLR:NACK:ERROR:CNTB:CNTC:CNTD:CNTE:CNTF:CNTA:CNTK:CONFIRMATION</SUPPRESPONSEFILE>
		<RESRAWINRESQUE>44</RESRAWINRESQUE>
		<CHANNELNAME>CONSOLIDATED_COMMUNICATIONS_ASR</CHANNELNAME>
		<SVCTYP>SwitchedEthernetE</SVCTYP>
	</TEST_CASE>
			<TEST_CASE name="ASRSend_SwitchedEthernetS_NACK_Bonded_API">
		<EXECUTION>FALSE</EXECUTION>
		<HEADER>REQ_HEADER</HEADER>
		<BODY>CONSOLIDATED_COMMUNICATIONS_SES_S_REQ_BODY</BODY>
		<ASRC>REQ_ASRC</ASRC>
		<RESPONSEHEADER>RES_HEADER</RESPONSEHEADER>
		<REQUEST>asr_order</REQUEST>
		<SUBREQUEST>SwitchedEthernetS</SUBREQUEST>
		<ILEC>CONSOLIDATED COMMUNICATIONS</ILEC>
		<HEADERVER>ASOG</HEADERVER> <ASOG_VER>54</ASOG_VER>
		<CCNA>ATB</CCNA>
		<ICSC>MK01</ICSC>
		<FLOW>SUPP4|SUPP1|SUPP2|SUPP3|Cancel|Resume|Suspend|Abandon</FLOW>
		<RESPONSEMECHANISM>DUMMY_WEB_SERVICE</RESPONSEMECHANISM>
		<CUSTOMER>ATTI_E2E</CUSTOMER>
		<RESPONSEFILE>ACK:DLR:NACK:ERROR:CNTB:CNTC:CNTD:CNTE:CNTF</RESPONSEFILE>
		<REMARKS>NEW_REQUEST_REMARKS_A_G</REMARKS>
		<SUPP_REMARKS>SUPP4_REMARKS|SUPP1_REMARKS|SUPP2_REMARKS|SUPP3_REMARKS</SUPP_REMARKS>
		<STATUS>CLARIFICATION-ERROR</STATUS> <SUPP_STATUS>CONFIRMATION|CONFIRMATION|CONFIRMATION|COMPLETE</SUPP_STATUS>	 
		<SUPPRESPONSEFILE>ACK:DLR:NACK:ERROR:CNTB:CNTC:CNTD:CNTE:CNTF:CONFIRMATION|DLR:NACK:ERROR:CNTB:CNTC:CNTD:CNTE:CNTF:CONFIRMATION|ACK:DLR:NACK:ERROR:CNTB:CNTC:CNTD:CNTE:CNTF:CONFIRMATION|ACK:DLR:NACK:ERROR:CNTB:CNTC:CNTD:CNTE:CNTF:CNTA:CNTK:CONFIRMATION</SUPPRESPONSEFILE>
		<RESRAWINRESQUE>44</RESRAWINRESQUE>
		<CHANNELNAME>CONSOLIDATED_COMMUNICATIONS_ASR</CHANNELNAME>
		<SVCTYP>SwitchedEthernetS</SVCTYP>
	</TEST_CASE>
			<TEST_CASE name="ASRSend_TransportE_NACK_Bonded_API">
		<EXECUTION>FALSE</EXECUTION>
		<HEADER>REQ_HEADER</HEADER>
		<BODY>CONSOLIDATED_COMMUNICATIONS_Transport_E_REQ_BODY</BODY>
		<ASRC>REQ_ASRC</ASRC>
		<RESPONSEHEADER>RES_HEADER</RESPONSEHEADER>
		<REQUEST>asr_order</REQUEST>
		<SUBREQUEST>Transport</SUBREQUEST>
		<ILEC>CONSOLIDATED COMMUNICATIONS</ILEC>
		<HEADERVER>ASOG</HEADERVER> <ASOG_VER>54</ASOG_VER>
		<CCNA>ATB</CCNA>
		<ICSC>MK01</ICSC>
		<FLOW>SUPP4|SUPP1|SUPP2|SUPP3|Cancel|Resume|Suspend|Abandon</FLOW>
		<RESPONSEMECHANISM>DUMMY_WEB_SERVICE</RESPONSEMECHANISM>
		<CUSTOMER>ATTI_E2E</CUSTOMER>
		<RESPONSEFILE>ACK:DLR:NACK:ERROR:CNTB:CNTC:CNTD:CNTE:CNTF</RESPONSEFILE>
		<REMARKS>NEW_REQUEST_REMARKS_A_G</REMARKS>
		<SUPP_REMARKS>SUPP4_REMARKS|SUPP1_REMARKS|SUPP2_REMARKS|SUPP3_REMARKS</SUPP_REMARKS>
		<STATUS>CLARIFICATION-ERROR</STATUS> <SUPP_STATUS>CONFIRMATION|CONFIRMATION|CONFIRMATION|COMPLETE</SUPP_STATUS>	 
		<SUPPRESPONSEFILE>ACK:DLR:NACK:ERROR:CNTB:CNTC:CNTD:CNTE:CNTF:CONFIRMATION|DLR:NACK:ERROR:CNTB:CNTC:CNTD:CNTE:CNTF:CONFIRMATION|ACK:DLR:NACK:ERROR:CNTB:CNTC:CNTD:CNTE:CNTF:CONFIRMATION|ACK:DLR:NACK:ERROR:CNTB:CNTC:CNTD:CNTE:CNTF:CNTA:CNTK:CONFIRMATION</SUPPRESPONSEFILE>
		<RESRAWINRESQUE>44</RESRAWINRESQUE>
		<CHANNELNAME>CONSOLIDATED_COMMUNICATIONS_ASR</CHANNELNAME>
		<SVCTYP>Transport</SVCTYP>
	</TEST_CASE>
			<TEST_CASE name="ASRSend_TransportS_NACK_Bonded_API">
		<EXECUTION>FALSE</EXECUTION>
		<HEADER>REQ_HEADER</HEADER>
		<BODY>CONSOLIDATED_COMMUNICATIONS_Transport_S_REQ_BODY</BODY>
		<ASRC>REQ_ASRC</ASRC>
		<RESPONSEHEADER>RES_HEADER</RESPONSEHEADER>
		<REQUEST>asr_order</REQUEST>
		<SUBREQUEST>Transport</SUBREQUEST>
		<ILEC>CONSOLIDATED COMMUNICATIONS</ILEC>
		<HEADERVER>ASOG</HEADERVER> <ASOG_VER>54</ASOG_VER>
		<CCNA>ATB</CCNA>
		<ICSC>MK01</ICSC>
		<FLOW>SUPP4|SUPP1|SUPP2|SUPP3|Cancel|Resume|Suspend|Abandon</FLOW>
		<RESPONSEMECHANISM>DUMMY_WEB_SERVICE</RESPONSEMECHANISM>
		<CUSTOMER>ATTI_E2E</CUSTOMER>
		<RESPONSEFILE>ACK:DLR:NACK:ERROR:CNTB:CNTC:CNTD:CNTE:CNTF</RESPONSEFILE>
		<REMARKS>NEW_REQUEST_REMARKS_A_G</REMARKS>
		<SUPP_REMARKS>SUPP4_REMARKS|SUPP1_REMARKS|SUPP2_REMARKS|SUPP3_REMARKS</SUPP_REMARKS>
		<STATUS>CLARIFICATION-ERROR</STATUS> <SUPP_STATUS>CONFIRMATION|CONFIRMATION|CONFIRMATION|COMPLETE</SUPP_STATUS>	 
		<SUPPRESPONSEFILE>ACK:DLR:NACK:ERROR:CNTB:CNTC:CNTD:CNTE:CNTF:CONFIRMATION|DLR:NACK:ERROR:CNTB:CNTC:CNTD:CNTE:CNTF:CONFIRMATION|ACK:DLR:NACK:ERROR:CNTB:CNTC:CNTD:CNTE:CNTF:CONFIRMATION|ACK:DLR:NACK:ERROR:CNTB:CNTC:CNTD:CNTE:CNTF:CNTA:CNTK:CONFIRMATION</SUPPRESPONSEFILE>
		<RESRAWINRESQUE>44</RESRAWINRESQUE>
		<CHANNELNAME>CONSOLIDATED_COMMUNICATIONS_ASR</CHANNELNAME>
		<SVCTYP>Transport</SVCTYP>
	</TEST_CASE>
			<TEST_CASE name="ASRSend_TRUNKING_NACK_Bonded_API">
		<EXECUTION>FALSE</EXECUTION>
		<HEADER>REQ_HEADER</HEADER>
		<BODY>CONSOLIDATED_COMMUNICATIONS_Trunking_REQ_BODY</BODY>
		<ASRC>REQ_ASRC</ASRC>
		<RESPONSEHEADER>RES_HEADER</RESPONSEHEADER>
		<REQUEST>asr_order</REQUEST>
		<SUBREQUEST>Trunking</SUBREQUEST>
		<ILEC>CONSOLIDATED COMMUNICATIONS</ILEC>
		<HEADERVER>ASOG</HEADERVER> <ASOG_VER>54</ASOG_VER>
		<CCNA>ATB</CCNA>
		<ICSC>MK01</ICSC>
		<FLOW>SUPP4|SUPP1|SUPP2|SUPP3|Cancel|Resume|Suspend|Abandon</FLOW>
		<RESPONSEMECHANISM>DUMMY_WEB_SERVICE</RESPONSEMECHANISM>
		<CUSTOMER>ATTI_E2E</CUSTOMER>
		<RESPONSEFILE>ACK:DLR:NACK:ERROR:CNTB:CNTC:CNTD:CNTE:CNTF</RESPONSEFILE>
		<REMARKS>NEW_REQUEST_REMARKS_A_G</REMARKS>
		<SUPP_REMARKS>SUPP4_REMARKS|SUPP1_REMARKS|SUPP2_REMARKS|SUPP3_REMARKS</SUPP_REMARKS>
		<STATUS>CLARIFICATION-ERROR</STATUS> <SUPP_STATUS>CONFIRMATION|CONFIRMATION|CONFIRMATION|COMPLETE</SUPP_STATUS>	 
		<SUPPRESPONSEFILE>ACK:DLR:NACK:ERROR:CNTB:CNTC:CNTD:CNTE:CNTF:CONFIRMATION|DLR:NACK:ERROR:CNTB:CNTC:CNTD:CNTE:CNTF:CONFIRMATION|ACK:DLR:NACK:ERROR:CNTB:CNTC:CNTD:CNTE:CNTF:CONFIRMATION|ACK:DLR:NACK:ERROR:CNTB:CNTC:CNTD:CNTE:CNTF:CNTA:CNTK:CONFIRMATION</SUPPRESPONSEFILE>
		<RESRAWINRESQUE>44</RESRAWINRESQUE>
		<CHANNELNAME>CONSOLIDATED_COMMUNICATIONS_ASR</CHANNELNAME>
		<SVCTYP>Trunking</SVCTYP>
	</TEST_CASE>
			<TEST_CASE name="ASRSend_VC_NACK_Bonded_API">
		<EXECUTION>FALSE</EXECUTION>
		<HEADER>REQ_HEADER</HEADER>
		<BODY>CONSOLIDATED_COMMUNICATIONS_VC_REQ_BODY</BODY>
		<ASRC>REQ_ASRC</ASRC>
		<RESPONSEHEADER>RES_HEADER</RESPONSEHEADER>
		<REQUEST>asr_order</REQUEST>
		<SUBREQUEST>VC</SUBREQUEST>
		<ILEC>CONSOLIDATED COMMUNICATIONS</ILEC>
		<HEADERVER>ASOG</HEADERVER>
		<ASOG_VER>54</ASOG_VER>
		<CCNA>ATB</CCNA>
		<ICSC>MK01</ICSC>
		<FLOW>SUPP4|SUPP1|SUPP2|SUPP3|Cancel|Resume|Suspend|Abandon</FLOW>
		<RESPONSEMECHANISM>DUMMY_WEB_SERVICE</RESPONSEMECHANISM>
		<CUSTOMER>ATTI_E2E</CUSTOMER>
		<RESPONSEFILE>ACK:DLR:NACK:ERROR:CNTB:CNTC:CNTD:CNTE:CNTF</RESPONSEFILE>
		<REMARKS>NEW_REQUEST_REMARKS_A_G</REMARKS>
		<SUPP_REMARKS>SUPP4_REMARKS|SUPP1_REMARKS|SUPP2_REMARKS|SUPP3_REMARKS</SUPP_REMARKS>
		<STATUS>CLARIFICATION-ERROR</STATUS> <SUPP_STATUS>CONFIRMATION|CONFIRMATION|CONFIRMATION|COMPLETE</SUPP_STATUS>	 
		<SUPPRESPONSEFILE>ACK:DLR:NACK:ERROR:CNTB:CNTC:CNTD:CNTE:CNTF:CONFIRMATION|DLR:NACK:ERROR:CNTB:CNTC:CNTD:CNTE:CNTF:CONFIRMATION|ACK:DLR:NACK:ERROR:CNTB:CNTC:CNTD:CNTE:CNTF:CONFIRMATION|ACK:DLR:NACK:ERROR:CNTB:CNTC:CNTD:CNTE:CNTF:CNTA:CNTK:CONFIRMATION</SUPPRESPONSEFILE>
		<RESRAWINRESQUE>44</RESRAWINRESQUE>
		<CHANNELNAME>CONSOLIDATED_COMMUNICATIONS_ASR</CHANNELNAME>
		<SVCTYP>VC</SVCTYP>
	</TEST_CASE>
			<TEST_CASE name="ASRSend_WATS_NACK_Bonded_API">
		<EXECUTION>FALSE</EXECUTION>
		<HEADER>REQ_HEADER</HEADER>
		<BODY>CONSOLIDATED_COMMUNICATIONS_WATS_REQ_BODY</BODY>
		<ASRC>REQ_ASRC</ASRC>
		<RESPONSEHEADER>RES_HEADER</RESPONSEHEADER>
		<REQUEST>asr_order</REQUEST>
		<SUBREQUEST>WATS</SUBREQUEST>
		<ILEC>CONSOLIDATED COMMUNICATIONS</ILEC>
		<HEADERVER>ASOG</HEADERVER>
		<ASOG_VER>54</ASOG_VER>
		<CCNA>ATB</CCNA>
		<ICSC>MK01</ICSC>
		<FLOW>SUPP4|SUPP1|SUPP2|SUPP3|Cancel|Resume|Suspend|Abandon</FLOW>
		<RESPONSEMECHANISM>DUMMY_WEB_SERVICE</RESPONSEMECHANISM>
		<CUSTOMER>ATTI_E2E</CUSTOMER>
		<RESPONSEFILE>CABLEVISION_LIGHTPATH_ACK</RESPONSEFILE>
		<REMARKS>NEW_REQUEST_REMARKS_A_G</REMARKS>
		<SUPP_REMARKS>SUPP4_REMARKS|SUPP1_REMARKS|SUPP2_REMARKS|SUPP3_REMARKS</SUPP_REMARKS>
		<STATUS>CLARIFICATION-ERROR</STATUS> <SUPP_STATUS>CONFIRMATION|CONFIRMATION|CONFIRMATION|COMPLETE</SUPP_STATUS>	 
		<SUPPRESPONSEFILE>CONSOLIDATED_COMMUNICATIONS_ACK|CONSOLIDATED_COMMUNICATIONS_ACK|CONSOLIDATED_COMMUNICATIONS_ACK|CONSOLIDATED_COMMUNICATIONS_ACK</SUPPRESPONSEFILE>
		<RESRAWINRESQUE>44</RESRAWINRESQUE>
		<CHANNELNAME>CONSOLIDATED_COMMUNICATIONS_ASR</CHANNELNAME>
		<SVCTYP>WATS</SVCTYP>
	</TEST_CASE>
	</Order>