<?xml version="1.0"?>
<!--ATT does not support Sec Confirmation so remarks field need to be set 
                accordingly -->
<Order>
                <TEST_CASE name="ASRSend_DIS_NACK_NonBonded_GUI">
								<EXECUTION>TRUE</EXECUTION>
                                <DESCRIPTION>Customer should be configured for generating a NACK.</DESCRIPTION>
                                <HEADER>REQ_HEADER</HEADER>
                                <BODY>CABLEVISION_LIGHTPATH_DIS_REQ_BODY</BODY>
                                <ASRC>REQ_ASRC</ASRC>
                                <REQUEST>asr_order</REQUEST>
                                <SUBREQUEST>DIS</SUBREQUEST>
                                <ILEC>CABLEVISION LIGHTPATH</ILEC>
                                <HEADERVER>ASOG</HEADERVER>
                                <ASOG_VER>54</ASOG_VER>
                                <CCNA>ATX</CCNA>
                                <ICSC>NU01</ICSC>
                                <FLOW>SUPP4</FLOW>
                                <RESPONSEMECHANISM>API</RESPONSEMECHANISM>
                                <REMARKS>NEW_REQUEST_REMARKS_A_G</REMARKS>
                                <CUSTOMER>ATTI_E2E</CUSTOMER>
                                <RESPONSEFILE>ACK:DLR:NACK:ERROR:CNTB</RESPONSEFILE>
                                <SUPP_REMARKS>SUPP4_REMARKS</SUPP_REMARKS>
                                <STATUS>CLARIFICATION-ERROR</STATUS>
                                <SUPP_STATUS>CONFIRMATION</SUPP_STATUS>
                                <SUPPRESPONSEFILE>ACK:DLR:CONFIRMATION</SUPPRESPONSEFILE>
                                <RESRAWINRESQUE>50</RESRAWINRESQUE>
                                <CHANNELNAME>CABLEVISION_LIGHTPATH_ASR</CHANNELNAME>
                                <SVCTYP>DIS</SVCTYP>
                </TEST_CASE>

                <TEST_CASE name="ASRSend_EVC_NACK_NonBonded_GUI">
				<EXECUTION>FALSE</EXECUTION>
                                <DESCRIPTION>Customer should be configured for generating a NACK.</DESCRIPTION>
                                <HEADER>REQ_HEADER</HEADER>
                                <BODY>CABLEVISION_LIGHTPATH_EVC_REQ_BODY</BODY>
                                <ASRC>REQ_ASRC</ASRC>
                                <REQUEST>asr_order</REQUEST>
                                <SUBREQUEST>EVC</SUBREQUEST>
                                <ILEC>CABLEVISION_LIGHTPATH</ILEC>
                                <HEADERVER>ASOG</HEADERVER>
                                <ASOG_VER>54</ASOG_VER>
                                <CCNA>ATX</CCNA>
                                <ICSC>NU01</ICSC>
                                <FLOW>SUPP1</FLOW>
                                <RESPONSEMECHANISM>API</RESPONSEMECHANISM>
                                <REMARKS>NEW_REQUEST_REMARKS_A_G</REMARKS>
                                <CUSTOMER>ATTI_E2E</CUSTOMER>
                                <RESPONSEFILE>ACK:DLR:NACK:ERROR:CNTB</RESPONSEFILE>
                                <SUPP_REMARKS>SUPP1_REMARKS</SUPP_REMARKS>
                                <STATUS>CLARIFICATION-ERROR</STATUS>
                                <SUPP_STATUS>CONFIRMATION
                                </SUPP_STATUS>
                                <SUPPRESPONSEFILE>ACK:DLR:CONFIRMATION
                                </SUPPRESPONSEFILE>
                                <RESRAWINRESQUE>50</RESRAWINRESQUE>
                                <CHANNELNAME>CABLEVISION_LIGHTPATH_ASR</CHANNELNAME>
                                <SVCTYP>EVC</SVCTYP>
                </TEST_CASE>

                <TEST_CASE name="ASRSend_FGA_NACK_NonBonded_GUI">
				<EXECUTION>FALSE</EXECUTION>
                                <DESCRIPTION>Customer should be configured for generating a NACK.</DESCRIPTION>
                                <HEADER>REQ_HEADER</HEADER>
                                <BODY>CABLEVISION_LIGHTPATH_FGA_REQ_BODY</BODY>
                                <ASRC>REQ_ASRC</ASRC>
                                <REQUEST>asr_order</REQUEST>
                                <SUBREQUEST>FGA</SUBREQUEST>
                                <ILEC>CABLEVISION_LIGHTPATH</ILEC>
                                <HEADERVER>ASOG</HEADERVER>
                                <ASOG_VER>54</ASOG_VER>
                                <CCNA>ATX</CCNA>
                                <ICSC>NU01</ICSC>
                                <FLOW>SUPP1</FLOW>
                                <RESPONSEMECHANISM>API</RESPONSEMECHANISM>
                                <REMARKS>NEW_REQUEST_REMARKS_A_G</REMARKS>
                                <CUSTOMER>ATTI_E2E</CUSTOMER>
                                <RESPONSEFILE>ACK:DLR:NACK:ERROR:CNTB</RESPONSEFILE>
                                <SUPP_REMARKS>SUPP4_REMARKS</SUPP_REMARKS>
                                <STATUS>CLARIFICATION-ERROR</STATUS>
                                <SUPP_STATUS>CONFIRMATION
                                </SUPP_STATUS>
                                <SUPPRESPONSEFILE>ACK:DLR:CONFIRMATION
                                </SUPPRESPONSEFILE>
                                <RESRAWINRESQUE>50</RESRAWINRESQUE>
                                <CHANNELNAME>CABLEVISION_LIGHTPATH_ASR</CHANNELNAME>
                                <SVCTYP>FGA</SVCTYP>
                </TEST_CASE>

                <TEST_CASE name="ASRSend_PIP_NACK_NonBonded_GUI">
				<EXECUTION>FALSE</EXECUTION>
                                <DESCRIPTION>Customer should be configured for generating a NACK.
                                </DESCRIPTION>
                                <HEADER>REQ_HEADER</HEADER>
                                <BODY>CABLEVISION_LIGHTPATH_PIP_REQ_BODY</BODY>
                                <ASRC>REQ_ASRC</ASRC>
                                <REQUEST>asr_order</REQUEST>
                                <SUBREQUEST>PIP</SUBREQUEST>
                                <ILEC>CABLEVISION_LIGHTPATH</ILEC>
                                <HEADERVER>ASOG</HEADERVER>
                                <ASOG_VER>54</ASOG_VER>
                                <CCNA>ATX</CCNA>
                                <ICSC>NU01</ICSC>
                                <FLOW>SUPP2</FLOW>
                                <RESPONSEMECHANISM>API</RESPONSEMECHANISM>
                                <REMARKS>NEW_REQUEST_REMARKS_A_G</REMARKS>
                                <CUSTOMER>ATTI_E2E</CUSTOMER>
                                <RESPONSEFILE>ACK:DLR:NACK:ERROR:CNTB</RESPONSEFILE>
                                <SUPP_REMARKS>SUPP2_REMARKS</SUPP_REMARKS>
                                <STATUS>CLARIFICATION-ERROR</STATUS>
                                <SUPP_STATUS>CONFIRMATION
                                </SUPP_STATUS>
                                <SUPPRESPONSEFILE>ACK:DLR:CONFIRMATION
                                </SUPPRESPONSEFILE>
                                <RESRAWINRESQUE>50</RESRAWINRESQUE>
                                <CHANNELNAME>CABLEVISION_LIGHTPATH_ASR</CHANNELNAME>
                                <SVCTYP>PIP</SVCTYP>
                </TEST_CASE>

                <TEST_CASE name="ASRSend_PVC_NACK_NonBonded_GUI">
				<EXECUTION>FALSE</EXECUTION>
                                <DESCRIPTION>Customer should be configured for generating a NACK.</DESCRIPTION>
                                <HEADER>REQ_HEADER</HEADER>
                                <BODY>CABLEVISION_LIGHTPATH_PVC_REQ_BODY</BODY>
                                <ASRC>REQ_ASRC</ASRC>
                                <REQUEST>asr_order</REQUEST>
                                <SUBREQUEST>PVC</SUBREQUEST>
                                <ILEC>CABLEVISION_LIGHTPATH</ILEC>
                                <HEADERVER>ASOG</HEADERVER>
                                <ASOG_VER>54</ASOG_VER>
                                <CCNA>ATX</CCNA>
                                <ICSC>NU01</ICSC>
                                <FLOW>SUPP2</FLOW>
                                <RESPONSEMECHANISM>API</RESPONSEMECHANISM>
                                <REMARKS>NEW_REQUEST_REMARKS_A_G</REMARKS>
                                <CUSTOMER>ATTI_E2E</CUSTOMER>
                                <RESPONSEFILE>ACK:DLR:NACK:ERROR:CNTB</RESPONSEFILE>
                                <SUPP_REMARKS>SUPP2_REMARKS</SUPP_REMARKS>
                                <STATUS>CLARIFICATION-ERROR</STATUS>
                                <SUPP_STATUS>CONFIRMATION
                                </SUPP_STATUS>
                                <SUPPRESPONSEFILE>ACK:DLR:CONFIRMATION
                                </SUPPRESPONSEFILE>
                                <RESRAWINRESQUE>50</RESRAWINRESQUE>
                                <CHANNELNAME>CABLEVISION_LIGHTPATH_ASR</CHANNELNAME>
                                <SVCTYP>PVC</SVCTYP>
                </TEST_CASE>

                <TEST_CASE name="ASRSend_RING_NACK_NonBonded_GUI">
				<EXECUTION>FALSE</EXECUTION>
                                <DESCRIPTION>Customer should be configured for generating a NACK.
                                </DESCRIPTION>
                                <HEADER>REQ_HEADER</HEADER>
                                <BODY>CABLEVISION_LIGHTPATH_Ring_REQ_BODY</BODY>
                                <ASRC>REQ_ASRC</ASRC>
                                <REQUEST>asr_order</REQUEST>
                                <SUBREQUEST>Ring</SUBREQUEST>
                                <ILEC>CABLEVISION_LIGHTPATH</ILEC>
                                <HEADERVER>ASOG</HEADERVER>
                                <ASOG_VER>54</ASOG_VER>
                                <CCNA>ATX</CCNA>
                                <ICSC>NU01</ICSC>
                                <FLOW>SUPP4</FLOW>
                                <RESPONSEMECHANISM>DUMMY_WEB_SERVICE</RESPONSEMECHANISM>
                                <REMARKS>NEW_REQUEST_REMARKS_A_G</REMARKS>
                                <CUSTOMER>ATTI_E2E</CUSTOMER>
                                <RESPONSEFILE>DLR:NACK:ERROR:CNTB</RESPONSEFILE>
                                <SUPP_REMARKS>SUPP4_REMARKS</SUPP_REMARKS>
                                <STATUS>CLARIFICATION-ERROR</STATUS>
                                <SUPP_STATUS>CONFIRMATION
                                </SUPP_STATUS>
                                <SUPPRESPONSEFILE>DLR:CONFIRMATION
                                </SUPPRESPONSEFILE>
                                <RESRAWINRESQUE>50</RESRAWINRESQUE>
                                <CHANNELNAME>Ring_ASR</CHANNELNAME>
                                <SVCTYP>Ring</SVCTYP>
                </TEST_CASE>


                <TEST_CASE name="ASRSend_SwitchedEthernetE_NACK_NonBonded_GUI">
				<EXECUTION>FALSE</EXECUTION>
                                <DESCRIPTION>Customer should be configured for generating a NACK.
                                </DESCRIPTION>
                                <HEADER>REQ_HEADER</HEADER>
                                <BODY>CABLEVISION_LIGHTPATH_SESE_REQ_BODY</BODY>
                                <ASRC>REQ_ASRC</ASRC>
                                <REQUEST>asr_order</REQUEST>
                                <SUBREQUEST>SES-E</SUBREQUEST>
                                <ILEC>CABLEVISION_LIGHTPATH</ILEC>
                                <HEADERVER>ASOG</HEADERVER>
                                <ASOG_VER>54</ASOG_VER>
                                <CCNA>ATX</CCNA>
                                <ICSC>NU01</ICSC>
                                <FLOW>SUPP1</FLOW>
                                <RESPONSEMECHANISM>API</RESPONSEMECHANISM>
                                <REMARKS>NEW_REQUEST_REMARKS_A_G</REMARKS>
                                <CUSTOMER>ATTI_E2E</CUSTOMER>
                                <RESPONSEFILE>ACK:DLR:NACK:ERROR:CNTB</RESPONSEFILE>
                                <SUPP_REMARKS>SUPP1_REMARKS</SUPP_REMARKS>
                                <STATUS>CLARIFICATION-ERROR</STATUS>
                                <SUPP_STATUS>CONFIRMATION
                                </SUPP_STATUS>
                                <SUPPRESPONSEFILE>ACK:DLR:CONFIRMATION
                                </SUPPRESPONSEFILE>
                                <RESRAWINRESQUE>50</RESRAWINRESQUE>
                                <CHANNELNAME>CABLEVISION_LIGHTPATH_ASR</CHANNELNAME>
                                <SVCTYP>SES-E</SVCTYP>
                </TEST_CASE>
                
                <TEST_CASE name="ASRSend_SwitchedEthernetE_NACK_NonBonded_GUI">
				<EXECUTION>FALSE</EXECUTION>
                                <DESCRIPTION>Customer should be configured for generating a NACK.</DESCRIPTION>
                                <HEADER>REQ_HEADER</HEADER>
                                <BODY>CABLEVISION_LIGHTPATH_SESE_REQ_BODY</BODY>
                                <ASRC>REQ_ASRC</ASRC>
                                <REQUEST>asr_order</REQUEST>
                                <SUBREQUEST>SES-E</SUBREQUEST>
                                <ILEC>CABLEVISION_LIGHTPATH</ILEC>
                                <HEADERVER>ASOG</HEADERVER>
                                <ASOG_VER>54</ASOG_VER>
                                <CCNA>ATX</CCNA>
                                <ICSC>NU01</ICSC>
                                <FLOW>SUPP1</FLOW>
                                <RESPONSEMECHANISM>API</RESPONSEMECHANISM>
                                <REMARKS>NEW_REQUEST_REMARKS_A_G</REMARKS>
                                <CUSTOMER>ATTI_E2E</CUSTOMER>
                                <RESPONSEFILE>ACK:DLR:NACK:ERROR:CNTB</RESPONSEFILE>
                                <SUPP_REMARKS>SUPP1_REMARKS</SUPP_REMARKS>
                                <STATUS>CLARIFICATION-ERROR</STATUS>
                                <SUPP_STATUS>CONFIRMATION
                                </SUPP_STATUS>
                                <SUPPRESPONSEFILE>ACK:DLR:CONFIRMATION
                                </SUPPRESPONSEFILE>
                                <RESRAWINRESQUE>50</RESRAWINRESQUE>
                                <CHANNELNAME>CABLEVISION_LIGHTPATH_ASR</CHANNELNAME>
                                <SVCTYP>SES-E</SVCTYP>
                </TEST_CASE>
                
                <TEST_CASE name="ASRSend_SwitchedEthernetS_NACK_NonBonded_GUI">
				<EXECUTION>FALSE</EXECUTION>
                                <DESCRIPTION>Customer should be configured for generating a NACK.</DESCRIPTION>
                                <HEADER>REQ_HEADER</HEADER>
                                <BODY>CABLEVISION_LIGHTPATH_SESS_REQ_BODY</BODY>
                                <ASRC>REQ_ASRC</ASRC>
                                <REQUEST>asr_order</REQUEST>
                                <SUBREQUEST>SES-S</SUBREQUEST>
                                <ILEC>CABLEVISION_LIGHTPATH</ILEC>
                                <HEADERVER>ASOG</HEADERVER>
                                <ASOG_VER>54</ASOG_VER>
                                <CCNA>ATX</CCNA>
                                <ICSC>NU01</ICSC>
                                <FLOW>SUPP1</FLOW>
                                <RESPONSEMECHANISM>API</RESPONSEMECHANISM>
                                <REMARKS>NEW_REQUEST_REMARKS_A_G</REMARKS>
                                <CUSTOMER>ATTI_E2E</CUSTOMER>
                                <RESPONSEFILE>ACK:DLR:NACK:ERROR:CNTB</RESPONSEFILE>
                                <SUPP_REMARKS>SUPP1_REMARKS</SUPP_REMARKS>
                                <STATUS>CLARIFICATION-ERROR</STATUS>
                                <SUPP_STATUS>CONFIRMATION
                                </SUPP_STATUS>
                                <SUPPRESPONSEFILE>ACK:DLR:CONFIRMATION
                                </SUPPRESPONSEFILE>
                                <RESRAWINRESQUE>50</RESRAWINRESQUE>
                                <CHANNELNAME>CABLEVISION_LIGHTPATH_ASR</CHANNELNAME>
                                <SVCTYP>SES-S</SVCTYP>
                </TEST_CASE>

    <TEST_CASE name="ASRSend_TransportE_NACK_NonBonded_GUI">
	<EXECUTION>FALSE</EXECUTION>
                                <DESCRIPTION>Customer should be configured for generating a NACK.</DESCRIPTION>
                                <HEADER>REQ_HEADER</HEADER>
                                <BODY>CABLEVISION_LIGHTPATH_Transport-E_REQ_BODY</BODY>
                                <ASRC>REQ_ASRC</ASRC>
                                <REQUEST>asr_order</REQUEST>
                                <SUBREQUEST>Transport-E</SUBREQUEST>
                                <ILEC>CABLEVISION_LIGHTPATH</ILEC>
                                <HEADERVER>ASOG</HEADERVER>
                                <ASOG_VER>54</ASOG_VER>
                                <CCNA>ATX</CCNA>
                                <ICSC>NU01</ICSC>
                                <FLOW>SUPP1</FLOW>
                                <RESPONSEMECHANISM>API</RESPONSEMECHANISM>
                                <REMARKS>NEW_REQUEST_REMARKS_A_G</REMARKS>
                                <CUSTOMER>ATTI_E2E</CUSTOMER>
                                <RESPONSEFILE>ACK:DLR:NACK:ERROR:CNTB</RESPONSEFILE>
                                <SUPP_REMARKS>SUPP1_REMARKS</SUPP_REMARKS>
                                <STATUS>CLARIFICATION-ERROR</STATUS>
                                <SUPP_STATUS>CONFIRMATION
                                </SUPP_STATUS>
                                <SUPPRESPONSEFILE>ACK:DLR:CONFIRMATION
                                </SUPPRESPONSEFILE>
                                <RESRAWINRESQUE>50</RESRAWINRESQUE>
                                <CHANNELNAME>CABLEVISION_LIGHTPATH_ASR</CHANNELNAME>
                                <SVCTYP>Transport-E</SVCTYP>
                </TEST_CASE>

                <TEST_CASE name="ASRSend_TransportS_NACK_NonBonded_GUI">
				<EXECUTION>FALSE</EXECUTION>
                                <DESCRIPTION>Customer should be configured for generating a NACK.</DESCRIPTION>
                                <HEADER>REQ_HEADER</HEADER>
                                <BODY>CABLEVISION_LIGHTPATH_Transport-S_REQ_BODY</BODY>
                                <ASRC>REQ_ASRC</ASRC>
                                <REQUEST>asr_order</REQUEST>
                                <SUBREQUEST>Transport-S</SUBREQUEST>
                                <ILEC>CABLEVISION_LIGHTPATH</ILEC>
                                <HEADERVER>ASOG</HEADERVER>
                                <ASOG_VER>54</ASOG_VER>
                                <CCNA>ATX</CCNA>
                                <ICSC>NU01</ICSC>
                                <FLOW>SUPP1</FLOW>
                                <RESPONSEMECHANISM>API</RESPONSEMECHANISM>
                                <REMARKS>NEW_REQUEST_REMARKS_A_G</REMARKS>
                                <CUSTOMER>ATTI_E2E</CUSTOMER>
                                <RESPONSEFILE>ACK:DLR:NACK:ERROR:CNTB</RESPONSEFILE>
                                <SUPP_REMARKS>SUPP1_REMARKS</SUPP_REMARKS>
                                <STATUS>CLARIFICATION-ERROR</STATUS>
                                <SUPP_STATUS>CONFIRMATION
                                </SUPP_STATUS>
                                <SUPPRESPONSEFILE>ACK:DLR:CONFIRMATION
                                </SUPPRESPONSEFILE>
                                <RESRAWINRESQUE>50</RESRAWINRESQUE>
                                <CHANNELNAME>CABLEVISION_LIGHTPATH_ASR</CHANNELNAME>
                                <SVCTYP>Transport-S</SVCTYP>
                </TEST_CASE>

                <TEST_CASE name="ASRSend_TRUNKING_NACK_NonBonded_GUI">
				<EXECUTION>FALSE</EXECUTION>
                                <DESCRIPTION>Customer should be configured for generating a NACK.</DESCRIPTION>
                                <HEADER>REQ_HEADER</HEADER>
                                <BODY>CABLEVISION_LIGHTPATH_Trunking_REQ_BODY</BODY>
                                <ASRC>REQ_ASRC</ASRC>
                                <REQUEST>asr_order</REQUEST>
                                <SUBREQUEST>Trunking</SUBREQUEST>
                                <ILEC>CABLEVISION_LIGHTPATH</ILEC>
                                <HEADERVER>ASOG</HEADERVER>
                                <ASOG_VER>54</ASOG_VER>
                                <CCNA>ATX</CCNA>
                                <ICSC>NU01</ICSC>
                                <FLOW>SUPP1</FLOW>
                                <RESPONSEMECHANISM>API</RESPONSEMECHANISM>
                                <REMARKS>NEW_REQUEST_REMARKS_A_G</REMARKS>
                                <CUSTOMER>ATTI_E2E</CUSTOMER>
                                <RESPONSEFILE>ACK:DLR:NACK:ERROR:CNTB</RESPONSEFILE>
                                <SUPP_REMARKS>SUPP1_REMARKS</SUPP_REMARKS>
                                <STATUS>CLARIFICATION-ERROR</STATUS>
                                <SUPP_STATUS>CONFIRMATION
                                </SUPP_STATUS>
                                <SUPPRESPONSEFILE>ACK:DLR:CONFIRMATION
                                </SUPPRESPONSEFILE>
                                <RESRAWINRESQUE>50</RESRAWINRESQUE>
                                <CHANNELNAME>CABLEVISION_LIGHTPATH_ASR</CHANNELNAME>
                                <SVCTYP>Trunking</SVCTYP>
                </TEST_CASE>

                <TEST_CASE name="ASRSend_VC_NACK_NonBonded_GUI">
				<EXECUTION>FALSE</EXECUTION>
                                <DESCRIPTION>Customer should be configured for generating a NACK.
                                </DESCRIPTION>
                                <HEADER>REQ_HEADER</HEADER>
                                <BODY>CABLEVISION_LIGHTPATH_VC_REQ_BODY</BODY>
                                <ASRC>REQ_ASRC</ASRC>
                                <REQUEST>asr_order</REQUEST>
                                <SUBREQUEST>VC</SUBREQUEST>
                                <ILEC>CABLEVISION_LIGHTPATH</ILEC>
                                <HEADERVER>ASOG</HEADERVER>
                                <ASOG_VER>54</ASOG_VER>
                                <CCNA>ATX</CCNA>
                                <ICSC>NU01</ICSC>
                                <FLOW>SUPP1</FLOW>
                                <RESPONSEMECHANISM>API</RESPONSEMECHANISM>
                                <REMARKS>NEW_REQUEST_REMARKS_A_G</REMARKS>
                                <CUSTOMER>ATTI_E2E</CUSTOMER>
                                <RESPONSEFILE>ACK:DLR:NACK:ERROR:CNTB</RESPONSEFILE>
                                <SUPP_REMARKS>SUPP1_REMARKS</SUPP_REMARKS>
                                <STATUS>CLARIFICATION-ERROR</STATUS>
                                <SUPP_STATUS>CONFIRMATION
                                </SUPP_STATUS>
                                <SUPPRESPONSEFILE>ACK:DLR:CONFIRMATION
                                </SUPPRESPONSEFILE>
                                <RESRAWINRESQUE>50</RESRAWINRESQUE>
                                <CHANNELNAME>CABLEVISION_LIGHTPATH_ASR</CHANNELNAME>
                                <SVCTYP>VC</SVCTYP>
                </TEST_CASE>

                <TEST_CASE name="ASRSend_WATS_NACK_NonBonded_GUI">
				<EXECUTION>FALSE</EXECUTION>
                                <DESCRIPTION>Customer should be configured for generating a NACK.
                                </DESCRIPTION>
                                <HEADER>REQ_HEADER</HEADER>
                                <BODY>CABLEVISION_LIGHTPATH_WATS_REQ_BODY</BODY>
                                <ASRC>REQ_ASRC</ASRC>
                                <REQUEST>asr_order</REQUEST>
                                <SUBREQUEST>WATS</SUBREQUEST>
                                <ILEC>CABLEVISION_LIGHTPATH</ILEC>
                                <HEADERVER>ASOG</HEADERVER>
                                <ASOG_VER>54</ASOG_VER>
                                <CCNA>ATX</CCNA>
                                <ICSC>NU01</ICSC>
                                <FLOW>SUPP1</FLOW>
                                <RESPONSEMECHANISM>API</RESPONSEMECHANISM>
                                <REMARKS>NEW_REQUEST_REMARKS_A_G</REMARKS>
                                <CUSTOMER>ATTI_E2E</CUSTOMER>
                                <RESPONSEFILE>ACK:DLR:NACK:ERROR:CNTB</RESPONSEFILE>
                                <SUPP_REMARKS>SUPP1_REMARKS</SUPP_REMARKS>
                                <STATUS>CLARIFICATION-ERROR</STATUS>
                                <SUPP_STATUS>CONFIRMATION
                                </SUPP_STATUS>
                                <SUPPRESPONSEFILE>ACK:DLR:CONFIRMATION
                                </SUPPRESPONSEFILE>
                                <RESRAWINRESQUE>50</RESRAWINRESQUE>
                                <CHANNELNAME>CABLEVISION_LIGHTPATH_ASR</CHANNELNAME>
                                <SVCTYP>WATS</SVCTYP>
                </TEST_CASE>

</Order>