<?xml version="1.0"?>
<LocaLeze>
	<TEST_CASE name="E911_BWC_VALIDATE_LOCATION_SUCCESS_REQ">
		<EXECUTION>FALSE</EXECUTION>
		<HEADER>REQ_HEADER</HEADER>
		<BODY>E911_BWC_VALIDATE_LOCATION_SUCCESS_BODY</BODY>
		<ASRC>REQ_ASRC</ASRC>
		<REQUEST>E911_Request</REQUEST>
		<SUBREQUEST>validateLocation</SUBREQUEST>
		<ILEC>BWC</ILEC>
		<HEADERVER>1_0</HEADERVER>
		<FLOW>NOFLOW</FLOW>
		<REMARKS>ValidateLocationValid</REMARKS>		
		<STATUS>ValidateStatusValid</STATUS>
		<RESRAWINRESQUE>1</RESRAWINRESQUE>
		<CHANNELNAME>E911BWC</CHANNELNAME>
		<SVCTYP>NOSVCTYP</SVCTYP>
		<CUSTOMERID>PAT_TPE</CUSTOMERID>
	</TEST_CASE>
	<TEST_CASE name="E911_BWC_VALIDATE_LOCATION_FAILURE_REQ">
		<EXECUTION>FALSE</EXECUTION>
		<HEADER>REQ_HEADER</HEADER>
		<BODY>E911_BWC_VALIDATE_LOCATION_FAILURE_BODY</BODY>
		<ASRC>REQ_ASRC</ASRC>
		<REQUEST>E911_Request</REQUEST>
		<SUBREQUEST>validateLocation</SUBREQUEST>
		<ILEC>BWC</ILEC>
		<HEADERVER>1_0</HEADERVER>
		<FLOW>NOFLOW</FLOW>
		<REMARKS>ValidateLocationInvalid</REMARKS>		
		<STATUS>ValidateStatusInvalid</STATUS>
		<RESRAWINRESQUE>1</RESRAWINRESQUE>
		<CHANNELNAME>E911BWC</CHANNELNAME>
		<SVCTYP>NOSVCTYP</SVCTYP>
		<CUSTOMERID>PAT_TPE</CUSTOMERID>
	</TEST_CASE>
	<TEST_CASE name="E911_BWC_ADD_LOCATION_SUCCESS_REQ">
		<EXECUTION>TRUE</EXECUTION>
		<HEADER>REQ_HEADER</HEADER>
		<BODY>E911_BWC_ADD_LOCATION_SUCCESS_BODY</BODY>
		<ASRC>REQ_ASRC</ASRC>
		<REQUEST>E911_Request</REQUEST>
		<SUBREQUEST>addLocation</SUBREQUEST>
		<ILEC>BWC</ILEC>
		<HEADERVER>1_0</HEADERVER>
		<FLOW>NOFLOW</FLOW>
		<REMARKS>AddLocationValid</REMARKS>		
		<STATUS>AddStatusValid</STATUS>
		<RESRAWINRESQUE>1</RESRAWINRESQUE>
		<CHANNELNAME>E911BWC</CHANNELNAME>
		<SVCTYP>NOSVCTYP</SVCTYP>
		<CUSTOMERID>PAT_TPE</CUSTOMERID>
	</TEST_CASE>	
	<TEST_CASE name="E911_BWC_ADD_LOCATION_FAILURE_REQ">
		<EXECUTION>FALSE</EXECUTION>
		<HEADER>REQ_HEADER</HEADER>
		<BODY>E911_BWC_ADD_LOCATION_FAILURE_BODY</BODY>
		<ASRC>REQ_ASRC</ASRC>
		<REQUEST>E911_Request</REQUEST>
		<SUBREQUEST>addLocation</SUBREQUEST>
		<ILEC>BWC</ILEC>
		<HEADERVER>1_0</HEADERVER>
		<FLOW>NOFLOW</FLOW>
		<REMARKS>AddLocationFailure</REMARKS>		
		<STATUS>AddStatusFailure</STATUS>
		<RESRAWINRESQUE>1</RESRAWINRESQUE>
		<CHANNELNAME>E911BWC</CHANNELNAME>
		<SVCTYP>NOSVCTYP</SVCTYP>
		<CUSTOMERID>PAT_TPE</CUSTOMERID>
	</TEST_CASE>
	<TEST_CASE name="E911_BWC_ADD_LOCATION_PROVISIONED_REQ">
		<EXECUTION>FALSE</EXECUTION>
		<HEADER>REQ_HEADER</HEADER>
		<BODY>E911_BWC_ADD_LOCATION_PROVISIONED_BODY</BODY>
		<ASRC>REQ_ASRC</ASRC>
		<REQUEST>E911_Request</REQUEST>
		<SUBREQUEST>addLocation</SUBREQUEST>
		<ILEC>BWC</ILEC>
		<HEADERVER>1_0</HEADERVER>
		<FLOW>NOFLOW</FLOW>
		<REMARKS>AddLocationProvisioned</REMARKS>		
		<STATUS>AddStatusProvisioned</STATUS>
		<RESRAWINRESQUE>1</RESRAWINRESQUE>
		<CHANNELNAME>E911BWC</CHANNELNAME>
		<SVCTYP>NOSVCTYP</SVCTYP>
		<CUSTOMERID>PAT_TPE</CUSTOMERID>
	</TEST_CASE>
	<TEST_CASE name="E911_BWC_PROVISIONED_LOCATION_SUCCESS_REQ">
		<EXECUTION>FALSE</EXECUTION>
		<HEADER>REQ_HEADER</HEADER>
		<BODY>E911_BWC_PROVISIONED_LOCATION_SUCCESS_BODY</BODY>
		<ASRC>REQ_ASRC</ASRC>
		<REQUEST>E911_Request</REQUEST>
		<SUBREQUEST>provisionLocation</SUBREQUEST>
		<ILEC>BWC</ILEC>
		<HEADERVER>1_0</HEADERVER>
		<FLOW>NOFLOW</FLOW>
		<REMARKS>ProvisionLocationValid</REMARKS>		
		<STATUS>ProvisionStatusValid</STATUS>
		<RESRAWINRESQUE>1</RESRAWINRESQUE>
		<CHANNELNAME>E911BWC</CHANNELNAME>
		<SVCTYP>NOSVCTYP</SVCTYP>
		<CUSTOMERID>PAT_TPE</CUSTOMERID>
	</TEST_CASE>
	<TEST_CASE name="E911_BWC_PROVISIONED_LOCATION_FAILURE_REQ">
		<EXECUTION>FALSE</EXECUTION>
		<HEADER>REQ_HEADER</HEADER>
		<BODY>E911_BWC_PROVISIONED_LOCATION_FAILURE_BODY</BODY>
		<ASRC>REQ_ASRC</ASRC>
		<REQUEST>E911_Request</REQUEST>
		<SUBREQUEST>provisionLocation</SUBREQUEST>
		<ILEC>BWC</ILEC>
		<HEADERVER>1_0</HEADERVER>
		<FLOW>NOFLOW</FLOW>
		<REMARKS>ProvisionLocationInValid</REMARKS>		
		<STATUS>ProvisionStatusInValid</STATUS>
		<RESRAWINRESQUE>1</RESRAWINRESQUE>
		<CHANNELNAME>E911BWC</CHANNELNAME>
		<SVCTYP>NOSVCTYP</SVCTYP>
		<CUSTOMERID>PAT_TPE</CUSTOMERID>
	</TEST_CASE>	
	<TEST_CASE name="E911_BWC_ADD_LOCATION_SUCCESS_REQ_(FOR_REMOVE_LOCATION_SUCCESS)">
		<EXECUTION>FALSE</EXECUTION>
		<HEADER>REQ_HEADER</HEADER>
		<BODY>E911_BWC_ADD_LOCATION_SUCCESS_BODY</BODY>
		<ASRC>REQ_ASRC</ASRC>
		<REQUEST>E911_Request</REQUEST>
		<SUBREQUEST>addLocation</SUBREQUEST>
		<ILEC>BWC</ILEC>
		<HEADERVER>1_0</HEADERVER>
		<FLOW>NOFLOW</FLOW>
		<REMARKS>AddLocationValid</REMARKS>		
		<STATUS>AddStatusValid</STATUS>
		<RESRAWINRESQUE>1</RESRAWINRESQUE>
		<CHANNELNAME>E911BWC</CHANNELNAME>
		<SVCTYP>NOSVCTYP</SVCTYP>
		<CUSTOMERID>PAT_TPE</CUSTOMERID>
	</TEST_CASE>
	<!--(BEFORE_RUNNING_THIS_PERTICULAR_TEST_CASE_U_NEED_TO_EXECUTE_[E911_BWC_ADD_LOCATION_SUCCESS_REQ_(FOR_REMOVE_LOCATION_SUCCESS)]_TEST_CASE)-->
	<TEST_CASE name="E911_BWC_REMOVE_LOCATION_SUCCESS_REQ">
		<EXECUTION>FALSE</EXECUTION>
		<HEADER>REQ_HEADER</HEADER>
		<BODY>E911_BWC_REMOVE_LOCATION_SUCCESS_BODY</BODY>
		<ASRC>REQ_ASRC</ASRC>
		<REQUEST>E911_Request</REQUEST>
		<SUBREQUEST>removeLocation</SUBREQUEST>
		<ILEC>BWC</ILEC>
		<HEADERVER>1_0</HEADERVER>
		<FLOW>NOFLOW</FLOW>
		<REMARKS>RemoveLocationValid</REMARKS>		
		<STATUS>RemoveStatusValid</STATUS>
		<RESRAWINRESQUE>1</RESRAWINRESQUE>
		<CHANNELNAME>E911BWC</CHANNELNAME>
		<SVCTYP>NOSVCTYP</SVCTYP>
		<CUSTOMERID>PAT_TPE</CUSTOMERID>
	</TEST_CASE>
	<TEST_CASE name="E911_BWC_REMOVE_LOCATION_FAILURE_REQ">
		<EXECUTION>FALSE</EXECUTION>
		<HEADER>REQ_HEADER</HEADER>
		<BODY>E911_BWC_REMOVE_LOCATION_FAILURE_BODY</BODY>
		<ASRC>REQ_ASRC</ASRC>
		<REQUEST>E911_Request</REQUEST>
		<SUBREQUEST>removeLocation</SUBREQUEST>
		<ILEC>BWC</ILEC>
		<HEADERVER>1_0</HEADERVER>
		<FLOW>NOFLOW</FLOW>
		<REMARKS>RemoveLocationInValid</REMARKS>		
		<STATUS>RemoveStatusInValid</STATUS>
		<RESRAWINRESQUE>1</RESRAWINRESQUE>
		<CHANNELNAME>E911BWC</CHANNELNAME>
		<SVCTYP>NOSVCTYP</SVCTYP>
		<CUSTOMERID>PAT_TPE</CUSTOMERID>
	</TEST_CASE>
	<!--(BEFORE_RUNNING_THIS_PERTICULAR_TEST_CASE_U_NEED_TO_EXECUTE_[E911_BWC_ADD_LOCATION_SUCCESS_REQ_(FOR_REMOVE_LOCATION_SUCCESS) AND E911_BWC_REMOVE_LOCATION_SUCCESS_REQ]_TEST_CASE)-->
	<TEST_CASE name="E911_BWC_REMOVE_URI_SUCCESS_REQ">
		<EXECUTION>FALSE</EXECUTION>
		<HEADER>REQ_HEADER</HEADER>
		<BODY>E911_BWC_REMOVE_URI_SUCCESS_BODY</BODY>
		<ASRC>REQ_ASRC</ASRC>
		<REQUEST>E911_Request</REQUEST>
		<SUBREQUEST>removeURI</SUBREQUEST>
		<ILEC>BWC</ILEC>
		<HEADERVER>1_0</HEADERVER>
		<FLOW>NOFLOW</FLOW>
		<REMARKS>RemoveUriValid</REMARKS>		
		<STATUS>RemoveUriStatusValid</STATUS>
		<RESRAWINRESQUE>1</RESRAWINRESQUE>
		<CHANNELNAME>E911BWC</CHANNELNAME>
		<SVCTYP>NOSVCTYP</SVCTYP>
		<CUSTOMERID>PAT_TPE</CUSTOMERID>
	</TEST_CASE>
	<TEST_CASE name="E911_BWC_REMOVE_URI_FAILURE_REQ">
		<EXECUTION>FALSE</EXECUTION>
		<HEADER>REQ_HEADER</HEADER>
		<BODY>E911_BWC_REMOVE_URI_FAILURE_BODY</BODY>
		<ASRC>REQ_ASRC</ASRC>
		<REQUEST>E911_Request</REQUEST>
		<SUBREQUEST>removeURI</SUBREQUEST>
		<ILEC>BWC</ILEC>
		<HEADERVER>1_0</HEADERVER>
		<FLOW>NOFLOW</FLOW>
		<REMARKS>RemoveUriInValid</REMARKS>		
		<STATUS>RemoveUriStatusInValid</STATUS>
		<RESRAWINRESQUE>1</RESRAWINRESQUE>
		<CHANNELNAME>E911BWC</CHANNELNAME>
		<SVCTYP>NOSVCTYP</SVCTYP>
		<CUSTOMERID>PAT_TPE</CUSTOMERID>
	</TEST_CASE>
</LocaLeze>