<?xml version="1.0"?>
<Order>
	<TEST_CASE name="E911_Intrado_Insert">
		<EXECUTION>FALSE</EXECUTION>
		<HEADER>REQ_HEADER</HEADER>
		<BODY>E911_Intrado_Insert</BODY>
		<ASRC>REQ_ASRC</ASRC>
		<REQUEST>E911_Request</REQUEST>
		<SUBREQUEST>ServiceOrder</SUBREQUEST>
		<ILEC>Intrado</ILEC>
		<HEADERVER>2_0</HEADERVER>
		<FLOW>Cancel|Suspend|Resume|Abandon</FLOW>		
		<CHANNELNAME>Intrado</CHANNELNAME>	
		<RESPONSEFILE>confirmation_fwd.conf|sp_confirmation_assumed.conf|sp_confirmation_confirmed.conf|sp_confirmation_correctfwd.conf|sp_confirmation_error.txt|decc_del_fwd.txt|decc_err_del.txt|outstanding.txt|referred_reject.txt</RESPONSEFILE>
		<REMARKS>InsertIntrado</REMARKS>
		<STATUS>NenaIntradoSOI</STATUS>
		<RESRAWINRESQUE>9</RESRAWINRESQUE>
		<RESPONSEMECHANISM>FilePoller</RESPONSEMECHANISM>		
		<SVCTYP>InsertRequest</SVCTYP>		
		<CUSTOMERID>PAT_TPE</CUSTOMERID>
	</TEST_CASE>
	<TEST_CASE name="E911_Intrado_Change">
		<EXECUTION>FALSE</EXECUTION>
		<HEADER>REQ_HEADER</HEADER>
		<BODY>E911_Intrado_Change</BODY>
		<ASRC>REQ_ASRC</ASRC>
		<REQUEST>E911_Request</REQUEST>
		<SUBREQUEST>ServiceOrder</SUBREQUEST>
		<ILEC>Intrado</ILEC>
		<HEADERVER>2_0</HEADERVER>
		<FLOW>Cancel|Suspend|Resume|Abandon</FLOW>		
		<CHANNELNAME>Intrado</CHANNELNAME>
		<RESPONSEFILE>confirmation_fwd.conf|sp_confirmation_assumed.conf|sp_confirmation_confirmed.conf|sp_confirmation_correctfwd.conf|sp_confirmation_error.txt|decc_del_fwd.txt|decc_err_del.txt|outstanding.txt|referred_reject.txt</RESPONSEFILE>
		<REMARKS>ChangeIntrado</REMARKS>
		<STATUS>NenaIntradoSOI</STATUS>
		<RESRAWINRESQUE>9</RESRAWINRESQUE>
		<RESPONSEMECHANISM>FilePoller</RESPONSEMECHANISM>		
		<SVCTYP>ChangeRequest</SVCTYP>		
		<CUSTOMERID>PAT_TPE</CUSTOMERID>
	</TEST_CASE>
	<TEST_CASE name="E911_Intrado_Delete">
		<EXECUTION>FALSE</EXECUTION>
		<HEADER>REQ_HEADER</HEADER>
		<BODY>E911_Intrado_Delete</BODY>
		<ASRC>REQ_ASRC</ASRC>
		<REQUEST>E911_Request</REQUEST>
		<SUBREQUEST>ServiceOrder</SUBREQUEST>
		<ILEC>Intrado</ILEC>
		<HEADERVER>2_0</HEADERVER>
		<FLOW>Cancel|Suspend|Resume|Abandon</FLOW>		
		<CHANNELNAME>Intrado</CHANNELNAME>
		<RESPONSEFILE>confirmation_fwd.conf|sp_confirmation_assumed.conf|sp_confirmation_confirmed.conf|sp_confirmation_correctfwd.conf|sp_confirmation_error.txt|decc_del_fwd.txt|decc_err_del.txt|outstanding.txt|referred_reject.txt</RESPONSEFILE>
		<REMARKS>DeleteIntrado</REMARKS>
		<STATUS>NenaIntradoSOI</STATUS>
		<RESRAWINRESQUE>9</RESRAWINRESQUE>
		<RESPONSEMECHANISM>FilePoller</RESPONSEMECHANISM>		
		<SVCTYP>DeleteRequest</SVCTYP>		
		<CUSTOMERID>PAT_TPE</CUSTOMERID>
	</TEST_CASE>
	<TEST_CASE name="E911_Intrado_Migrate">
		<EXECUTION>FALSE</EXECUTION>
		<HEADER>REQ_HEADER</HEADER>
		<BODY>E911_Intrado_Migrate</BODY>
		<ASRC>REQ_ASRC</ASRC>
		<REQUEST>E911_Request</REQUEST>
		<SUBREQUEST>ServiceOrder</SUBREQUEST>
		<ILEC>Intrado</ILEC>
		<HEADERVER>2_0</HEADERVER>
		<FLOW>Cancel|Suspend|Resume|Abandon</FLOW>	
        <CHANNELNAME>Intrado</CHANNELNAME>		
		<RESPONSEFILE>confirmation_fwd.conf|sp_confirmation_assumed.conf|sp_confirmation_confirmed.conf|sp_confirmation_correctfwd.conf|sp_confirmation_error.txt|decc_del_fwd.txt|decc_err_del.txt|outstanding.txt|referred_reject.txt</RESPONSEFILE>
		<REMARKS>MigrateIntrado</REMARKS>
		<STATUS>NenaIntradoSOI</STATUS>
		<RESRAWINRESQUE>9</RESRAWINRESQUE>
		<RESPONSEMECHANISM>FilePoller</RESPONSEMECHANISM>		
		<SVCTYP>MigrateRequest</SVCTYP>		
		<CUSTOMERID>PAT_TPE</CUSTOMERID>
	</TEST_CASE>
	<TEST_CASE name="E911_Intrado_Unlock">
		<EXECUTION>FALSE</EXECUTION>
		<HEADER>REQ_HEADER</HEADER>
		<BODY>E911_Intrado_Unlock</BODY>
		<ASRC>REQ_ASRC</ASRC>
		<REQUEST>E911_Request</REQUEST>
		<SUBREQUEST>ServiceOrder</SUBREQUEST>
		<ILEC>Intrado</ILEC>
		<HEADERVER>2_0</HEADERVER>
		<FLOW>Cancel|Suspend|Resume|Abandon</FLOW>		
		<CHANNELNAME>Intrado</CHANNELNAME>
		<RESPONSEFILE>confirmation_fwd.conf|sp_confirmation_assumed.conf|sp_confirmation_confirmed.conf|sp_confirmation_correctfwd.conf|sp_confirmation_error.txt|decc_del_fwd.txt|decc_err_del.txt|outstanding.txt|referred_reject.txt</RESPONSEFILE>
		<REMARKS>UnlockIntrado</REMARKS>
		<STATUS>NenaIntradoSOI</STATUS>
		<RESRAWINRESQUE>9</RESRAWINRESQUE>
		<RESPONSEMECHANISM>FilePoller</RESPONSEMECHANISM>		
		<SVCTYP>UnlockRequest</SVCTYP>		
		<CUSTOMERID>PAT_TPE</CUSTOMERID>
	</TEST_CASE>
	<TEST_CASE name="E911_Schofield_Insert">
		<EXECUTION>TRUE</EXECUTION>
		<HEADER>REQ_HEADER</HEADER>
		<BODY>E911_Schofield_Insert</BODY>
		<ASRC>REQ_ASRC</ASRC>
		<REQUEST>E911_Request</REQUEST>
		<SUBREQUEST>ServiceOrder</SUBREQUEST>
		<ILEC>Schofield</ILEC>
		<HEADERVER>1_0</HEADERVER>
		<FLOW>Cancel|Suspend|Resume|Abandon</FLOW>		
		<CHANNELNAME>Schofield</CHANNELNAME>
		<RESPONSEFILE>ivc_confirm_Schofield.ivc|ivc_reject_Schofield.ivc|ivc_status_Schofield.ivc|ivc_Error_Schofield.ivc</RESPONSEFILE>
		<REMARKS>InsertSchofield</REMARKS>
		<STATUS>NenaSchofieldSOIIVC</STATUS>
		<RESRAWINRESQUE>8</RESRAWINRESQUE>
		<RESPONSEMECHANISM>FilePoller</RESPONSEMECHANISM>		
		<SVCTYP>InsertRequest</SVCTYP>		
		<CUSTOMERID>PAT_TPE</CUSTOMERID>
	</TEST_CASE>
	<TEST_CASE name="E911_Schofield_Change">
		<EXECUTION>FALSE</EXECUTION>
		<HEADER>REQ_HEADER</HEADER>
		<BODY>E911_Schofield_Change</BODY>
		<ASRC>REQ_ASRC</ASRC>
		<REQUEST>E911_Request</REQUEST>
		<SUBREQUEST>ServiceOrder</SUBREQUEST>
		<ILEC>Schofield</ILEC>
		<HEADERVER>1_0</HEADERVER>
		<FLOW>Cancel|Suspend|Resume|Abandon</FLOW>		
		<CHANNELNAME>Schofield</CHANNELNAME>
		<RESPONSEFILE>rec_confirm_Schofield.rec|rec_reject_Schofield.rec|rec_status_Schofield.rec|rec_Error_Schofield.rec</RESPONSEFILE>
		<REMARKS>ChangeSchofield</REMARKS>
		<STATUS>NenaSchofieldSOIREC</STATUS>
		<RESRAWINRESQUE>4</RESRAWINRESQUE>
		<RESPONSEMECHANISM>FilePoller</RESPONSEMECHANISM>		
		<SVCTYP>ChangeRequest</SVCTYP>		
		<CUSTOMERID>PAT_TPE</CUSTOMERID>
	</TEST_CASE>
	<TEST_CASE name="E911_Schofield_Delete">
		<EXECUTION>FALSE</EXECUTION>
		<HEADER>REQ_HEADER</HEADER>
		<BODY>E911_Schofield_Delete</BODY>
		<ASRC>REQ_ASRC</ASRC>
		<REQUEST>E911_Request</REQUEST>
		<SUBREQUEST>ServiceOrder</SUBREQUEST>
		<ILEC>Schofield</ILEC>
		<HEADERVER>1_0</HEADERVER>
		<FLOW>Cancel|Suspend|Resume|Abandon</FLOW>		
		<CHANNELNAME>Schofield</CHANNELNAME>
		<RESPONSEFILE>dat_confirm_Schofield.dat|dat_reject_Schofield.dat|dat_status_Schofield.dat|dat_Error_Schofield.dat</RESPONSEFILE>
		<REMARKS>DeleteSchofield</REMARKS>
		<STATUS>NenaSchofieldSOIDAT</STATUS>
		<RESRAWINRESQUE>4</RESRAWINRESQUE>
		<RESPONSEMECHANISM>FilePoller</RESPONSEMECHANISM>		
		<SVCTYP>DeleteRequest</SVCTYP>		
		<CUSTOMERID>PAT_TPE</CUSTOMERID>
	</TEST_CASE>
	<TEST_CASE name="E911_Schofield_Migrate">
		<EXECUTION>FALSE</EXECUTION>
		<HEADER>REQ_HEADER</HEADER>
		<BODY>E911_Schofield_Migrate</BODY>
		<ASRC>REQ_ASRC</ASRC>
		<REQUEST>E911_Request</REQUEST>
		<SUBREQUEST>ServiceOrder</SUBREQUEST>
		<ILEC>Schofield</ILEC>
		<HEADERVER>1_0</HEADERVER>
		<FLOW>Cancel|Suspend|Resume|Abandon</FLOW>		
		<CHANNELNAME>Schofield</CHANNELNAME>
		<RESPONSEFILE>err_confirm_Schofield.err|err_reject_Schofield.err|err_status_Schofield.err|err_Error_Schofield.err</RESPONSEFILE>
		<REMARKS>MigrateSchofield</REMARKS>
		<STATUS>NenaSchofieldSOIERR</STATUS>
		<RESRAWINRESQUE>4</RESRAWINRESQUE>
		<RESPONSEMECHANISM>FilePoller</RESPONSEMECHANISM>		
		<SVCTYP>MigrateRequest</SVCTYP>		
		<CUSTOMERID>PAT_TPE</CUSTOMERID>
	</TEST_CASE>
	<TEST_CASE name="E911_Schofield_Unlock">
		<EXECUTION>FALSE</EXECUTION>
		<HEADER>REQ_HEADER</HEADER>
		<BODY>E911_Schofield_Unlock</BODY>
		<ASRC>REQ_ASRC</ASRC>
		<REQUEST>E911_Request</REQUEST>
		<SUBREQUEST>ServiceOrder</SUBREQUEST>
		<ILEC>Schofield</ILEC>
		<HEADERVER>1_0</HEADERVER>
		<FLOW>Cancel|Suspend|Resume|Abandon</FLOW>		
		<CHANNELNAME>Schofield</CHANNELNAME>
		<RESPONSEFILE>ivc_confirm_Schofield.ivc|ivc_reject_Schofield.ivc|ivc_status_Schofield.ivc|ivc_Error_Schofield.ivc</RESPONSEFILE>
		<REMARKS>UnlockSchofield</REMARKS>
		<STATUS>NenaSchofieldSOIIVC</STATUS>
		<RESRAWINRESQUE>4</RESRAWINRESQUE>
		<RESPONSEMECHANISM>FilePoller</RESPONSEMECHANISM>		
		<SVCTYP>UnlockRequest</SVCTYP>		
		<CUSTOMERID>PAT_TPE</CUSTOMERID>
	</TEST_CASE>
	<TEST_CASE name="E911_Schofield_Validate">
		<EXECUTION>FALSE</EXECUTION>
		<HEADER>REQ_HEADER</HEADER>
		<BODY>E911_Schofield_Validate</BODY>
		<ASRC>REQ_ASRC</ASRC>
		<REQUEST>E911_Request</REQUEST>
		<SUBREQUEST>ServiceOrder</SUBREQUEST>
		<ILEC>Schofield</ILEC>
		<HEADERVER>1_0</HEADERVER>
		<FLOW>Cancel|Suspend|Resume|Abandon</FLOW>		
		<CHANNELNAME>Schofield</CHANNELNAME>
		<RESPONSEFILE>rec_confirm_Schofield.rec|rec_reject_Schofield.rec|rec_status_Schofield.rec|rec_Error_Schofield.rec</RESPONSEFILE>
		<REMARKS>ValidateSchofieldREC</REMARKS>
		<STATUS>NenaSchofieldSOI</STATUS>
		<RESRAWINRESQUE>4</RESRAWINRESQUE>
		<RESPONSEMECHANISM>FilePoller</RESPONSEMECHANISM>		
		<SVCTYP>ValidateRequest</SVCTYP>		
		<CUSTOMERID>PAT_TPE</CUSTOMERID>
	</TEST_CASE>
	<TEST_CASE name="E911_Intrado_I2_AliUpdate_Success">
		<EXECUTION>FASLE</EXECUTION>
		<HEADER>REQ_HEADER</HEADER>
		<BODY>E911_Intrado_I2_AliUpdate_Success</BODY>
		<ASRC>REQ_ASRC</ASRC>
		<REQUEST>E911_Request</REQUEST>
		<SUBREQUEST>ALIUpdateRequest</SUBREQUEST>
		<ILEC>IntradoI2</ILEC>
		<HEADERVER>I2</HEADERVER>
		<FLOW>NOFLOW</FLOW>		
		<CHANNELNAME>IntradoI2</CHANNELNAME>
		<RESPONSEFILE>NORESPONSEFILE</RESPONSEFILE>
		<REMARKS>IntradoI2Success</REMARKS>
		<STATUS>AliUpdateSuccess</STATUS>
		<RESRAWINRESQUE>1</RESRAWINRESQUE>
		<RESPONSEMECHANISM>TPE</RESPONSEMECHANISM>		
		<SVCTYP>ALIUpdateRequest</SVCTYP>		
		<CUSTOMERID>TWC_PAT</CUSTOMERID>
	</TEST_CASE>
	<TEST_CASE name="E911_Intrado_I2_AliUpdate_Error">
		<EXECUTION>FALSE</EXECUTION>
		<HEADER>REQ_HEADER</HEADER>
		<BODY>E911_Intrado_I2_AliUpdate_Error</BODY>
		<ASRC>REQ_ASRC</ASRC>
		<REQUEST>E911_Request</REQUEST>
		<SUBREQUEST>ALIUpdateRequest</SUBREQUEST>
		<ILEC>IntradoI2</ILEC>
		<HEADERVER>I2</HEADERVER>
		<FLOW>NOFLOW</FLOW>		
		<CHANNELNAME>IntradoI2</CHANNELNAME>
		<RESPONSEFILE>NORESPONSEFILE</RESPONSEFILE>
		<REMARKS>IntradoI2Error</REMARKS>
		<STATUS>AliUpdateError</STATUS>
		<RESRAWINRESQUE>1</RESRAWINRESQUE>
		<RESPONSEMECHANISM>TPE</RESPONSEMECHANISM>		
		<SVCTYP>ALIUpdateRequest</SVCTYP>		
		<CUSTOMERID>TWC_PAT</CUSTOMERID>
	</TEST_CASE>
</Order>