<?xml version="1.0"?>
<Order>
	<TEST_CASE name="LIDB_TNS_Change">
		<EXECUTION>FALSE</EXECUTION>
		<HEADER>REQ_HEADER</HEADER>
		<BODY>LIDB_TNS_Change</BODY>
		<REQUEST>Subscriber_Record_Request</REQUEST>
		<SUBREQUEST>LIDBRequest</SUBREQUEST>
		<ILEC>TNS</ILEC>
		<HEADERVER>1_0</HEADERVER>
		<FLOW>NOFLOW</FLOW>		
		<CHANNELNAME>TNS</CHANNELNAME>
		<RESPONSEFILE></RESPONSEFILE>
		<REMARKS></REMARKS>
		<STATUS></STATUS>
		<TYPE>accept</TYPE>
		<RESRAWINRESQUE>2</RESRAWINRESQUE>
		<RESPONSEMECHANISM></RESPONSEMECHANISM>		
		<SVCTYP></SVCTYP>		
		<CUSTOMERID>PAT_TPE</CUSTOMERID>
	</TEST_CASE>
	<TEST_CASE name="LIDB_TNS_Delete">
		<EXECUTION>FALSE</EXECUTION>
		<HEADER>REQ_HEADER</HEADER>
		<BODY>LIDB_TNS_Delete</BODY>
		<REQUEST>Subscriber_Record_Request</REQUEST>
		<SUBREQUEST>LIDBRequest</SUBREQUEST>
		<ILEC>TNS</ILEC>
		<HEADERVER>1_0</HEADERVER>
		<FLOW>NOFLOW</FLOW>		
		<CHANNELNAME>TNS</CHANNELNAME>
		<RESPONSEFILE></RESPONSEFILE>
		<REMARKS></REMARKS>
		<STATUS></STATUS>
		<TYPE>accept</TYPE>
		<RESRAWINRESQUE>2</RESRAWINRESQUE>
		<RESPONSEMECHANISM></RESPONSEMECHANISM>		
		<SVCTYP></SVCTYP>		
		<CUSTOMERID>PAT_TPE</CUSTOMERID>
	</TEST_CASE>
	<TEST_CASE name="LIDB_TNS_Insert">
		<EXECUTION>FALSE</EXECUTION>
		<HEADER>REQ_HEADER</HEADER>
		<BODY>LIDB_TNS_Insert</BODY>
		<REQUEST>Subscriber_Record_Request</REQUEST>
		<SUBREQUEST>LIDBRequest</SUBREQUEST>
		<ILEC>TNS</ILEC>
		<HEADERVER>1_0</HEADERVER>
		<FLOW>NOFLOW</FLOW>		
		<CHANNELNAME>TNS</CHANNELNAME>
		<RESPONSEFILE></RESPONSEFILE>
		<REMARKS></REMARKS>
		<STATUS></STATUS>
		<TYPE>accept</TYPE>
		<RESRAWINRESQUE>2</RESRAWINRESQUE>
		<RESPONSEMECHANISM></RESPONSEMECHANISM>		
		<SVCTYP></SVCTYP>		
		<CUSTOMERID>PAT_TPE</CUSTOMERID>
	</TEST_CASE>
	<TEST_CASE name="LIDB_Verisign_Change">
		<EXECUTION>FALSE</EXECUTION>
		<HEADER>REQ_HEADER</HEADER>
		<BODY>LIDB_Verisign_Change</BODY>
		<REQUEST>Subscriber_Record_Request</REQUEST>
		<SUBREQUEST>LIDBRequest</SUBREQUEST>
		<ILEC>Verisign</ILEC>
		<HEADERVER>1_0</HEADERVER>
		<FLOW>NOFLOW</FLOW>		
		<CHANNELNAME>Verisign</CHANNELNAME>
		<RESPONSEFILE></RESPONSEFILE>
		<REMARKS></REMARKS>
		<STATUS></STATUS>
		<TYPE>accept</TYPE>
		<RESRAWINRESQUE>2</RESRAWINRESQUE>
		<RESPONSEMECHANISM></RESPONSEMECHANISM>		
		<SVCTYP></SVCTYP>		
		<CUSTOMERID>PAT_TPE</CUSTOMERID>
	</TEST_CASE>
	<TEST_CASE name="LIDB_Verisign_Delete">
		<EXECUTION>FALSE</EXECUTION>
		<HEADER>REQ_HEADER</HEADER>
		<BODY>LIDB_Verisign_Delete</BODY>
		<REQUEST>Subscriber_Record_Request</REQUEST>
		<SUBREQUEST>LIDBRequest</SUBREQUEST>
		<ILEC>Verisign</ILEC>
		<HEADERVER>1_0</HEADERVER>
		<FLOW>NOFLOW</FLOW>		
		<CHANNELNAME>Verisign</CHANNELNAME>
		<RESPONSEFILE></RESPONSEFILE>
		<REMARKS></REMARKS>
		<STATUS></STATUS>
		<TYPE>accept</TYPE>
		<RESRAWINRESQUE>2</RESRAWINRESQUE>
		<RESPONSEMECHANISM></RESPONSEMECHANISM>		
		<SVCTYP></SVCTYP>		
		<CUSTOMERID>PAT_TPE</CUSTOMERID>
	</TEST_CASE>
	<TEST_CASE name="LIDB_Verisign_Insert">
		<EXECUTION>FALSE</EXECUTION>
		<HEADER>REQ_HEADER</HEADER>
		<BODY>LIDB_Verisign_Insert</BODY>
		<REQUEST>Subscriber_Record_Request</REQUEST>
		<SUBREQUEST>LIDBRequest</SUBREQUEST>
		<ILEC>Verisign</ILEC>
		<HEADERVER>1_0</HEADERVER>
		<FLOW>NOFLOW</FLOW>		
		<CHANNELNAME>Verisign</CHANNELNAME>
		<RESPONSEFILE></RESPONSEFILE>
		<REMARKS></REMARKS>
		<STATUS></STATUS>
		<TYPE>accept</TYPE>
		<RESRAWINRESQUE>2</RESRAWINRESQUE>
		<RESPONSEMECHANISM></RESPONSEMECHANISM>		
		<SVCTYP></SVCTYP>		
		<CUSTOMERID>PAT_TPE</CUSTOMERID>
	</TEST_CASE>
	<TEST_CASE name="LIDB_Targus_Ack_Accept">
		<EXECUTION>TRUE</EXECUTION>
		<HEADER>RESP_HEADER</HEADER>
		<BODY>LIDB_Targus_Ack_Accept</BODY>
		<REQUEST>Subscriber_Record_Response</REQUEST>
		<SUBREQUEST>LIDBRequest</SUBREQUEST>
		<ILEC>TARGUS</ILEC>
		<HEADERVER>1_0</HEADERVER>
		<FLOW>NOFLOW</FLOW>		
		<CHANNELNAME>TARGUS</CHANNELNAME>
		<RESPONSEFILE></RESPONSEFILE>
		<REMARKS></REMARKS>
		<STATUS></STATUS>
		<TYPE>accept</TYPE>
		<RESRAWINRESQUE>2</RESRAWINRESQUE>
		<RESPONSEMECHANISM></RESPONSEMECHANISM>		
		<SVCTYP></SVCTYP>		
		<CUSTOMERID>CCST_E2E</CUSTOMERID>
	</TEST_CASE>
	<TEST_CASE name="LIDB_Targus_Reject">
		<EXECUTION>FALSE</EXECUTION>
		<HEADER>REQ_HEADER</HEADER>
		<BODY>LIDB_Targus_Reject</BODY>
		<REQUEST>Subscriber_Record_Response</REQUEST>
		<SUBREQUEST>LIDBRequest</SUBREQUEST>
		<ILEC>TARGUS</ILEC>
		<HEADERVER>1_0</HEADERVER>
		<FLOW>NOFLOW</FLOW>		
		<CHANNELNAME>TARGUS</CHANNELNAME>
		<RESPONSEFILE></RESPONSEFILE>
		<REMARKS></REMARKS>
		<STATUS></STATUS>
		<TYPE>accept</TYPE>
		<RESRAWINRESQUE>2</RESRAWINRESQUE>
		<RESPONSEMECHANISM></RESPONSEMECHANISM>		
		<SVCTYP></SVCTYP>		
		<CUSTOMERID>CCST_E2E</CUSTOMERID>
	</TEST_CASE>
</Order>