<?xml version="1.0"?>
<LocaLeze>
	<TEST_CASE name="LOCALEZE_BP_REQ">
		<EXECUTION>TRUE</EXECUTION>
		<HEADER>REQ_HEADER</HEADER>
		<BODY>LOCALEZE_BP_REQ_BODY</BODY>
		<ASRC>REQ_ASRC</ASRC>
		<REQUEST>online_business_listing</REQUEST>
		<SUBREQUEST>BusinessPost</SUBREQUEST>
		<ILEC>Localeze</ILEC>
		<HEADERVER>1_0</HEADERVER>
		<FLOW>NOFLOW</FLOW>
		<REMARKS>localezeasync</REMARKS>		
		<STATUS>Post_Error</STATUS>
		<RESRAWINRESQUE>1</RESRAWINRESQUE>
		<CHANNELNAME>LOCALEZE</CHANNELNAME>
		<SVCTYP>NOSVCTYP</SVCTYP>
		<CUSTOMERID>PAT_TPE</CUSTOMERID>
	</TEST_CASE>
	<TEST_CASE name="LOCALEZE_BP_POST_ERROR_REQ">
		<EXECUTION>TRUE</EXECUTION>
		<HEADER>REQ_HEADER</HEADER>
		<BODY>LOCALEZE_BP_POST_ERROR_REQ_BODY</BODY>
		<ASRC>REQ_ASRC</ASRC>
		<REQUEST>online_business_listing</REQUEST>
		<SUBREQUEST>BusinessPost</SUBREQUEST>
		<ILEC>Localeze</ILEC>
		<HEADERVER>1_0</HEADERVER>
		<FLOW>NOFLOW</FLOW>
		<REMARKS>localezeasync</REMARKS>		
		<STATUS>Post_Error</STATUS>		
		<RESRAWINRESQUE>1</RESRAWINRESQUE>
		<CHANNELNAME>LOCALEZE</CHANNELNAME>
		<SVCTYP>NOSVCTYP</SVCTYP>
		<CUSTOMERID>PAT_TPE</CUSTOMERID>
	</TEST_CASE>
	<TEST_CASE name="LOCALEZE_BP_POST_ERROR_VAL_REQ">
		<EXECUTION>TRUE</EXECUTION>
		<HEADER>REQ_HEADER</HEADER>
		<BODY>LOCALEZE_BP_POST_ERROR_VAL_REQ_BODY</BODY>
		<ASRC>REQ_ASRC</ASRC>
		<REQUEST>online_business_listing</REQUEST>
		<SUBREQUEST>BusinessPost</SUBREQUEST>
		<ILEC>Localeze</ILEC>
		<HEADERVER>1_0</HEADERVER>
		<FLOW>NOFLOW</FLOW>
		<REMARKS>localezeasync</REMARKS>		
		<STATUS>Post_Error</STATUS>		
		<RESRAWINRESQUE>1</RESRAWINRESQUE>
		<CHANNELNAME>LOCALEZE</CHANNELNAME>
		<SVCTYP>NOSVCTYP</SVCTYP>
		<CUSTOMERID>PAT_TPE</CUSTOMERID>
	</TEST_CASE>
	<TEST_CASE name="LOCALEZE_BP_ERROR_REQ">
		<EXECUTION>TRUE</EXECUTION>
		<HEADER>REQ_HEADER</HEADER>
		<BODY>LOCALEZE_BP_ERROR_REQ_BODY</BODY>
		<ASRC>REQ_ASRC</ASRC>
		<REQUEST>online_business_listing</REQUEST>
		<SUBREQUEST>BusinessPost</SUBREQUEST>
		<ILEC>Localeze</ILEC>
		<HEADERVER>1_0</HEADERVER>
		<FLOW>NOFLOW</FLOW>
		<REMARKS>localezeasync</REMARKS>		
		<STATUS>ErrorResponse</STATUS>		
		<RESRAWINRESQUE>0</RESRAWINRESQUE>
		<CHANNELNAME>LOCALEZE</CHANNELNAME>
		<SVCTYP>NOSVCTYP</SVCTYP>
		<CUSTOMERID>PAT_TPE</CUSTOMERID>
	</TEST_CASE>
	<TEST_CASE name="LOCALEZE_BP_REQ">
		<EXECUTION>TRUE</EXECUTION>
		<HEADER>REQ_HEADER</HEADER>
		<BODY>LOCALEZE_BP_REQ_BODY</BODY>
		<ASRC>REQ_ASRC</ASRC>
		<REQUEST>online_business_listing</REQUEST>
		<SUBREQUEST>BusinessPost</SUBREQUEST>
		<ILEC>Localeze</ILEC>
		<HEADERVER>1_0</HEADERVER>
		<FLOW>NOFLOW</FLOW>
		<REMARKS>localezeasync</REMARKS>		
		<STATUS>SuccessfulPost</STATUS>		
		<RESRAWINRESQUE>0</RESRAWINRESQUE>
		<CHANNELNAME>LOCALEZE</CHANNELNAME>
		<SVCTYP>NOSVCTYP</SVCTYP>
		<CUSTOMERID>PAT_TPE</CUSTOMERID>
	</TEST_CASE>
	<TEST_CASE name="LOCALEZE_BP_POST_ERROR_REQ">
		<EXECUTION>TRUE</EXECUTION>
		<HEADER>REQ_HEADER</HEADER>
		<BODY>LOCALEZE_BP_POST_ERROR_REQ_BODY</BODY>
		<ASRC>REQ_ASRC</ASRC>
		<REQUEST>online_business_listing</REQUEST>
		<SUBREQUEST>BusinessPost</SUBREQUEST>
		<ILEC>Localeze</ILEC>
		<HEADERVER>1_0</HEADERVER>
		<FLOW>NOFLOW</FLOW>
		<REMARKS>localezeasync</REMARKS>		
		<STATUS>Post_Error</STATUS>		
		<RESRAWINRESQUE>0</RESRAWINRESQUE>
		<CHANNELNAME>LOCALEZE</CHANNELNAME>
		<SVCTYP>NOSVCTYP</SVCTYP>
		<CUSTOMERID>PAT_TPE</CUSTOMERID>
	</TEST_CASE>
	<TEST_CASE name="LOCALEZE_BP_POST_ERROR_VAL_REQ">
		<EXECUTION>TRUE</EXECUTION>
		<HEADER>REQ_HEADER</HEADER>
		<BODY>LOCALEZE_BP_POST_ERROR_VAL_REQ_BODY</BODY>
		<ASRC>REQ_ASRC</ASRC>
		<REQUEST>online_business_listing</REQUEST>
		<SUBREQUEST>BusinessPost</SUBREQUEST>
		<ILEC>Localeze</ILEC>
		<HEADERVER>1_0</HEADERVER>
		<FLOW>NOFLOW</FLOW>
		<REMARKS>localezeasync</REMARKS>		
		<STATUS>PostWithErrorValidator</STATUS>		
		<RESRAWINRESQUE>0</RESRAWINRESQUE>
		<CHANNELNAME>LOCALEZE</CHANNELNAME>
		<SVCTYP>NOSVCTYP</SVCTYP>
		<CUSTOMERID>PAT_TPE</CUSTOMERID>
	</TEST_CASE>
	<TEST_CASE name="LOCALEZE_BP_ERROR_REQ">
		<EXECUTION>TRUE</EXECUTION>
		<HEADER>REQ_HEADER</HEADER>
		<BODY>LOCALEZE_BP_ERROR_REQ_BODY</BODY>
		<ASRC>REQ_ASRC</ASRC>
		<REQUEST>online_business_listing</REQUEST>
		<SUBREQUEST>BusinessPost</SUBREQUEST>
		<ILEC>Localeze</ILEC>
		<HEADERVER>1_0</HEADERVER>
		<FLOW>NOFLOW</FLOW>
		<REMARKS>localezeasync</REMARKS>		
		<STATUS>ErrorResponse</STATUS>		
		<RESRAWINRESQUE>0</RESRAWINRESQUE>
		<CHANNELNAME>LOCALEZE</CHANNELNAME>
		<SVCTYP>NOSVCTYP</SVCTYP>
		<CUSTOMERID>PAT_TPE</CUSTOMERID>
	</TEST_CASE>
	<TEST_CASE name="LOCALEZE_CA_REQ">
		<EXECUTION>TRUE</EXECUTION>
		<HEADER>REQ_HEADER</HEADER>
		<BODY>LOCALEZE_CA_REQ_BODY</BODY>
		<ASRC>REQ_ASRC</ASRC>
		<REQUEST>online_business_listing</REQUEST>
		<SUBREQUEST>CheckAvailability</SUBREQUEST>
		<ILEC>Localeze</ILEC>
		<HEADERVER>1_0</HEADERVER>
		<FLOW>NOFLOW</FLOW>
		<REMARKS>localezeasync</REMARKS>		
		<STATUS>Check_Availability_Error</STATUS>		
		<RESRAWINRESQUE>1</RESRAWINRESQUE>
		<CHANNELNAME>LOCALEZE</CHANNELNAME>
		<SVCTYP>NOSVCTYP</SVCTYP>
		<CUSTOMERID>PAT_TPE</CUSTOMERID>
	</TEST_CASE>
	<TEST_CASE name="LOCALEZE_CA_AVAI_OWE_REQ">
		<EXECUTION>TRUE</EXECUTION>
		<HEADER>REQ_HEADER</HEADER>
		<BODY>LOCALEZE_CA_AVAI_OWE_REQ_BODY</BODY>
		<ASRC>REQ_ASRC</ASRC>
		<REQUEST>online_business_listing</REQUEST>
		<SUBREQUEST>CheckAvailability</SUBREQUEST>
		<ILEC>Localeze</ILEC>
		<HEADERVER>1_0</HEADERVER>
		<FLOW>NOFLOW</FLOW>
		<REMARKS>localezeasync</REMARKS>		
		<STATUS>Check_Availability_Error</STATUS>		
		<RESRAWINRESQUE>1</RESRAWINRESQUE>
		<CHANNELNAME>LOCALEZE</CHANNELNAME>
		<SVCTYP>NOSVCTYP</SVCTYP>
		<CUSTOMERID>PAT_TPE</CUSTOMERID>
	</TEST_CASE>
	<TEST_CASE name="LOCALEZE_CA_UNAV_REQ">
		<EXECUTION>TRUE</EXECUTION>
		<HEADER>REQ_HEADER</HEADER>
		<BODY>LOCALEZE_CA_UNAV_REQ_BODY</BODY>
		<ASRC>REQ_ASRC</ASRC>
		<REQUEST>online_business_listing</REQUEST>
		<SUBREQUEST>CheckAvailability</SUBREQUEST>
		<ILEC>Localeze</ILEC>
		<HEADERVER>1_0</HEADERVER>
		<FLOW>NOFLOW</FLOW>
		<REMARKS>localezeasync</REMARKS>		
		<STATUS>Available_Listing</STATUS>		
		<RESRAWINRESQUE>1</RESRAWINRESQUE>
		<CHANNELNAME>LOCALEZE</CHANNELNAME>
		<SVCTYP>NOSVCTYP</SVCTYP>
		<CUSTOMERID>PAT_TPE</CUSTOMERID>
	</TEST_CASE>
	<TEST_CASE name="LOCALEZE_CA_ERROR_REQ">
		<EXECUTION>TRUE</EXECUTION>
		<HEADER>REQ_HEADER</HEADER>
		<BODY>LOCALEZE_CA_ERROR_REQ_BODY</BODY>
		<ASRC>REQ_ASRC</ASRC>
		<REQUEST>online_business_listing</REQUEST>
		<SUBREQUEST>CheckAvailability</SUBREQUEST>
		<ILEC>Localeze</ILEC>
		<HEADERVER>1_0</HEADERVER>
		<FLOW>NOFLOW</FLOW>
		<REMARKS>localezeasync</REMARKS>		
		<STATUS>ErrorResponse</STATUS>		
		<RESRAWINRESQUE>0</RESRAWINRESQUE>
		<CHANNELNAME>LOCALEZE</CHANNELNAME>
		<SVCTYP>NOSVCTYP</SVCTYP>
		<CUSTOMERID>PAT_TPE</CUSTOMERID>
	</TEST_CASE>
	<TEST_CASE name="LOCALEZE_CA_REQ">
		<EXECUTION>TRUE</EXECUTION>
		<HEADER>REQ_HEADER</HEADER>
		<BODY>LOCALEZE_CA_REQ_BODY</BODY>
		<ASRC>REQ_ASRC</ASRC>
		<REQUEST>online_business_listing</REQUEST>
		<SUBREQUEST>CheckAvailability</SUBREQUEST>
		<ILEC>Localeze</ILEC>
		<HEADERVER>1_0</HEADERVER>
		<FLOW>NOFLOW</FLOW>
		<REMARKS>localezeasync</REMARKS>		
		<STATUS>Available_Listing</STATUS>		
		<RESRAWINRESQUE>0</RESRAWINRESQUE>
		<CHANNELNAME>LOCALEZE</CHANNELNAME>
		<SVCTYP>NOSVCTYP</SVCTYP>
		<CUSTOMERID>PAT_TPE</CUSTOMERID>
	</TEST_CASE>
	<TEST_CASE name="LOCALEZE_CA_AVAI_OWE_REQ">
		<EXECUTION>TRUE</EXECUTION>
		<HEADER>REQ_HEADER</HEADER>
		<BODY>LOCALEZE_CA_AVAI_OWE_REQ_BODY</BODY>
		<ASRC>REQ_ASRC</ASRC>
		<REQUEST>online_business_listing</REQUEST>
		<SUBREQUEST>CheckAvailability</SUBREQUEST>
		<ILEC>Localeze</ILEC>
		<HEADERVER>1_0</HEADERVER>
		<FLOW>NOFLOW</FLOW>
		<REMARKS>localezeasync</REMARKS>		
		<STATUS>AvailableAndOwnedByYou</STATUS>		
		<RESRAWINRESQUE>0</RESRAWINRESQUE>
		<CHANNELNAME>LOCALEZE</CHANNELNAME>
		<SVCTYP>NOSVCTYP</SVCTYP>
		<CUSTOMERID>PAT_TPE</CUSTOMERID>
	</TEST_CASE>
	<TEST_CASE name="LOCALEZE_CA_UNAV_REQ">
		<EXECUTION>TRUE</EXECUTION>
		<HEADER>REQ_HEADER</HEADER>
		<BODY>LOCALEZE_CA_UNAV_REQ_BODY</BODY>
		<ASRC>REQ_ASRC</ASRC>
		<REQUEST>online_business_listing</REQUEST>
		<SUBREQUEST>CheckAvailability</SUBREQUEST>
		<ILEC>Localeze</ILEC>
		<HEADERVER>1_0</HEADERVER>
		<FLOW>NOFLOW</FLOW>
		<REMARKS>localezeasync</REMARKS>		
		<STATUS>Unavailable</STATUS>		
		<RESRAWINRESQUE>0</RESRAWINRESQUE>
		<CHANNELNAME>LOCALEZE</CHANNELNAME>
		<SVCTYP>NOSVCTYP</SVCTYP>
		<CUSTOMERID>PAT_TPE</CUSTOMERID>
	</TEST_CASE>
	<TEST_CASE name="LOCALEZE_CA_ERROR_REQ">
		<EXECUTION>TRUE</EXECUTION>
		<HEADER>REQ_HEADER</HEADER>
		<BODY>LOCALEZE_CA_ERROR_REQ_BODY</BODY>
		<ASRC>REQ_ASRC</ASRC>
		<REQUEST>online_business_listing</REQUEST>
		<SUBREQUEST>CheckAvailability</SUBREQUEST>
		<ILEC>Localeze</ILEC>
		<HEADERVER>1_0</HEADERVER>
		<FLOW>NOFLOW</FLOW>
		<REMARKS>localezeasync</REMARKS>		
		<STATUS>ErrorResponse</STATUS>		
		<RESRAWINRESQUE>0</RESRAWINRESQUE>
		<CHANNELNAME>LOCALEZE</CHANNELNAME>
		<SVCTYP>NOSVCTYP</SVCTYP>
		<CUSTOMERID>PAT_TPE</CUSTOMERID>
	</TEST_CASE>
	<TEST_CASE name="LOCALEZE_SR_REQ">
		<EXECUTION>TRUE</EXECUTION>
		<HEADER>REQ_HEADER</HEADER>
		<BODY>LOCALEZE_SR_REQ_BODY</BODY>
		<ASRC>REQ_ASRC</ASRC>
		<REQUEST>online_business_listing</REQUEST>
		<SUBREQUEST>SubscriptionRenewal</SUBREQUEST>
		<ILEC>Localeze</ILEC>
		<HEADERVER>1_0</HEADERVER>
		<FLOW>NOFLOW</FLOW>
		<REMARKS>localezeasync</REMARKS>		
		<STATUS>SubscriptionsError</STATUS>		
		<RESRAWINRESQUE>1</RESRAWINRESQUE>
		<CHANNELNAME>LOCALEZE</CHANNELNAME>
		<SVCTYP>NOSVCTYP</SVCTYP>
		<CUSTOMERID>PAT_TPE</CUSTOMERID>
	</TEST_CASE>
	<TEST_CASE name="LOCALEZE_SR_SUB_REQ">
		<EXECUTION>TRUE</EXECUTION>
		<HEADER>REQ_HEADER</HEADER>
		<BODY>LOCALEZE_SR_SUB_REQ_BODY</BODY>
		<ASRC>REQ_ASRC</ASRC>
		<REQUEST>online_business_listing</REQUEST>
		<SUBREQUEST>SubscriptionRenewal</SUBREQUEST>
		<ILEC>Localeze</ILEC>
		<HEADERVER>1_0</HEADERVER>
		<FLOW>NOFLOW</FLOW>
		<REMARKS>localezeasync</REMARKS>		
		<STATUS>SubscriptionsError</STATUS>		
		<RESRAWINRESQUE>1</RESRAWINRESQUE>
		<CHANNELNAME>LOCALEZE</CHANNELNAME>
		<SVCTYP>NOSVCTYP</SVCTYP>
		<CUSTOMERID>PAT_TPE</CUSTOMERID>
	</TEST_CASE>
	<TEST_CASE name="LOCALEZE_SR_ERROR_REQ">
		<EXECUTION>TRUE</EXECUTION>
		<HEADER>REQ_HEADER</HEADER>
		<BODY>LOCALEZE_SR_ERROR_REQ_BODY</BODY>
		<ASRC>REQ_ASRC</ASRC>
		<REQUEST>online_business_listing</REQUEST>
		<SUBREQUEST>SubscriptionRenewal</SUBREQUEST>
		<ILEC>Localeze</ILEC>
		<HEADERVER>1_0</HEADERVER>
		<FLOW>NOFLOW</FLOW>
		<REMARKS>localezeasync</REMARKS>		
		<STATUS>ErrorResponse</STATUS>		
		<RESRAWINRESQUE>0</RESRAWINRESQUE>
		<CHANNELNAME>LOCALEZE</CHANNELNAME>
		<SVCTYP>NOSVCTYP</SVCTYP>
		<CUSTOMERID>PAT_TPE</CUSTOMERID>
	</TEST_CASE>
	<TEST_CASE name="LOCALEZE_SR_REQ">
		<EXECUTION>TRUE</EXECUTION>
		<HEADER>REQ_HEADER</HEADER>
		<BODY>LOCALEZE_SR_REQ_BODY</BODY>
		<ASRC>REQ_ASRC</ASRC>
		<REQUEST>online_business_listing</REQUEST>
		<SUBREQUEST>SubscriptionRenewal</SUBREQUEST>
		<ILEC>Localeze</ILEC>
		<HEADERVER>1_0</HEADERVER>
		<FLOW>NOFLOW</FLOW>
		<REMARKS>localezeasync</REMARKS>		
		<STATUS>SubscriptionsSuccessfull</STATUS>		
		<RESRAWINRESQUE>0</RESRAWINRESQUE>
		<CHANNELNAME>LOCALEZE</CHANNELNAME>
		<SVCTYP>NOSVCTYP</SVCTYP>
		<CUSTOMERID>PAT_TPE</CUSTOMERID>
	</TEST_CASE>
	<TEST_CASE name="LOCALEZE_SR_SUB_REQ">
		<EXECUTION>TRUE</EXECUTION>
		<HEADER>REQ_HEADER</HEADER>
		<BODY>LOCALEZE_SR_SUB_REQ_BODY</BODY>
		<ASRC>REQ_ASRC</ASRC>
		<REQUEST>online_business_listing</REQUEST>
		<SUBREQUEST>SubscriptionRenewal</SUBREQUEST>
		<ILEC>Localeze</ILEC>
		<HEADERVER>1_0</HEADERVER>
		<FLOW>NOFLOW</FLOW>
		<REMARKS>localezeasync</REMARKS>		
		<STATUS>SubscriptionsError</STATUS>		
		<RESRAWINRESQUE>0</RESRAWINRESQUE>
		<CHANNELNAME>LOCALEZE</CHANNELNAME>
		<SVCTYP>NOSVCTYP</SVCTYP>
		<CUSTOMERID>PAT_TPE</CUSTOMERID>
	</TEST_CASE>
	<TEST_CASE name="LOCALEZE_SR_ERROR_REQ">
		<EXECUTION>TRUE</EXECUTION>
		<HEADER>REQ_HEADER</HEADER>
		<BODY>LOCALEZE_SR_ERROR_REQ_BODY</BODY>
		<ASRC>REQ_ASRC</ASRC>
		<REQUEST>online_business_listing</REQUEST>
		<SUBREQUEST>SubscriptionRenewal</SUBREQUEST>
		<ILEC>Localeze</ILEC>
		<HEADERVER>1_0</HEADERVER>
		<FLOW>NOFLOW</FLOW>
		<REMARKS>localezeasync</REMARKS>		
		<STATUS>ErrorResponse</STATUS>		
		<RESRAWINRESQUE>0</RESRAWINRESQUE>
		<CHANNELNAME>LOCALEZE</CHANNELNAME>
		<SVCTYP>NOSVCTYP</SVCTYP>
		<CUSTOMERID>PAT_TPE</CUSTOMERID>
	</TEST_CASE>
	<TEST_CASE name="LOCALEZE_TQ_REQ">
		<EXECUTION>TRUE</EXECUTION>
		<HEADER>REQ_HEADER</HEADER>
		<BODY>LOCALEZE_TQ_REQ_BODY</BODY>
		<ASRC>REQ_ASRC</ASRC>
		<REQUEST>online_business_listing</REQUEST>
		<SUBREQUEST>TaxonomyQuery</SUBREQUEST>
		<ILEC>Localeze</ILEC>
		<HEADERVER>1_0</HEADERVER>
		<FLOW>NOFLOW</FLOW>
		<REMARKS>localezeasync</REMARKS>		
		<STATUS>ErrorResponse</STATUS>		
		<RESRAWINRESQUE>1</RESRAWINRESQUE>
		<CHANNELNAME>LOCALEZE</CHANNELNAME>
		<SVCTYP>NOSVCTYP</SVCTYP>
		<CUSTOMERID>PAT_TPE</CUSTOMERID>
	</TEST_CASE>
	<TEST_CASE name="LOCALEZE_TQ_ERROR_REQ">
		<EXECUTION>TRUE</EXECUTION>
		<HEADER>REQ_HEADER</HEADER>
		<BODY>LOCALEZE_TQ_ERROR_BODY</BODY>
		<ASRC>REQ_ASRC</ASRC>
		<REQUEST>online_business_listing</REQUEST>
		<SUBREQUEST>TaxonomyQuery</SUBREQUEST>
		<ILEC>Localeze</ILEC>
		<HEADERVER>1_0</HEADERVER>
		<FLOW>NOFLOW</FLOW>
		<REMARKS>localezeasync</REMARKS>		
		<STATUS>ErrorResponseTQ</STATUS>		
		<RESRAWINRESQUE>0</RESRAWINRESQUE>
		<CHANNELNAME>LOCALEZE</CHANNELNAME>
		<SVCTYP>NOSVCTYP</SVCTYP>
		<CUSTOMERID>PAT_TPE</CUSTOMERID>
	</TEST_CASE>
	<TEST_CASE name="LOCALEZE_TQ_REQ">
		<EXECUTION>TRUE</EXECUTION>
		<HEADER>REQ_HEADER</HEADER>
		<BODY>LOCALEZE_TQ_REQ_BODY</BODY>
		<ASRC>REQ_ASRC</ASRC>
		<REQUEST>online_business_listing</REQUEST>
		<SUBREQUEST>TaxonomyQuery</SUBREQUEST>
		<ILEC>Localeze</ILEC>
		<HEADERVER>1_0</HEADERVER>
		<FLOW>NOFLOW</FLOW>
		<REMARKS>localezeasync</REMARKS>		
		<STATUS>TaxonomySuccessfull</STATUS>		
		<RESRAWINRESQUE>0</RESRAWINRESQUE>
		<CHANNELNAME>LOCALEZE</CHANNELNAME>
		<SVCTYP>NOSVCTYP</SVCTYP>
		<CUSTOMERID>PAT_TPE</CUSTOMERID>
	</TEST_CASE>
	<TEST_CASE name="LOCALEZE_TQ_ERROR_REQ">
		<EXECUTION>TRUE</EXECUTION>
		<HEADER>REQ_HEADER</HEADER>
		<BODY>LOCALEZE_TQ_ERROR_BODY</BODY>
		<ASRC>REQ_ASRC</ASRC>
		<REQUEST>online_business_listing</REQUEST>
		<SUBREQUEST>TaxonomyQuery</SUBREQUEST>
		<ILEC>Localeze</ILEC>
		<HEADERVER>1_0</HEADERVER>
		<FLOW>NOFLOW</FLOW>
		<REMARKS>localezeasync</REMARKS>		
		<STATUS>ErrorResponseTQ</STATUS>		
		<RESRAWINRESQUE>0</RESRAWINRESQUE>
		<CHANNELNAME>LOCALEZE</CHANNELNAME>
		<SVCTYP>NOSVCTYP</SVCTYP>
		<CUSTOMERID>PAT_TPE</CUSTOMERID>
	</TEST_CASE>
</LocaLeze>