<?xml version="1.0"?>
<Order>
	<TEST_CASE name="BHN_PROD_SIMPLE_NP">
		<EXECUTION>FALSE</EXECUTION>		
		<HEADER>REQ_HEADER</HEADER>
		<RESPONSEHEADER>RES_HEADER</RESPONSEHEADER>
		<BODY>BHN_PROD_SIMPLE_NP_ORDER_REQ_BODY</BODY>
		<ASRC>REQ_ASRC</ASRC>            
		<REQUEST>lsr_order</REQUEST>
		<RESPONSE>lsr_order_response</RESPONSE>
		<SUBREQUEST>simple_np</SUBREQUEST>
		<ILEC>BHN_PROD</ILEC>
		<HEADERVER>LSOG6</HEADERVER>		   
		<FLOW>SUPP1|SUPP2|SUPP3|Cancel</FLOW>
		<REMARKS>AckNegackRejectAcceptJeoSocPiaDsrcnDsredBcn:RecAckNegackRejectAcceptJeoSocPiaDsrcnDsredBcn</REMARKS>		
		<SUPP_REMARKS>SupprejectSuppAccept:RecSupprejectSuppAccept|SupprejectSuppAccept:RecSupprejectSuppAccept|SupprejectSuppAccept:RecSupprejectSuppAccept</SUPP_REMARKS>
		<STATUS>BCNSTATUS</STATUS>
		<SUPP_STATUS>SUPPACCEPTSTATUS|SUPPACCEPTSTATUS|SUPPACCEPTSTATUS</SUPP_STATUS>				
		<CCNA>BHN</CCNA>
		<RESPONSEFILE>ACK_RESPONSE_BODY:NEGACK_RESPONSE_BODY:FOCREJECT_RESPONSE_BODY:FOCACCEPT_RESPONSE_BODY:JEOPARDY_RESPONSE_BODY:SOC_RESPONSE_BODY:PIA_RESPONSE_BODY:BCN_RESPONSE_BODY:DSRCN_RESPONSE_BODY:DSRED_RESPONSE_BODY</RESPONSEFILE>
		<SUPPRESPONSEFILE>SUPPREJECT_RESPONSE_BODY:SUPPACCEPT_RESPONSE_BODY|SUPPREJECT_RESPONSE_BODY:SUPPACCEPT_RESPONSE_BODY|SUPPREJECT_RESPONSE_BODY:SUPPACCEPT_RESPONSE_BODY</SUPPRESPONSEFILE>
		<CUSTOMER>PAT_BHN|BHN_PROD</CUSTOMER>
		<RESRAWINRESQUE>32</RESRAWINRESQUE>
		<CHANNELNAME>BHNLSR</CHANNELNAME>		
		<SVCTYP>simple_np</SVCTYP>
		<ESRGENERATION>FALSE</ESRGENERATION>
	</TEST_CASE>
	<TEST_CASE name="BHN_PROD_NP_ORDER">
		<EXECUTION>FALSE</EXECUTION>		
		<HEADER>REQ_HEADER</HEADER>
		<RESPONSEHEADER>RES_HEADER</RESPONSEHEADER>
		<BODY>BHN_PROD_NP_ORDER_REQ_BODY</BODY>
		<ASRC>REQ_ASRC</ASRC>            
		<REQUEST>lsr_order</REQUEST>
		<RESPONSE>lsr_order_response</RESPONSE>
		<SUBREQUEST>np_order</SUBREQUEST>
		<ILEC>BHN_PROD</ILEC>
		<HEADERVER>LSOG6</HEADERVER>		   
		<FLOW>SUPP1|SUPP2|SUPP3|Cancel</FLOW>
		<REMARKS>AckNegackRejectAcceptJeoSocPiaDsrcnDsredBcn:RecAckNegackRejectAcceptJeoSocPiaDsrcnDsredBcn</REMARKS>		
		<SUPP_REMARKS>SupprejectSuppAccept:RecSupprejectSuppAccept|SupprejectSuppAccept:RecSupprejectSuppAccept|SupprejectSuppAccept:RecSupprejectSuppAccept</SUPP_REMARKS>
		<STATUS>BCNSTATUS</STATUS>
		<SUPP_STATUS>SUPPACCEPTSTATUS|SUPPACCEPTSTATUS|SUPPACCEPTSTATUS</SUPP_STATUS>				
		<CCNA>BHN</CCNA>
		<RESPONSEFILE>ACK_RESPONSE_BODY:NEGACK_RESPONSE_BODY:FOCREJECT_RESPONSE_BODY:FOCACCEPT_RESPONSE_BODY:JEOPARDY_RESPONSE_BODY:SOC_RESPONSE_BODY:PIA_RESPONSE_BODY:BCN_RESPONSE_BODY:DSRCN_RESPONSE_BODY:DSRED_RESPONSE_BODY</RESPONSEFILE>
		<SUPPRESPONSEFILE>SUPPREJECT_RESPONSE_BODY:SUPPACCEPT_RESPONSE_BODY|SUPPREJECT_RESPONSE_BODY:SUPPACCEPT_RESPONSE_BODY|SUPPREJECT_RESPONSE_BODY:SUPPACCEPT_RESPONSE_BODY</SUPPRESPONSEFILE>
		<CUSTOMER>PAT_BHN|BHN_PROD</CUSTOMER>
		<RESRAWINRESQUE>32</RESRAWINRESQUE>
		<CHANNELNAME>BHNLSR</CHANNELNAME>		
		<SVCTYP>NP</SVCTYP>
		<ESRGENERATION>FALSE</ESRGENERATION>
	</TEST_CASE>
	<TEST_CASE name="WOW_SIMPLE_NP">
		<EXECUTION>FALSE</EXECUTION>		
		<HEADER>REQ_HEADER</HEADER>
		<RESPONSEHEADER>RES_HEADER</RESPONSEHEADER>
		<BODY>WOW_SIMPLE_NP_ORDER_REQ_BODY</BODY>
		<ASRC>REQ_ASRC</ASRC>            
		<REQUEST>lsr_order</REQUEST>
		<RESPONSE>lsr_order_response</RESPONSE>
		<SUBREQUEST>simple_np</SUBREQUEST>
		<ILEC>WOW</ILEC>
		<HEADERVER>LSOG6</HEADERVER>		   
		<FLOW>SUPP1|SUPP2|SUPP3|Cancel</FLOW>
		<REMARKS>AckNegackRejectAcceptJeoSocPiaDsrcnDsredBcn:RecAckNegackRejectAcceptJeoSocPiaDsrcnDsredBcn</REMARKS>		
		<SUPP_REMARKS>SupprejectSuppAccept:RecSupprejectSuppAccept|SupprejectSuppAccept:RecSupprejectSuppAccept|SupprejectSuppAccept:RecSupprejectSuppAccept</SUPP_REMARKS>
		<STATUS>BCNSTATUS</STATUS>
		<SUPP_STATUS>SUPPACCEPTSTATUS|SUPPACCEPTSTATUS|SUPPACCEPTSTATUS</SUPP_STATUS>				
		<CCNA>KNC</CCNA>
		<RESPONSEFILE>ACK_RESPONSE_BODY:NEGACK_RESPONSE_BODY:FOCREJECT_RESPONSE_BODY:FOCACCEPT_RESPONSE_BODY:JEOPARDY_RESPONSE_BODY:SOC_RESPONSE_BODY:PIA_RESPONSE_BODY:BCN_RESPONSE_BODY:DSRCN_RESPONSE_BODY:DSRED_RESPONSE_BODY</RESPONSEFILE>
		<SUPPRESPONSEFILE>SUPPREJECT_RESPONSE_BODY:SUPPACCEPT_RESPONSE_BODY|SUPPREJECT_RESPONSE_BODY:SUPPACCEPT_RESPONSE_BODY|SUPPREJECT_RESPONSE_BODY:SUPPACCEPT_RESPONSE_BODY</SUPPRESPONSEFILE>
		<CUSTOMER>PAT_WOW|WOW</CUSTOMER>
		<RESRAWINRESQUE>16</RESRAWINRESQUE>
		<CHANNELNAME>WOWLSR</CHANNELNAME>		
		<SVCTYP>simple_np</SVCTYP>
		<ESRGENERATION>FALSE</ESRGENERATION>
	</TEST_CASE>
	<TEST_CASE name="WOW_NP_ORDER">
		<EXECUTION>FALSE</EXECUTION>		
		<HEADER>REQ_HEADER</HEADER>
		<RESPONSEHEADER>RES_HEADER</RESPONSEHEADER>
		<BODY>WOW_NP_ORDER_REQ_BODY</BODY>
		<ASRC>REQ_ASRC</ASRC>            
		<REQUEST>lsr_order</REQUEST>
		<RESPONSE>lsr_order_response</RESPONSE>
		<SUBREQUEST>np_order</SUBREQUEST>
		<ILEC>WOW</ILEC>
		<HEADERVER>LSOG6</HEADERVER>		   
		<FLOW>SUPP1|SUPP2|SUPP3|Cancel</FLOW>
		<REMARKS>AckNegackRejectAcceptJeoSocPiaDsrcnDsredBcn:RecAckNegackRejectAcceptJeoSocPiaDsrcnDsredBcn</REMARKS>		
		<SUPP_REMARKS>SupprejectSuppAccept:RecSupprejectSuppAccept|SupprejectSuppAccept:RecSupprejectSuppAccept|SupprejectSuppAccept:RecSupprejectSuppAccept</SUPP_REMARKS>
		<STATUS>BCNSTATUS</STATUS>
		<SUPP_STATUS>SUPPACCEPTSTATUS|SUPPACCEPTSTATUS|SUPPACCEPTSTATUS</SUPP_STATUS>				
		<CCNA>KNC</CCNA>
		<RESPONSEFILE>ACK_RESPONSE_BODY:NEGACK_RESPONSE_BODY:FOCREJECT_RESPONSE_BODY:FOCACCEPT_RESPONSE_BODY:JEOPARDY_RESPONSE_BODY:SOC_RESPONSE_BODY:PIA_RESPONSE_BODY:BCN_RESPONSE_BODY:DSRCN_RESPONSE_BODY:DSRED_RESPONSE_BODY</RESPONSEFILE>
		<SUPPRESPONSEFILE>SUPPREJECT_RESPONSE_BODY:SUPPACCEPT_RESPONSE_BODY|SUPPREJECT_RESPONSE_BODY:SUPPACCEPT_RESPONSE_BODY|SUPPREJECT_RESPONSE_BODY:SUPPACCEPT_RESPONSE_BODY</SUPPRESPONSEFILE>
		<CUSTOMER>PAT_WOW|WOW</CUSTOMER>
		<RESRAWINRESQUE>16</RESRAWINRESQUE>
		<CHANNELNAME>WOWLSR</CHANNELNAME>		
		<SVCTYP>NP</SVCTYP>
		<ESRGENERATION>FALSE</ESRGENERATION>
	</TEST_CASE>
	<TEST_CASE name="PEERLESS_SIMPLE_NP">
		<EXECUTION>FALSE</EXECUTION>		
		<HEADER>REQ_HEADER</HEADER>
		<RESPONSEHEADER>RES_HEADER</RESPONSEHEADER>
		<BODY>PEERLESS_SIMPLE_NP_ORDER_REQ_BODY</BODY>
		<ASRC>REQ_ASRC</ASRC>            
		<REQUEST>lsr_order</REQUEST>
		<RESPONSE>lsr_order_response</RESPONSE>
		<SUBREQUEST>simple_np</SUBREQUEST>
		<ILEC>PEERLESS</ILEC>
		<HEADERVER>LSOG6</HEADERVER>		   
		<FLOW>SUPP1|SUPP2|SUPP3|Cancel</FLOW>
		<REMARKS>AckNegackRejectAcceptJeoSocPiaDsrcnDsredBcn:RecAckNegackRejectAcceptJeoSocPiaDsrcnDsredBcn</REMARKS>		
		<SUPP_REMARKS>SupprejectSuppAccept:RecSupprejectSuppAccept|SupprejectSuppAccept:RecSupprejectSuppAccept|SupprejectSuppAccept:RecSupprejectSuppAccept</SUPP_REMARKS>
		<STATUS>BCNSTATUS</STATUS>
		<SUPP_STATUS>SUPPACCEPTSTATUS|SUPPACCEPTSTATUS|SUPPACCEPTSTATUS</SUPP_STATUS>				
		<CCNA>PEE</CCNA>
		<RESPONSEFILE>ACK_RESPONSE_BODY:NEGACK_RESPONSE_BODY:FOCREJECT_RESPONSE_BODY:FOCACCEPT_RESPONSE_BODY:JEOPARDY_RESPONSE_BODY:SOC_RESPONSE_BODY:PIA_RESPONSE_BODY:BCN_RESPONSE_BODY:DSRCN_RESPONSE_BODY:DSRED_RESPONSE_BODY</RESPONSEFILE>
		<SUPPRESPONSEFILE>SUPPREJECT_RESPONSE_BODY:SUPPACCEPT_RESPONSE_BODY|SUPPREJECT_RESPONSE_BODY:SUPPACCEPT_RESPONSE_BODY|SUPPREJECT_RESPONSE_BODY:SUPPACCEPT_RESPONSE_BODY</SUPPRESPONSEFILE>
		<CUSTOMER>PEER_TEST|PEERLESS</CUSTOMER>
		<RESRAWINRESQUE>16</RESRAWINRESQUE>
		<CHANNELNAME>PEERLESSLSR</CHANNELNAME>		
		<SVCTYP>simple_np</SVCTYP>
		<ESRGENERATION>FALSE</ESRGENERATION>
	</TEST_CASE>
	<TEST_CASE name="PEERLESS_NP_ORDER">
		<EXECUTION>FALSE</EXECUTION>		
		<HEADER>REQ_HEADER</HEADER>
		<RESPONSEHEADER>RES_HEADER</RESPONSEHEADER>
		<BODY>PEERLESS_NP_ORDER_REQ_BODY</BODY>
		<ASRC>REQ_ASRC</ASRC>            
		<REQUEST>lsr_order</REQUEST>
		<RESPONSE>lsr_order_response</RESPONSE>
		<SUBREQUEST>np_order</SUBREQUEST>
		<ILEC>PEERLESS</ILEC>
		<HEADERVER>LSOG6</HEADERVER>		   
		<FLOW>SUPP1|SUPP2|SUPP3|Cancel</FLOW>
		<REMARKS>AckNegackRejectAcceptJeoSocPiaDsrcnDsredBcn:RecAckNegackRejectAcceptJeoSocPiaDsrcnDsredBcn</REMARKS>		
		<SUPP_REMARKS>SupprejectSuppAccept:RecSupprejectSuppAccept|SupprejectSuppAccept:RecSupprejectSuppAccept|SupprejectSuppAccept:RecSupprejectSuppAccept</SUPP_REMARKS>
		<STATUS>BCNSTATUS</STATUS>
		<SUPP_STATUS>SUPPACCEPTSTATUS|SUPPACCEPTSTATUS|SUPPACCEPTSTATUS</SUPP_STATUS>				
		<CCNA>PEE</CCNA>
		<RESPONSEFILE>ACK_RESPONSE_BODY:NEGACK_RESPONSE_BODY:FOCREJECT_RESPONSE_BODY:FOCACCEPT_RESPONSE_BODY:JEOPARDY_RESPONSE_BODY:SOC_RESPONSE_BODY:PIA_RESPONSE_BODY:BCN_RESPONSE_BODY:DSRCN_RESPONSE_BODY:DSRED_RESPONSE_BODY</RESPONSEFILE>
		<SUPPRESPONSEFILE>SUPPREJECT_RESPONSE_BODY:SUPPACCEPT_RESPONSE_BODY|SUPPREJECT_RESPONSE_BODY:SUPPACCEPT_RESPONSE_BODY|SUPPREJECT_RESPONSE_BODY:SUPPACCEPT_RESPONSE_BODY</SUPPRESPONSEFILE>
		<CUSTOMER>PEER_TEST|PEERLESS</CUSTOMER>
		<RESRAWINRESQUE>16</RESRAWINRESQUE>
		<CHANNELNAME>PEERLESSLSR</CHANNELNAME>		
		<SVCTYP>NP</SVCTYP>
		<ESRGENERATION>FALSE</ESRGENERATION>
	</TEST_CASE>
	<TEST_CASE name="RCN_RECV_SIMPLE_NP">
		<EXECUTION>FALSE</EXECUTION>		
		<HEADER>REQ_HEADER</HEADER>
		<RESPONSEHEADER>RES_HEADER</RESPONSEHEADER>
		<BODY>RCN_RECV_SIMPLE_NP_ORDER_REQ_BODY</BODY>
		<ASRC>REQ_ASRC</ASRC>            
		<REQUEST>lsr_order</REQUEST>
		<RESPONSE>lsr_order_response</RESPONSE>
		<SUBREQUEST>simple_np</SUBREQUEST>
		<ILEC>RCN_RECV</ILEC>
		<HEADERVER>LSOG6</HEADERVER>		   
		<FLOW>SUPP1|SUPP2|SUPP3|Cancel</FLOW>
		<REMARKS>AckNegackRejectAcceptJeoSocPiaDsrcnDsredBcn:RecAckNegackRejectAcceptJeoSocPiaDsrcnDsredBcn</REMARKS>		
		<SUPP_REMARKS>SupprejectSuppAccept:RecSupprejectSuppAccept|SupprejectSuppAccept:RecSupprejectSuppAccept|SupprejectSuppAccept:RecSupprejectSuppAccept</SUPP_REMARKS>
		<STATUS>BCNSTATUS</STATUS>
		<SUPP_STATUS>SUPPACCEPTSTATUS|SUPPACCEPTSTATUS|SUPPACCEPTSTATUS</SUPP_STATUS>				
		<CCNA>RCN</CCNA>
		<RESPONSEFILE>ACK_RESPONSE_BODY:NEGACK_RESPONSE_BODY:FOCREJECT_RESPONSE_BODY:FOCACCEPT_RESPONSE_BODY:JEOPARDY_RESPONSE_BODY:SOC_RESPONSE_BODY:PIA_RESPONSE_BODY:BCN_RESPONSE_BODY:DSRCN_RESPONSE_BODY:DSRED_RESPONSE_BODY</RESPONSEFILE>
		<SUPPRESPONSEFILE>SUPPREJECT_RESPONSE_BODY:SUPPACCEPT_RESPONSE_BODY|SUPPREJECT_RESPONSE_BODY:SUPPACCEPT_RESPONSE_BODY|SUPPREJECT_RESPONSE_BODY:SUPPACCEPT_RESPONSE_BODY</SUPPRESPONSEFILE>
		<CUSTOMER>RCN_RCV|RCN_RECV</CUSTOMER>
		<RESRAWINRESQUE>16</RESRAWINRESQUE>
		<CHANNELNAME>RCNLSR</CHANNELNAME>		
		<SVCTYP>simple_np</SVCTYP>
		<ESRGENERATION>FALSE</ESRGENERATION>
	</TEST_CASE>
	<TEST_CASE name="RCN_RECV_NP_ORDER">
		<EXECUTION>FALSE</EXECUTION>		
		<HEADER>REQ_HEADER</HEADER>
		<RESPONSEHEADER>RES_HEADER</RESPONSEHEADER>
		<BODY>RCN_RECV_NP_ORDER_REQ_BODY</BODY>
		<ASRC>REQ_ASRC</ASRC>            
		<REQUEST>lsr_order</REQUEST>
		<RESPONSE>lsr_order_response</RESPONSE>
		<SUBREQUEST>np_order</SUBREQUEST>
		<ILEC>RCN_RECV</ILEC>
		<HEADERVER>LSOG6</HEADERVER>		   
		<FLOW>SUPP1|SUPP2|SUPP3|Cancel</FLOW>
		<REMARKS>AckNegackRejectAcceptJeoSocPiaDsrcnDsredBcn:RecAckNegackRejectAcceptJeoSocPiaDsrcnDsredBcn</REMARKS>		
		<SUPP_REMARKS>SupprejectSuppAccept:RecSupprejectSuppAccept|SupprejectSuppAccept:RecSupprejectSuppAccept|SupprejectSuppAccept:RecSupprejectSuppAccept</SUPP_REMARKS>
		<STATUS>BCNSTATUS</STATUS>
		<SUPP_STATUS>SUPPACCEPTSTATUS|SUPPACCEPTSTATUS|SUPPACCEPTSTATUS</SUPP_STATUS>				
		<CCNA>RCN</CCNA>
		<RESPONSEFILE>ACK_RESPONSE_BODY:NEGACK_RESPONSE_BODY:FOCREJECT_RESPONSE_BODY:FOCACCEPT_RESPONSE_BODY:JEOPARDY_RESPONSE_BODY:SOC_RESPONSE_BODY:PIA_RESPONSE_BODY:BCN_RESPONSE_BODY:DSRCN_RESPONSE_BODY:DSRED_RESPONSE_BODY</RESPONSEFILE>
		<SUPPRESPONSEFILE>SUPPREJECT_RESPONSE_BODY:SUPPACCEPT_RESPONSE_BODY|SUPPREJECT_RESPONSE_BODY:SUPPACCEPT_RESPONSE_BODY|SUPPREJECT_RESPONSE_BODY:SUPPACCEPT_RESPONSE_BODY</SUPPRESPONSEFILE>
		<CUSTOMER>RCN_RCV|RCN_RECV</CUSTOMER>
		<RESRAWINRESQUE>16</RESRAWINRESQUE>
		<CHANNELNAME>RCNLSR</CHANNELNAME>	
		<SVCTYP>NP</SVCTYP>
		<ESRGENERATION>FALSE</ESRGENERATION>
	</TEST_CASE>
	<TEST_CASE name="YMAX_PROD_SIMPLE_NP">
		<EXECUTION>FALSE</EXECUTION>		
		<HEADER>REQ_HEADER</HEADER>
		<RESPONSEHEADER>RES_HEADER</RESPONSEHEADER>
		<BODY>YMAX_PROD_SIMPLE_NP_ORDER_REQ_BODY</BODY>
		<ASRC>REQ_ASRC</ASRC>            
		<REQUEST>lsr_order</REQUEST>
		<RESPONSE>lsr_order_response</RESPONSE>
		<SUBREQUEST>simple_np</SUBREQUEST>
		<ILEC>YMAX_PROD</ILEC>
		<HEADERVER>LSOG6</HEADERVER>		   
		<FLOW>SUPP1|SUPP2|SUPP3|Cancel</FLOW>
		<REMARKS>AckNegackRejectAcceptJeoSocPiaDsrcnDsredBcn:RecAckNegackRejectAcceptJeoSocPiaDsrcnDsredBcn</REMARKS>		
		<SUPP_REMARKS>SupprejectSuppAccept:RecSupprejectSuppAccept|SupprejectSuppAccept:RecSupprejectSuppAccept|SupprejectSuppAccept:RecSupprejectSuppAccept</SUPP_REMARKS>
		<STATUS>BCNSTATUS</STATUS>
		<SUPP_STATUS>SUPPACCEPTSTATUS|SUPPACCEPTSTATUS|SUPPACCEPTSTATUS</SUPP_STATUS>				
		<CCNA>YMX</CCNA>
		<RESPONSEFILE>ACK_RESPONSE_BODY:NEGACK_RESPONSE_BODY:FOCREJECT_RESPONSE_BODY:FOCACCEPT_RESPONSE_BODY:JEOPARDY_RESPONSE_BODY:SOC_RESPONSE_BODY:PIA_RESPONSE_BODY:BCN_RESPONSE_BODY:DSRCN_RESPONSE_BODY:DSRED_RESPONSE_BODY</RESPONSEFILE>
		<SUPPRESPONSEFILE>SUPPREJECT_RESPONSE_BODY:SUPPACCEPT_RESPONSE_BODY|SUPPREJECT_RESPONSE_BODY:SUPPACCEPT_RESPONSE_BODY|SUPPREJECT_RESPONSE_BODY:SUPPACCEPT_RESPONSE_BODY</SUPPRESPONSEFILE>
		<CUSTOMER>PAT_YMAX|YMAX_PROD</CUSTOMER>
		<RESRAWINRESQUE>16</RESRAWINRESQUE>
		<CHANNELNAME>YMAXLSR</CHANNELNAME>		
		<SVCTYP>simple_np</SVCTYP>
		<ESRGENERATION>FALSE</ESRGENERATION>
	</TEST_CASE>
	<TEST_CASE name="YMAX_PROD_NP_ORDER">
		<EXECUTION>FALSE</EXECUTION>		
		<HEADER>REQ_HEADER</HEADER>
		<RESPONSEHEADER>RES_HEADER</RESPONSEHEADER>
		<BODY>YMAX_PROD_NP_ORDER_REQ_BODY</BODY>
		<ASRC>REQ_ASRC</ASRC>            
		<REQUEST>lsr_order</REQUEST>
		<RESPONSE>lsr_order_response</RESPONSE>
		<SUBREQUEST>np_order</SUBREQUEST>
		<ILEC>YMAX_PROD</ILEC>
		<HEADERVER>LSOG6</HEADERVER>		   
		<FLOW>SUPP1|SUPP2|SUPP3|Cancel</FLOW>
		<REMARKS>AckNegackRejectAcceptJeoSocPiaDsrcnDsredBcn:RecAckNegackRejectAcceptJeoSocPiaDsrcnDsredBcn</REMARKS>		
		<SUPP_REMARKS>SupprejectSuppAccept:RecSupprejectSuppAccept|SupprejectSuppAccept:RecSupprejectSuppAccept|SupprejectSuppAccept:RecSupprejectSuppAccept</SUPP_REMARKS>
		<STATUS>BCNSTATUS</STATUS>
		<SUPP_STATUS>SUPPACCEPTSTATUS|SUPPACCEPTSTATUS|SUPPACCEPTSTATUS</SUPP_STATUS>				
		<CCNA>YMX</CCNA>
		<RESPONSEFILE>ACK_RESPONSE_BODY:NEGACK_RESPONSE_BODY:FOCREJECT_RESPONSE_BODY:FOCACCEPT_RESPONSE_BODY:JEOPARDY_RESPONSE_BODY:SOC_RESPONSE_BODY:PIA_RESPONSE_BODY:BCN_RESPONSE_BODY:DSRCN_RESPONSE_BODY:DSRED_RESPONSE_BODY</RESPONSEFILE>
		<SUPPRESPONSEFILE>SUPPREJECT_RESPONSE_BODY:SUPPACCEPT_RESPONSE_BODY|SUPPREJECT_RESPONSE_BODY:SUPPACCEPT_RESPONSE_BODY|SUPPREJECT_RESPONSE_BODY:SUPPACCEPT_RESPONSE_BODY</SUPPRESPONSEFILE>
		<CUSTOMER>PAT_YMAX|YMAX_PROD</CUSTOMER>
		<RESRAWINRESQUE>16</RESRAWINRESQUE>
		<CHANNELNAME>YMAXLSR</CHANNELNAME>	
		<SVCTYP>NP</SVCTYP>
		<ESRGENERATION>FALSE</ESRGENERATION>
	</TEST_CASE>
	<TEST_CASE name="QWESTCLEC_SIMPLE_NP">
		<EXECUTION>FALSE</EXECUTION>		
		<HEADER>REQ_HEADER</HEADER>
		<RESPONSEHEADER>RES_HEADER</RESPONSEHEADER>
		<BODY>QWESTCLEC_SIMPLE_NP_ORDER_REQ_BODY</BODY>
		<ASRC>REQ_ASRC</ASRC>            
		<REQUEST>lsr_order</REQUEST>
		<RESPONSE>lsr_order_response</RESPONSE>
		<SUBREQUEST>simple_np</SUBREQUEST>
		<ILEC>QWESTCLEC</ILEC>
		<HEADERVER>LSOG6</HEADERVER>		   
		<FLOW>SUPP1|SUPP2|SUPP3|Cancel</FLOW>
		<REMARKS>AckNegackRejectAcceptJeoSocPiaDsrcnDsredBcn:RecAckNegackRejectAcceptJeoSocPiaDsrcnDsredBcn</REMARKS>		
		<SUPP_REMARKS>SupprejectSuppAccept:RecSupprejectSuppAccept|SupprejectSuppAccept:RecSupprejectSuppAccept|SupprejectSuppAccept:RecSupprejectSuppAccept</SUPP_REMARKS>
		<STATUS>BCNSTATUS</STATUS>
		<SUPP_STATUS>SUPPACCEPTSTATUS|SUPPACCEPTSTATUS|SUPPACCEPTSTATUS</SUPP_STATUS>				
		<CCNA>QWE</CCNA>
		<RESPONSEFILE>ACK_RESPONSE_BODY:NEGACK_RESPONSE_BODY:FOCREJECT_RESPONSE_BODY:FOCACCEPT_RESPONSE_BODY:JEOPARDY_RESPONSE_BODY:SOC_RESPONSE_BODY:PIA_RESPONSE_BODY:BCN_RESPONSE_BODY:DSRCN_RESPONSE_BODY:DSRED_RESPONSE_BODY</RESPONSEFILE>
		<SUPPRESPONSEFILE>SUPPREJECT_RESPONSE_BODY:SUPPACCEPT_RESPONSE_BODY|SUPPREJECT_RESPONSE_BODY:SUPPACCEPT_RESPONSE_BODY|SUPPREJECT_RESPONSE_BODY:SUPPACCEPT_RESPONSE_BODY</SUPPRESPONSEFILE>
		<CUSTOMER>QWEST_RCV|QWESTCLEC</CUSTOMER>
		<RESRAWINRESQUE>16</RESRAWINRESQUE>
		<CHANNELNAME>QWESTCLECLSR</CHANNELNAME>		
		<SVCTYP>simple_np</SVCTYP>
		<ESRGENERATION>FALSE</ESRGENERATION>
	</TEST_CASE>
	<TEST_CASE name="QWESTCLEC_NP_ORDER">
		<EXECUTION>FALSE</EXECUTION>		
		<HEADER>REQ_HEADER</HEADER>
		<RESPONSEHEADER>RES_HEADER</RESPONSEHEADER>
		<BODY>QWESTCLEC_NP_ORDER_REQ_BODY</BODY>
		<ASRC>REQ_ASRC</ASRC>            
		<REQUEST>lsr_order</REQUEST>
		<RESPONSE>lsr_order_response</RESPONSE>
		<SUBREQUEST>np_order</SUBREQUEST>
		<ILEC>QWESTCLEC</ILEC>
		<HEADERVER>LSOG6</HEADERVER>		   
		<FLOW>SUPP1|SUPP2|SUPP3|Cancel</FLOW>
		<REMARKS>AckNegackRejectAcceptJeoSocPiaDsrcnDsredBcn:RecAckNegackRejectAcceptJeoSocPiaDsrcnDsredBcn</REMARKS>		
		<SUPP_REMARKS>SupprejectSuppAccept:RecSupprejectSuppAccept|SupprejectSuppAccept:RecSupprejectSuppAccept|SupprejectSuppAccept:RecSupprejectSuppAccept</SUPP_REMARKS>
		<STATUS>BCNSTATUS</STATUS>
		<SUPP_STATUS>SUPPACCEPTSTATUS|SUPPACCEPTSTATUS|SUPPACCEPTSTATUS</SUPP_STATUS>				
		<CCNA>QWE</CCNA>
		<RESPONSEFILE>ACK_RESPONSE_BODY:NEGACK_RESPONSE_BODY:FOCREJECT_RESPONSE_BODY:FOCACCEPT_RESPONSE_BODY:JEOPARDY_RESPONSE_BODY:SOC_RESPONSE_BODY:PIA_RESPONSE_BODY:BCN_RESPONSE_BODY:DSRCN_RESPONSE_BODY:DSRED_RESPONSE_BODY</RESPONSEFILE>
		<SUPPRESPONSEFILE>SUPPREJECT_RESPONSE_BODY:SUPPACCEPT_RESPONSE_BODY|SUPPREJECT_RESPONSE_BODY:SUPPACCEPT_RESPONSE_BODY|SUPPREJECT_RESPONSE_BODY:SUPPACCEPT_RESPONSE_BODY</SUPPRESPONSEFILE>
		<CUSTOMER>QWEST_RCV|QWESTCLEC</CUSTOMER>
		<RESRAWINRESQUE>16</RESRAWINRESQUE>
		<CHANNELNAME>QWESTCLECLSR</CHANNELNAME>	
		<SVCTYP>NP</SVCTYP>
		<ESRGENERATION>FALSE</ESRGENERATION>
	</TEST_CASE>
	<TEST_CASE name="EPB_COMM_SIMPLE_NP">
		<EXECUTION>FALSE</EXECUTION>		
		<HEADER>REQ_HEADER</HEADER>
		<RESPONSEHEADER>RES_HEADER</RESPONSEHEADER>
		<BODY>EPB_COMM_SIMPLE_NP_ORDER_REQ_BODY</BODY>
		<ASRC>REQ_ASRC</ASRC>            
		<REQUEST>lsr_order</REQUEST>
		<RESPONSE>lsr_order_response</RESPONSE>
		<SUBREQUEST>simple_np</SUBREQUEST>
		<ILEC>EPB_COMM</ILEC>
		<HEADERVER>LSOG6</HEADERVER>		   
		<FLOW>SUPP1|SUPP2|SUPP3|Cancel</FLOW>
		<REMARKS>AckNegackRejectAcceptJeoSocPiaDsrcnDsredBcn:RecAckNegackRejectAcceptJeoSocPiaDsrcnDsredBcn</REMARKS>		
		<SUPP_REMARKS>SupprejectSuppAccept:RecSupprejectSuppAccept|SupprejectSuppAccept:RecSupprejectSuppAccept|SupprejectSuppAccept:RecSupprejectSuppAccept</SUPP_REMARKS>
		<STATUS>BCNSTATUS</STATUS>
		<SUPP_STATUS>SUPPACCEPTSTATUS|SUPPACCEPTSTATUS|SUPPACCEPTSTATUS</SUPP_STATUS>				
		<CCNA>EPB</CCNA>
		<RESPONSEFILE>ACK_RESPONSE_BODY:NEGACK_RESPONSE_BODY:FOCREJECT_RESPONSE_BODY:FOCACCEPT_RESPONSE_BODY:JEOPARDY_RESPONSE_BODY:SOC_RESPONSE_BODY:PIA_RESPONSE_BODY:BCN_RESPONSE_BODY:DSRCN_RESPONSE_BODY:DSRED_RESPONSE_BODY</RESPONSEFILE>
		<SUPPRESPONSEFILE>SUPPREJECT_RESPONSE_BODY:SUPPACCEPT_RESPONSE_BODY|SUPPREJECT_RESPONSE_BODY:SUPPACCEPT_RESPONSE_BODY|SUPPREJECT_RESPONSE_BODY:SUPPACCEPT_RESPONSE_BODY</SUPPRESPONSEFILE>
		<CUSTOMER>EPB_RCV|EPB_COMM</CUSTOMER>
		<RESRAWINRESQUE>16</RESRAWINRESQUE>
		<CHANNELNAME>EPBLSR</CHANNELNAME>		
		<SVCTYP>simple_np</SVCTYP>
		<ESRGENERATION>FALSE</ESRGENERATION>
	</TEST_CASE>
	<TEST_CASE name="EPB_COMM_NP_ORDER">
		<EXECUTION>FALSE</EXECUTION>		
		<HEADER>REQ_HEADER</HEADER>
		<RESPONSEHEADER>RES_HEADER</RESPONSEHEADER>
		<BODY>EPB_COMM_NP_ORDER_REQ_BODY</BODY>
		<ASRC>REQ_ASRC</ASRC>            
		<REQUEST>lsr_order</REQUEST>
		<RESPONSE>lsr_order_response</RESPONSE>
		<SUBREQUEST>np_order</SUBREQUEST>
		<ILEC>EPB_COMM</ILEC>
		<HEADERVER>LSOG6</HEADERVER>		   
		<FLOW>SUPP1|SUPP2|SUPP3|Cancel</FLOW>
		<REMARKS>AckNegackRejectAcceptJeoSocPiaDsrcnDsredBcn:RecAckNegackRejectAcceptJeoSocPiaDsrcnDsredBcn</REMARKS>		
		<SUPP_REMARKS>SupprejectSuppAccept:RecSupprejectSuppAccept|SupprejectSuppAccept:RecSupprejectSuppAccept|SupprejectSuppAccept:RecSupprejectSuppAccept</SUPP_REMARKS>
		<STATUS>BCNSTATUS</STATUS>
		<SUPP_STATUS>SUPPACCEPTSTATUS|SUPPACCEPTSTATUS|SUPPACCEPTSTATUS</SUPP_STATUS>				
		<CCNA>EPB</CCNA>
		<RESPONSEFILE>ACK_RESPONSE_BODY:NEGACK_RESPONSE_BODY:FOCREJECT_RESPONSE_BODY:FOCACCEPT_RESPONSE_BODY:JEOPARDY_RESPONSE_BODY:SOC_RESPONSE_BODY:PIA_RESPONSE_BODY:BCN_RESPONSE_BODY:DSRCN_RESPONSE_BODY:DSRED_RESPONSE_BODY</RESPONSEFILE>
		<SUPPRESPONSEFILE>SUPPREJECT_RESPONSE_BODY:SUPPACCEPT_RESPONSE_BODY|SUPPREJECT_RESPONSE_BODY:SUPPACCEPT_RESPONSE_BODY|SUPPREJECT_RESPONSE_BODY:SUPPACCEPT_RESPONSE_BODY</SUPPRESPONSEFILE>
		<CUSTOMER>EPB_RCV|EPB_COMM</CUSTOMER>
		<RESRAWINRESQUE>16</RESRAWINRESQUE>
		<CHANNELNAME>EPBLSR</CHANNELNAME>	
		<SVCTYP>NP</SVCTYP>
		<ESRGENERATION>FALSE</ESRGENERATION>
	</TEST_CASE>
	<TEST_CASE name="MCC_COMM_SIMPLE_NP">
		<EXECUTION>FALSE</EXECUTION>		
		<HEADER>REQ_HEADER</HEADER>
		<RESPONSEHEADER>RES_HEADER</RESPONSEHEADER>
		<BODY>MCC_COMM_SIMPLE_NP_ORDER_REQ_BODY</BODY>
		<ASRC>REQ_ASRC</ASRC>            
		<REQUEST>lsr_order</REQUEST>
		<RESPONSE>lsr_order_response</RESPONSE>
		<SUBREQUEST>simple_np</SUBREQUEST>
		<ILEC>MCC_COMM</ILEC>
		<HEADERVER>LSOG6</HEADERVER>		   
		<FLOW>SUPP1|SUPP2|SUPP3|Cancel</FLOW>
		<REMARKS>AckNegackRejectAcceptJeoSocPiaDsrcnDsredBcn:RecAckNegackRejectAcceptJeoSocPiaDsrcnDsredBcn</REMARKS>		
		<SUPP_REMARKS>SupprejectSuppAccept:RecSupprejectSuppAccept|SupprejectSuppAccept:RecSupprejectSuppAccept|SupprejectSuppAccept:RecSupprejectSuppAccept</SUPP_REMARKS>
		<STATUS>BCNSTATUS</STATUS>
		<SUPP_STATUS>SUPPACCEPTSTATUS|SUPPACCEPTSTATUS|SUPPACCEPTSTATUS</SUPP_STATUS>				
		<CCNA>MCC</CCNA>
		<RESPONSEFILE>ACK_RESPONSE_BODY:NEGACK_RESPONSE_BODY:FOCREJECT_RESPONSE_BODY:FOCACCEPT_RESPONSE_BODY:JEOPARDY_RESPONSE_BODY:SOC_RESPONSE_BODY:PIA_RESPONSE_BODY:BCN_RESPONSE_BODY:DSRCN_RESPONSE_BODY:DSRED_RESPONSE_BODY</RESPONSEFILE>
		<SUPPRESPONSEFILE>SUPPREJECT_RESPONSE_BODY:SUPPACCEPT_RESPONSE_BODY|SUPPREJECT_RESPONSE_BODY:SUPPACCEPT_RESPONSE_BODY|SUPPREJECT_RESPONSE_BODY:SUPPACCEPT_RESPONSE_BODY</SUPPRESPONSEFILE>
		<CUSTOMER>PAT_MCC|MCC_COMM</CUSTOMER>
		<RESRAWINRESQUE>16</RESRAWINRESQUE>
		<CHANNELNAME>MCCLSR</CHANNELNAME>		
		<SVCTYP>simple_np</SVCTYP>
		<ESRGENERATION>FALSE</ESRGENERATION>
	</TEST_CASE>
	<TEST_CASE name="MCC_COMM_NP_ORDER">
		<EXECUTION>FALSE</EXECUTION>		
		<HEADER>REQ_HEADER</HEADER>
		<RESPONSEHEADER>RES_HEADER</RESPONSEHEADER>
		<BODY>MCC_COMM_NP_ORDER_REQ_BODY</BODY>
		<ASRC>REQ_ASRC</ASRC>            
		<REQUEST>lsr_order</REQUEST>
		<RESPONSE>lsr_order_response</RESPONSE>
		<SUBREQUEST>np_order</SUBREQUEST>
		<ILEC>MCC_COMM</ILEC>
		<HEADERVER>LSOG6</HEADERVER>		   
		<FLOW>SUPP1|SUPP2|SUPP3|Cancel</FLOW>
		<REMARKS>AckNegackRejectAcceptJeoSocPiaDsrcnDsredBcn:RecAckNegackRejectAcceptJeoSocPiaDsrcnDsredBcn</REMARKS>		
		<SUPP_REMARKS>SupprejectSuppAccept:RecSupprejectSuppAccept|SupprejectSuppAccept:RecSupprejectSuppAccept|SupprejectSuppAccept:RecSupprejectSuppAccept</SUPP_REMARKS>
		<STATUS>BCNSTATUS</STATUS>
		<SUPP_STATUS>SUPPACCEPTSTATUS|SUPPACCEPTSTATUS|SUPPACCEPTSTATUS</SUPP_STATUS>				
		<CCNA>MCC</CCNA>
		<RESPONSEFILE>ACK_RESPONSE_BODY:NEGACK_RESPONSE_BODY:FOCREJECT_RESPONSE_BODY:FOCACCEPT_RESPONSE_BODY:JEOPARDY_RESPONSE_BODY:SOC_RESPONSE_BODY:PIA_RESPONSE_BODY:BCN_RESPONSE_BODY:DSRCN_RESPONSE_BODY:DSRED_RESPONSE_BODY</RESPONSEFILE>
		<SUPPRESPONSEFILE>SUPPREJECT_RESPONSE_BODY:SUPPACCEPT_RESPONSE_BODY|SUPPREJECT_RESPONSE_BODY:SUPPACCEPT_RESPONSE_BODY|SUPPREJECT_RESPONSE_BODY:SUPPACCEPT_RESPONSE_BODY</SUPPRESPONSEFILE>
		<CUSTOMER>PAT_MCC|MCC_COMM</CUSTOMER>
		<RESRAWINRESQUE>16</RESRAWINRESQUE>
		<CHANNELNAME>MCCLSR</CHANNELNAME>	
		<SVCTYP>NP</SVCTYP>
		<ESRGENERATION>FALSE</ESRGENERATION>
	</TEST_CASE>
	<TEST_CASE name="TWC_COMM_SIMPLE_NP">
		<EXECUTION>FALSE</EXECUTION>		
		<HEADER>REQ_HEADER</HEADER>
		<RESPONSEHEADER>RES_HEADER</RESPONSEHEADER>
		<BODY>TWC_COMM_SIMPLE_NP_ORDER_REQ_BODY</BODY>
		<ASRC>REQ_ASRC</ASRC>            
		<REQUEST>lsr_order</REQUEST>
		<RESPONSE>lsr_order_response</RESPONSE>
		<SUBREQUEST>simple_np</SUBREQUEST>
		<ILEC>TWC_PAT</ILEC>
		<HEADERVER>LSOG6</HEADERVER>		   
		<FLOW>SUPP1|SUPP2|SUPP3|Cancel</FLOW>
		<REMARKS>AckNegackRejectAcceptJeoSocPiaDsrcnDsredBcn:RecAckNegackRejectAcceptJeoSocPiaDsrcnDsredBcn</REMARKS>		
		<SUPP_REMARKS>SupprejectSuppAccept:RecSupprejectSuppAccept|SupprejectSuppAccept:RecSupprejectSuppAccept|SupprejectSuppAccept:RecSupprejectSuppAccept</SUPP_REMARKS>
		<STATUS>BCNSTATUS</STATUS>
		<SUPP_STATUS>SUPPACCEPTSTATUS|SUPPACCEPTSTATUS|SUPPACCEPTSTATUS</SUPP_STATUS>				
		<CCNA>HTW</CCNA>
		<RESPONSEFILE>ACK_RESPONSE_BODY:NEGACK_RESPONSE_BODY:FOCREJECT_RESPONSE_BODY:FOCACCEPT_RESPONSE_BODY:JEOPARDY_RESPONSE_BODY:SOC_RESPONSE_BODY:PIA_RESPONSE_BODY:BCN_RESPONSE_BODY:DSRCN_RESPONSE_BODY:DSRED_RESPONSE_BODY</RESPONSEFILE>
		<SUPPRESPONSEFILE>SUPPREJECT_RESPONSE_BODY:SUPPACCEPT_RESPONSE_BODY|SUPPREJECT_RESPONSE_BODY:SUPPACCEPT_RESPONSE_BODY|SUPPREJECT_RESPONSE_BODY:SUPPACCEPT_RESPONSE_BODY</SUPPRESPONSEFILE>
		<CUSTOMER>TWC_HT|TWC_PAT</CUSTOMER>
		<RESRAWINRESQUE>16</RESRAWINRESQUE>
		<CHANNELNAME>TWCLSR</CHANNELNAME>		
		<SVCTYP>simple_np</SVCTYP>
		<ESRGENERATION>TRUE</ESRGENERATION>
	</TEST_CASE>
	<TEST_CASE name="TWC_COMM_NP_ORDER">
		<EXECUTION>TRUE</EXECUTION>		
		<HEADER>REQ_HEADER</HEADER>
		<RESPONSEHEADER>RES_HEADER</RESPONSEHEADER>
		<BODY>TWC_COMM_NP_ORDER_REQ_BODY</BODY>
		<ASRC>REQ_ASRC</ASRC>            
		<REQUEST>lsr_order</REQUEST>
		<RESPONSE>lsr_order_response</RESPONSE>
		<SUBREQUEST>np_order</SUBREQUEST>
		<ILEC>TWC_PAT</ILEC>
		<HEADERVER>LSOG6</HEADERVER>		   
		<FLOW>SUPP1|SUPP2|SUPP3|Cancel</FLOW>
		<REMARKS>AckNegackRejectAcceptJeoSocPiaDsrcnDsredBcn:RecAckNegackRejectAcceptJeoSocPiaDsrcnDsredBcn</REMARKS>		
		<SUPP_REMARKS>SupprejectSuppAccept:RecSupprejectSuppAccept|SupprejectSuppAccept:RecSupprejectSuppAccept|SupprejectSuppAccept:RecSupprejectSuppAccept</SUPP_REMARKS>
		<STATUS>BCNSTATUS</STATUS>
		<SUPP_STATUS>SUPPACCEPTSTATUS|SUPPACCEPTSTATUS|SUPPACCEPTSTATUS</SUPP_STATUS>				
		<CCNA>HTW</CCNA>
		<RESPONSEFILE>ACK_RESPONSE_BODY:NEGACK_RESPONSE_BODY:FOCREJECT_RESPONSE_BODY:FOCACCEPT_RESPONSE_BODY:JEOPARDY_RESPONSE_BODY:SOC_RESPONSE_BODY:PIA_RESPONSE_BODY:BCN_RESPONSE_BODY:DSRCN_RESPONSE_BODY:DSRED_RESPONSE_BODY</RESPONSEFILE>
		<SUPPRESPONSEFILE>SUPPREJECT_RESPONSE_BODY:SUPPACCEPT_RESPONSE_BODY|SUPPREJECT_RESPONSE_BODY:SUPPACCEPT_RESPONSE_BODY|SUPPREJECT_RESPONSE_BODY:SUPPACCEPT_RESPONSE_BODY</SUPPRESPONSEFILE>
		<CUSTOMER>TWC_HT|TWC_PAT</CUSTOMER>
		<RESRAWINRESQUE>16</RESRAWINRESQUE>
		<CHANNELNAME>TWCLSR</CHANNELNAME>	
		<SVCTYP>np_order</SVCTYP>
		<ESRGENERATION>TRUE</ESRGENERATION>
	</TEST_CASE>
	<TEST_CASE name="TWC_COMM_NP_ORDER_ESR_1">
		<EXECUTION>FALSE</EXECUTION>		
		<HEADER>REQ_HEADER</HEADER>
		<RESPONSEHEADER>RES_HEADER</RESPONSEHEADER>
		<BODY>TWC_COMM_NP_ORDER_REQ_BODY</BODY>
		<ASRC>REQ_ASRC</ASRC>            
		<REQUEST>lsr_order</REQUEST>
		<RESPONSE>lsr_order_response</RESPONSE>
		<SUBREQUEST>np_order</SUBREQUEST>
		<ILEC>TWC_PAT</ILEC>
		<HEADERVER>LSOG6</HEADERVER>		   
		<FLOW>SUPP1|SUPP2|SUPP3|Cancel</FLOW>
		<REMARKS>AckAccept:RecAckAccept</REMARKS>		
		<SUPP_REMARKS>SuppAccept:RecSuppAccept|SuppAccept:RecSuppAccept|SuppAccept:RecSuppAccept</SUPP_REMARKS>
		<STATUS>FOCACCEPTSTATUS</STATUS>
		<SUPP_STATUS>SUPPACCEPTSTATUS|SUPPACCEPTSTATUS|SUPPACCEPTSTATUS</SUPP_STATUS>				
		<CCNA>HTW</CCNA>
		<RESPONSEFILE>ACK_RESPONSE_BODY:FOCACCEPT_RESPONSE_BODY</RESPONSEFILE>
		<SUPPRESPONSEFILE>SUPPACCEPT_RESPONSE_BODY|SUPPACCEPT_RESPONSE_BODY|SUPPACCEPT_RESPONSE_BODY</SUPPRESPONSEFILE>
		<CUSTOMER>TWC_HT|TWC_PAT</CUSTOMER>
		<RESRAWINRESQUE>5</RESRAWINRESQUE>
		<CHANNELNAME>TWCLSR</CHANNELNAME>	
		<SVCTYP>np_order</SVCTYP>
		<ESRGENERATION>TRUE</ESRGENERATION>
	</TEST_CASE>
	<TEST_CASE name="TWC_COMM_NP_ORDER_ESR_2">
		<EXECUTION>FALSE</EXECUTION>		
		<HEADER>REQ_HEADER</HEADER>
		<RESPONSEHEADER>RES_HEADER</RESPONSEHEADER>
		<BODY>TWC_COMM_NP_ORDER_REQ_BODY</BODY>
		<ASRC>REQ_ASRC</ASRC>            
		<REQUEST>lsr_order</REQUEST>
		<RESPONSE>lsr_order_response</RESPONSE>
		<SUBREQUEST>np_order</SUBREQUEST>
		<ILEC>TWC_PAT</ILEC>
		<HEADERVER>LSOG6</HEADERVER>		   
		<FLOW>SUPP2|SUPP3|SUPP1|Cancel</FLOW>
		<REMARKS>AckAccept:RecAckAccept</REMARKS>		
		<SUPP_REMARKS>SuppAccept:RecSuppAccept|SuppAccept:RecSuppAccept|SuppAccept:RecSuppAccept</SUPP_REMARKS>
		<STATUS>FOCACCEPTSTATUS</STATUS>
		<SUPP_STATUS>SUPPACCEPTSTATUS|SUPPACCEPTSTATUS|SUPPACCEPTSTATUS</SUPP_STATUS>				
		<CCNA>HTW</CCNA>
		<RESPONSEFILE>ACK_RESPONSE_BODY:FOCACCEPT_RESPONSE_BODY</RESPONSEFILE>
		<SUPPRESPONSEFILE>SUPPACCEPT_RESPONSE_BODY|SUPPACCEPT_RESPONSE_BODY|SUPPACCEPT_RESPONSE_BODY</SUPPRESPONSEFILE>
		<CUSTOMER>TWC_HT|TWC_PAT</CUSTOMER>
		<RESRAWINRESQUE>5</RESRAWINRESQUE>
		<CHANNELNAME>TWCLSR</CHANNELNAME>	
		<SVCTYP>np_order</SVCTYP>
		<ESRGENERATION>TRUE</ESRGENERATION>
	</TEST_CASE>
	<TEST_CASE name="TWC_COMM_NP_ORDER_ESR_3">
		<EXECUTION>FALSE</EXECUTION>		
		<HEADER>REQ_HEADER</HEADER>
		<RESPONSEHEADER>RES_HEADER</RESPONSEHEADER>
		<BODY>TWC_COMM_NP_ORDER_REQ_BODY</BODY>
		<ASRC>REQ_ASRC</ASRC>            
		<REQUEST>lsr_order</REQUEST>
		<RESPONSE>lsr_order_response</RESPONSE>
		<SUBREQUEST>np_order</SUBREQUEST>
		<ILEC>TWC_PAT</ILEC>
		<HEADERVER>LSOG6</HEADERVER>		   
		<FLOW>SUPP2|SUPP3|SUPP1|Cancel</FLOW>
		<REMARKS>AckNegackReject:RecAckNegackReject</REMARKS>		
		<SUPP_REMARKS>SuppAccept:RecSuppAccept|SuppAccept:RecSuppAccept|SuppAccept:RecSuppAccept</SUPP_REMARKS>
		<STATUS>FOCREJECTSTATUS</STATUS>
		<SUPP_STATUS>SUPPACCEPTSTATUS|SUPPACCEPTSTATUS|SUPPACCEPTSTATUS</SUPP_STATUS>				
		<CCNA>HTW</CCNA>
		<RESPONSEFILE>ACK_RESPONSE_BODY:NEGACK_RESPONSE_BODY:FOCREJECT_RESPONSE_BODY</RESPONSEFILE>
		<SUPPRESPONSEFILE>SUPPACCEPT_RESPONSE_BODY|SUPPACCEPT_RESPONSE_BODY|SUPPACCEPT_RESPONSE_BODY</SUPPRESPONSEFILE>
		<CUSTOMER>TWC_HT|TWC_PAT</CUSTOMER>
		<RESRAWINRESQUE>6</RESRAWINRESQUE>
		<CHANNELNAME>TWCLSR</CHANNELNAME>	
		<SVCTYP>np_order</SVCTYP>
		<ESRGENERATION>TRUE</ESRGENERATION>
	</TEST_CASE>
	<TEST_CASE name="TWC_COMM_NP_ORDER_ESR_4">
		<EXECUTION>FALSE</EXECUTION>		
		<HEADER>REQ_HEADER</HEADER>
		<RESPONSEHEADER>RES_HEADER</RESPONSEHEADER>
		<BODY>TWC_COMM_NP_ORDER_REQ_BODY</BODY>
		<ASRC>REQ_ASRC</ASRC>            
		<REQUEST>lsr_order</REQUEST>
		<RESPONSE>lsr_order_response</RESPONSE>
		<SUBREQUEST>np_order</SUBREQUEST>
		<ILEC>TWC_PAT</ILEC>
		<HEADERVER>LSOG6</HEADERVER>		   
		<FLOW>SUPP1|SUPP2|SUPP3|Cancel</FLOW>
		<REMARKS>AckNegackReject:RecAckNegackReject</REMARKS>		
		<SUPP_REMARKS>SuppAccept:RecSuppAccept|SuppAccept:RecSuppAccept|SuppAccept:RecSuppAccept</SUPP_REMARKS>
		<STATUS>FOCREJECTSTATUS</STATUS>
		<SUPP_STATUS>SUPPACCEPTSTATUS|SUPPACCEPTSTATUS|SUPPACCEPTSTATUS</SUPP_STATUS>				
		<CCNA>HTW</CCNA>
		<RESPONSEFILE>ACK_RESPONSE_BODY:NEGACK_RESPONSE_BODY:FOCREJECT_RESPONSE_BODY</RESPONSEFILE>
		<SUPPRESPONSEFILE>SUPPACCEPT_RESPONSE_BODY|SUPPACCEPT_RESPONSE_BODY|SUPPACCEPT_RESPONSE_BODY</SUPPRESPONSEFILE>
		<CUSTOMER>TWC_HT|TWC_PAT</CUSTOMER>
		<RESRAWINRESQUE>6</RESRAWINRESQUE>
		<CHANNELNAME>TWCLSR</CHANNELNAME>	
		<SVCTYP>np_order</SVCTYP>
		<ESRGENERATION>TRUE</ESRGENERATION>
	</TEST_CASE>
	<TEST_CASE name="VNGE_PROD_SIMPLE_NP">
		<EXECUTION>FALSE</EXECUTION>		
		<HEADER>REQ_HEADER</HEADER>
		<RESPONSEHEADER>RES_HEADER</RESPONSEHEADER>
		<BODY>VNGE_PROD_SIMPLE_NP_ORDER_REQ_BODY</BODY>
		<ASRC>REQ_ASRC</ASRC>            
		<REQUEST>lsr_order</REQUEST>
		<RESPONSE>lsr_order_response</RESPONSE>
		<SUBREQUEST>simple_np</SUBREQUEST>
		<ILEC>VNGE_PROD</ILEC>
		<HEADERVER>LSOG6</HEADERVER>		   
		<FLOW>SUPP1|SUPP2|SUPP3|Cancel</FLOW>
		<REMARKS>AckNegackRejectAcceptJeoSocPiaDsrcnDsredBcn:RecAckNegackRejectAcceptJeoSocPiaDsrcnDsredBcn</REMARKS>		
		<SUPP_REMARKS>SupprejectSuppAccept:RecSupprejectSuppAccept|SupprejectSuppAccept:RecSupprejectSuppAccept|SupprejectSuppAccept:RecSupprejectSuppAccept</SUPP_REMARKS>
		<STATUS>BCNSTATUS</STATUS>
		<SUPP_STATUS>SUPPACCEPTSTATUS|SUPPACCEPTSTATUS|SUPPACCEPTSTATUS</SUPP_STATUS>				
		<CCNA>VNQ</CCNA>
		<RESPONSEFILE>ACK_RESPONSE_BODY:NEGACK_RESPONSE_BODY:FOCREJECT_RESPONSE_BODY:FOCACCEPT_RESPONSE_BODY:JEOPARDY_RESPONSE_BODY:SOC_RESPONSE_BODY:PIA_RESPONSE_BODY:BCN_RESPONSE_BODY:DSRCN_RESPONSE_BODY:DSRED_RESPONSE_BODY</RESPONSEFILE>
		<SUPPRESPONSEFILE>SUPPREJECT_RESPONSE_BODY:SUPPACCEPT_RESPONSE_BODY|SUPPREJECT_RESPONSE_BODY:SUPPACCEPT_RESPONSE_BODY|SUPPREJECT_RESPONSE_BODY:SUPPACCEPT_RESPONSE_BODY</SUPPRESPONSEFILE>
		<CUSTOMER>VNGE_QA|VNGE_PROD</CUSTOMER>
		<RESRAWINRESQUE>16</RESRAWINRESQUE>
		<CHANNELNAME>VNGELSR</CHANNELNAME>		
		<SVCTYP>simple_np</SVCTYP>
		<ESRGENERATION>FALSE</ESRGENERATION>
	</TEST_CASE>
	<TEST_CASE name="VNGE_PROD_NP_ORDER">
		<EXECUTION>FALSE</EXECUTION>		
		<HEADER>REQ_HEADER</HEADER>
		<RESPONSEHEADER>RES_HEADER</RESPONSEHEADER>
		<BODY>VNGE_PROD_NP_ORDER_REQ_BODY</BODY>
		<ASRC>REQ_ASRC</ASRC>            
		<REQUEST>lsr_order</REQUEST>
		<RESPONSE>lsr_order_response</RESPONSE>
		<SUBREQUEST>np_order</SUBREQUEST>
		<ILEC>VNGE_PROD</ILEC>
		<HEADERVER>LSOG6</HEADERVER>		   
		<FLOW>SUPP1|SUPP2|SUPP3|Cancel</FLOW>
		<REMARKS>AckNegackRejectAcceptJeoSocPiaDsrcnDsredBcn:RecAckNegackRejectAcceptJeoSocPiaDsrcnDsredBcn</REMARKS>		
		<SUPP_REMARKS>SupprejectSuppAccept:RecSupprejectSuppAccept|SupprejectSuppAccept:RecSupprejectSuppAccept|SupprejectSuppAccept:RecSupprejectSuppAccept</SUPP_REMARKS>
		<STATUS>BCNSTATUS</STATUS>
		<SUPP_STATUS>SUPPACCEPTSTATUS|SUPPACCEPTSTATUS|SUPPACCEPTSTATUS</SUPP_STATUS>				
		<CCNA>VNQ</CCNA>
		<RESPONSEFILE>ACK_RESPONSE_BODY:NEGACK_RESPONSE_BODY:FOCREJECT_RESPONSE_BODY:FOCACCEPT_RESPONSE_BODY:JEOPARDY_RESPONSE_BODY:SOC_RESPONSE_BODY:PIA_RESPONSE_BODY:BCN_RESPONSE_BODY:DSRCN_RESPONSE_BODY:DSRED_RESPONSE_BODY</RESPONSEFILE>
		<SUPPRESPONSEFILE>SUPPREJECT_RESPONSE_BODY:SUPPACCEPT_RESPONSE_BODY|SUPPREJECT_RESPONSE_BODY:SUPPACCEPT_RESPONSE_BODY|SUPPREJECT_RESPONSE_BODY:SUPPACCEPT_RESPONSE_BODY</SUPPRESPONSEFILE>
		<CUSTOMER>VNGE_QA|VNGE_PROD</CUSTOMER>
		<RESRAWINRESQUE>16</RESRAWINRESQUE>
		<CHANNELNAME>VNGELSR</CHANNELNAME>	
		<SVCTYP>NP</SVCTYP>
		<ESRGENERATION>FALSE</ESRGENERATION>
	</TEST_CASE>
	<TEST_CASE name="WAVE_PROD_SIMPLE_NP">
		<EXECUTION>FALSE</EXECUTION>		
		<HEADER>REQ_HEADER</HEADER>
		<RESPONSEHEADER>RES_HEADER</RESPONSEHEADER>
		<BODY>WAVE_PROD_SIMPLE_NP_ORDER_REQ_BODY</BODY>
		<ASRC>REQ_ASRC</ASRC>            
		<REQUEST>lsr_order</REQUEST>
		<RESPONSE>lsr_order_response</RESPONSE>
		<SUBREQUEST>simple_np</SUBREQUEST>
		<ILEC>WAVE_PROD</ILEC>
		<HEADERVER>LSOG6</HEADERVER>		   
		<FLOW>SUPP1|SUPP2|SUPP3|Cancel</FLOW>
		<REMARKS>AckNegackRejectAcceptJeoSocPiaDsrcnDsredBcn:RecAckNegackRejectAcceptJeoSocPiaDsrcnDsredBcn</REMARKS>		
		<SUPP_REMARKS>SupprejectSuppAccept:RecSupprejectSuppAccept|SupprejectSuppAccept:RecSupprejectSuppAccept|SupprejectSuppAccept:RecSupprejectSuppAccept</SUPP_REMARKS>
		<STATUS>BCNSTATUS</STATUS>
		<SUPP_STATUS>SUPPACCEPTSTATUS|SUPPACCEPTSTATUS|SUPPACCEPTSTATUS</SUPP_STATUS>				
		<CCNA>WSP</CCNA>
		<RESPONSEFILE>ACK_RESPONSE_BODY:NEGACK_RESPONSE_BODY:FOCREJECT_RESPONSE_BODY:FOCACCEPT_RESPONSE_BODY:JEOPARDY_RESPONSE_BODY:SOC_RESPONSE_BODY:PIA_RESPONSE_BODY:BCN_RESPONSE_BODY:DSRCN_RESPONSE_BODY:DSRED_RESPONSE_BODY</RESPONSEFILE>
		<SUPPRESPONSEFILE>SUPPREJECT_RESPONSE_BODY:SUPPACCEPT_RESPONSE_BODY|SUPPREJECT_RESPONSE_BODY:SUPPACCEPT_RESPONSE_BODY|SUPPREJECT_RESPONSE_BODY:SUPPACCEPT_RESPONSE_BODY</SUPPRESPONSEFILE>
		<CUSTOMER>WSP_PRD|WAVE_PROD</CUSTOMER>
		<RESRAWINRESQUE>16</RESRAWINRESQUE>
		<CHANNELNAME>WAVELSR</CHANNELNAME>		
		<SVCTYP>simple_np</SVCTYP>
		<ESRGENERATION>FALSE</ESRGENERATION>
	</TEST_CASE>
	<TEST_CASE name="WAVE_PROD_NP_ORDER">
		<EXECUTION>FALSE</EXECUTION>		
		<HEADER>REQ_HEADER</HEADER>
		<RESPONSEHEADER>RES_HEADER</RESPONSEHEADER>
		<BODY>WAVE_PROD_NP_ORDER_REQ_BODY</BODY>
		<ASRC>REQ_ASRC</ASRC>            
		<REQUEST>lsr_order</REQUEST>
		<RESPONSE>lsr_order_response</RESPONSE>
		<SUBREQUEST>np_order</SUBREQUEST>
		<ILEC>WAVE_PROD</ILEC>
		<HEADERVER>LSOG6</HEADERVER>		   
		<FLOW>SUPP1|SUPP2|SUPP3|Cancel</FLOW>
		<REMARKS>AckNegackRejectAcceptJeoSocPiaDsrcnDsredBcn:RecAckNegackRejectAcceptJeoSocPiaDsrcnDsredBcn</REMARKS>		
		<SUPP_REMARKS>SupprejectSuppAccept:RecSupprejectSuppAccept|SupprejectSuppAccept:RecSupprejectSuppAccept|SupprejectSuppAccept:RecSupprejectSuppAccept</SUPP_REMARKS>
		<STATUS>BCNSTATUS</STATUS>
		<SUPP_STATUS>SUPPACCEPTSTATUS|SUPPACCEPTSTATUS|SUPPACCEPTSTATUS</SUPP_STATUS>				
		<CCNA>WSP</CCNA>
		<RESPONSEFILE>ACK_RESPONSE_BODY:NEGACK_RESPONSE_BODY:FOCREJECT_RESPONSE_BODY:FOCACCEPT_RESPONSE_BODY:JEOPARDY_RESPONSE_BODY:SOC_RESPONSE_BODY:PIA_RESPONSE_BODY:BCN_RESPONSE_BODY:DSRCN_RESPONSE_BODY:DSRED_RESPONSE_BODY</RESPONSEFILE>
		<SUPPRESPONSEFILE>SUPPREJECT_RESPONSE_BODY:SUPPACCEPT_RESPONSE_BODY|SUPPREJECT_RESPONSE_BODY:SUPPACCEPT_RESPONSE_BODY|SUPPREJECT_RESPONSE_BODY:SUPPACCEPT_RESPONSE_BODY</SUPPRESPONSEFILE>
		<CUSTOMER>WSP_PRD|WAVE_PROD</CUSTOMER>
		<RESRAWINRESQUE>16</RESRAWINRESQUE>
		<CHANNELNAME>WAVELSR</CHANNELNAME>	
		<SVCTYP>NP</SVCTYP>
		<ESRGENERATION>FALSE</ESRGENERATION>
	</TEST_CASE>
	<TEST_CASE name="HAWAIITEL_LOOP_ORDER">
		<EXECUTION>FALSE</EXECUTION>		
		<HEADER>REQ_HEADER</HEADER>
		<RESPONSEHEADER>RES_HEADER</RESPONSEHEADER>
		<BODY>HAWAIITEL_LOOP_ORDER_REQ_BODY</BODY>
		<ASRC>REQ_ASRC</ASRC>            
		<REQUEST>lsr_order</REQUEST>
		<RESPONSE>lsr_order_response</RESPONSE>
		<SUBREQUEST>loop</SUBREQUEST>
		<ILEC>HAWAIITEL</ILEC>
		<HEADERVER>LSOG6</HEADERVER>		   
		<FLOW>SUPP1|SUPP2|SUPP3|Cancel</FLOW>
		<REMARKS>AckNegackRejectAcceptJeoSocPiaDsrcnDsredBcn:RecAckNegackRejectAcceptJeoSocPiaDsrcnDsredBcn</REMARKS>		
		<SUPP_REMARKS>SupprejectSuppAccept:RecSupprejectSuppAccept|SupprejectSuppAccept:RecSupprejectSuppAccept|SupprejectSuppAccept:RecSupprejectSuppAccept</SUPP_REMARKS>
		<STATUS>BCNSTATUS</STATUS>
		<SUPP_STATUS>SUPPACCEPTSTATUS|SUPPACCEPTSTATUS|SUPPACCEPTSTATUS</SUPP_STATUS>				
		<CCNA>PAT</CCNA>
		<RESPONSEFILE>ACK_RESPONSE_BODY:NEGACK_RESPONSE_BODY:FOCREJECT_RESPONSE_BODY:FOCACCEPT_RESPONSE_BODY:JEOPARDY_RESPONSE_BODY:SOC_RESPONSE_BODY:PIA_RESPONSE_BODY:BCN_RESPONSE_BODY:DSRCN_RESPONSE_BODY:DSRED_RESPONSE_BODY</RESPONSEFILE>
		<SUPPRESPONSEFILE>SUPPREJECT_RESPONSE_BODY:SUPPACCEPT_RESPONSE_BODY|SUPPREJECT_RESPONSE_BODY:SUPPACCEPT_RESPONSE_BODY|SUPPREJECT_RESPONSE_BODY:SUPPACCEPT_RESPONSE_BODY</SUPPRESPONSEFILE>
		<CUSTOMER>PAT_CUST|HAWAIITEL</CUSTOMER>
		<RESRAWINRESQUE>16</RESRAWINRESQUE>
		<CHANNELNAME>HAWAIITELLSR</CHANNELNAME>		
		<SVCTYP>Loop</SVCTYP>
		<ESRGENERATION>FALSE</ESRGENERATION>
	</TEST_CASE>
	<TEST_CASE name="HAWAIITEL_LOOP_WITH_NP_ORDER">
		<EXECUTION>FALSE</EXECUTION>		
		<HEADER>REQ_HEADER</HEADER>
		<RESPONSEHEADER>RES_HEADER</RESPONSEHEADER>
		<BODY>HAWAIITEL_LOOP_WITH_NP_ORDER_REQ_BODY</BODY>
		<ASRC>REQ_ASRC</ASRC>            
		<REQUEST>lsr_order</REQUEST>
		<RESPONSE>lsr_order_response</RESPONSE>
		<SUBREQUEST>loop_with_np</SUBREQUEST>
		<ILEC>HAWAIITEL</ILEC>
		<HEADERVER>LSOG6</HEADERVER>		   
		<FLOW>SUPP1|SUPP2|SUPP3|Cancel</FLOW>
		<REMARKS>AckNegackRejectAcceptJeoSocPiaDsrcnDsredBcn:RecAckNegackRejectAcceptJeoSocPiaDsrcnDsredBcn</REMARKS>		
		<SUPP_REMARKS>SupprejectSuppAccept:RecSupprejectSuppAccept|SupprejectSuppAccept:RecSupprejectSuppAccept|SupprejectSuppAccept:RecSupprejectSuppAccept</SUPP_REMARKS>
		<STATUS>BCNSTATUS</STATUS>
		<SUPP_STATUS>SUPPACCEPTSTATUS|SUPPACCEPTSTATUS|SUPPACCEPTSTATUS</SUPP_STATUS>				
		<CCNA>PAT</CCNA>
		<RESPONSEFILE>ACK_RESPONSE_BODY:NEGACK_RESPONSE_BODY:FOCREJECT_RESPONSE_BODY:FOCACCEPT_RESPONSE_BODY:JEOPARDY_RESPONSE_BODY:SOC_RESPONSE_BODY:PIA_RESPONSE_BODY:BCN_RESPONSE_BODY:DSRCN_RESPONSE_BODY:DSRED_RESPONSE_BODY</RESPONSEFILE>
		<SUPPRESPONSEFILE>SUPPREJECT_RESPONSE_BODY:SUPPACCEPT_RESPONSE_BODY|SUPPREJECT_RESPONSE_BODY:SUPPACCEPT_RESPONSE_BODY|SUPPREJECT_RESPONSE_BODY:SUPPACCEPT_RESPONSE_BODY</SUPPRESPONSEFILE>
		<CUSTOMER>PAT_CUST|HAWAIITEL</CUSTOMER>
		<RESRAWINRESQUE>16</RESRAWINRESQUE>
		<CHANNELNAME>HAWAIITELLSR</CHANNELNAME>		
		<SVCTYP>LSNP</SVCTYP>
		<ESRGENERATION>FALSE</ESRGENERATION>
	</TEST_CASE>
	<TEST_CASE name="HAWAIITEL_SIMPLE_NP">
		<EXECUTION>FALSE</EXECUTION>		
		<HEADER>REQ_HEADER</HEADER>
		<RESPONSEHEADER>RES_HEADER</RESPONSEHEADER>
		<BODY>HAWAIITEL_SIMPLE_NP_ORDER_REQ_BODY</BODY>
		<ASRC>REQ_ASRC</ASRC>            
		<REQUEST>lsr_order</REQUEST>
		<RESPONSE>lsr_order_response</RESPONSE>
		<SUBREQUEST>simple_np</SUBREQUEST>
		<ILEC>HAWAIITEL</ILEC>
		<HEADERVER>LSOG6</HEADERVER>		   
		<FLOW>SUPP1|SUPP2|SUPP3|Cancel</FLOW>
		<REMARKS>AckNegackRejectAcceptJeoSocPiaDsrcnDsredBcn:RecAckNegackRejectAcceptJeoSocPiaDsrcnDsredBcn</REMARKS>		
		<SUPP_REMARKS>SupprejectSuppAccept:RecSupprejectSuppAccept|SupprejectSuppAccept:RecSupprejectSuppAccept|SupprejectSuppAccept:RecSupprejectSuppAccept</SUPP_REMARKS>
		<STATUS>BCNSTATUS</STATUS>
		<SUPP_STATUS>SUPPACCEPTSTATUS|SUPPACCEPTSTATUS|SUPPACCEPTSTATUS</SUPP_STATUS>				
		<CCNA>PAT</CCNA>
		<RESPONSEFILE>ACK_RESPONSE_BODY:NEGACK_RESPONSE_BODY:FOCREJECT_RESPONSE_BODY:FOCACCEPT_RESPONSE_BODY:JEOPARDY_RESPONSE_BODY:SOC_RESPONSE_BODY:PIA_RESPONSE_BODY:BCN_RESPONSE_BODY:DSRCN_RESPONSE_BODY:DSRED_RESPONSE_BODY</RESPONSEFILE>
		<SUPPRESPONSEFILE>SUPPREJECT_RESPONSE_BODY:SUPPACCEPT_RESPONSE_BODY|SUPPREJECT_RESPONSE_BODY:SUPPACCEPT_RESPONSE_BODY|SUPPREJECT_RESPONSE_BODY:SUPPACCEPT_RESPONSE_BODY</SUPPRESPONSEFILE>
		<CUSTOMER>PAT_CUST|HAWAIITEL</CUSTOMER>
		<RESRAWINRESQUE>16</RESRAWINRESQUE>
		<CHANNELNAME>HAWAIITELLSR</CHANNELNAME>		
		<SVCTYP>simple_np</SVCTYP>
		<ESRGENERATION>FALSE</ESRGENERATION>
	</TEST_CASE>
	<TEST_CASE name="HAWAIITEL_NP_ORDER">
		<EXECUTION>FALSE</EXECUTION>		
		<HEADER>REQ_HEADER</HEADER>
		<RESPONSEHEADER>RES_HEADER</RESPONSEHEADER>
		<BODY>HAWAIITEL_NP_ORDER_REQ_BODY</BODY>
		<ASRC>REQ_ASRC</ASRC>            
		<REQUEST>lsr_order</REQUEST>
		<RESPONSE>lsr_order_response</RESPONSE>
		<SUBREQUEST>np_order</SUBREQUEST>
		<ILEC>HAWAIITEL</ILEC>
		<HEADERVER>LSOG6</HEADERVER>		   
		<FLOW>SUPP1|SUPP2|SUPP3|Cancel</FLOW>
		<REMARKS>AckNegackRejectAcceptJeoSocPiaDsrcnDsredBcn:RecAckNegackRejectAcceptJeoSocPiaDsrcnDsredBcn</REMARKS>		
		<SUPP_REMARKS>SupprejectSuppAccept:RecSupprejectSuppAccept|SupprejectSuppAccept:RecSupprejectSuppAccept|SupprejectSuppAccept:RecSupprejectSuppAccept</SUPP_REMARKS>
		<STATUS>BCNSTATUS</STATUS>
		<SUPP_STATUS>SUPPACCEPTSTATUS|SUPPACCEPTSTATUS|SUPPACCEPTSTATUS</SUPP_STATUS>				
		<CCNA>PAT</CCNA>
		<RESPONSEFILE>ACK_RESPONSE_BODY:NEGACK_RESPONSE_BODY:FOCREJECT_RESPONSE_BODY:FOCACCEPT_RESPONSE_BODY:JEOPARDY_RESPONSE_BODY:SOC_RESPONSE_BODY:PIA_RESPONSE_BODY:BCN_RESPONSE_BODY:DSRCN_RESPONSE_BODY:DSRED_RESPONSE_BODY</RESPONSEFILE>
		<SUPPRESPONSEFILE>SUPPREJECT_RESPONSE_BODY:SUPPACCEPT_RESPONSE_BODY|SUPPREJECT_RESPONSE_BODY:SUPPACCEPT_RESPONSE_BODY|SUPPREJECT_RESPONSE_BODY:SUPPACCEPT_RESPONSE_BODY</SUPPRESPONSEFILE>
		<CUSTOMER>PAT_CUST|HAWAIITEL</CUSTOMER>
		<RESRAWINRESQUE>16</RESRAWINRESQUE>
		<CHANNELNAME>HAWAIITELLSR</CHANNELNAME>	
		<SVCTYP>NP</SVCTYP>
		<ESRGENERATION>FALSE</ESRGENERATION>
	</TEST_CASE>
	<TEST_CASE name="HAWAIITEL_RESALE_ORDER">
		<EXECUTION>FALSE</EXECUTION>		
		<HEADER>REQ_HEADER</HEADER>
		<RESPONSEHEADER>RES_HEADER</RESPONSEHEADER>
		<BODY>HAWAIITEL_RESALE_ORDER_REQ_BODY</BODY>
		<ASRC>REQ_ASRC</ASRC>            
		<REQUEST>lsr_order</REQUEST>
		<RESPONSE>lsr_order_response</RESPONSE>
		<SUBREQUEST>resale</SUBREQUEST>
		<ILEC>HAWAIITEL</ILEC>
		<HEADERVER>LSOG6</HEADERVER>		   
		<FLOW>SUPP1|SUPP2|SUPP3|Cancel</FLOW>
		<REMARKS>AckNegackRejectAcceptJeoSocPiaDsrcnDsredBcn:RecAckNegackRejectAcceptJeoSocPiaDsrcnDsredBcn</REMARKS>		
		<SUPP_REMARKS>SupprejectSuppAccept:RecSupprejectSuppAccept|SupprejectSuppAccept:RecSupprejectSuppAccept|SupprejectSuppAccept:RecSupprejectSuppAccept</SUPP_REMARKS>
		<STATUS>BCNSTATUS</STATUS>
		<SUPP_STATUS>SUPPACCEPTSTATUS|SUPPACCEPTSTATUS|SUPPACCEPTSTATUS</SUPP_STATUS>				
		<CCNA>PAT</CCNA>
		<RESPONSEFILE>ACK_RESPONSE_BODY:NEGACK_RESPONSE_BODY:FOCREJECT_RESPONSE_BODY:FOCACCEPT_RESPONSE_BODY:JEOPARDY_RESPONSE_BODY:SOC_RESPONSE_BODY:PIA_RESPONSE_BODY:BCN_RESPONSE_BODY:DSRCN_RESPONSE_BODY:DSRED_RESPONSE_BODY</RESPONSEFILE>
		<SUPPRESPONSEFILE>SUPPREJECT_RESPONSE_BODY:SUPPACCEPT_RESPONSE_BODY|SUPPREJECT_RESPONSE_BODY:SUPPACCEPT_RESPONSE_BODY|SUPPREJECT_RESPONSE_BODY:SUPPACCEPT_RESPONSE_BODY</SUPPRESPONSEFILE>
		<CUSTOMER>PAT_CUST|HAWAIITEL</CUSTOMER>
		<RESRAWINRESQUE>16</RESRAWINRESQUE>
		<CHANNELNAME>HAWAIITELLSR</CHANNELNAME>	
		<SVCTYP>Resale</SVCTYP>
		<ESRGENERATION>FALSE</ESRGENERATION>
	</TEST_CASE>
	<TEST_CASE name="HAWAIITEL_PORT_ORDER">
		<EXECUTION>FALSE</EXECUTION>		
		<HEADER>REQ_HEADER</HEADER>
		<RESPONSEHEADER>RES_HEADER</RESPONSEHEADER>
		<BODY>HAWAIITEL_PORT_ORDER_REQ_BODY</BODY>
		<ASRC>REQ_ASRC</ASRC>            
		<REQUEST>lsr_order</REQUEST>
		<RESPONSE>lsr_order_response</RESPONSE>
		<SUBREQUEST>port</SUBREQUEST>
		<ILEC>HAWAIITEL</ILEC>
		<HEADERVER>LSOG6</HEADERVER>		   
		<FLOW>SUPP1|SUPP2|SUPP3|Cancel</FLOW>
		<REMARKS>AckNegackRejectAcceptJeoSocPiaDsrcnDsredBcn:RecAckNegackRejectAcceptJeoSocPiaDsrcnDsredBcn</REMARKS>		
		<SUPP_REMARKS>SupprejectSuppAccept:RecSupprejectSuppAccept|SupprejectSuppAccept:RecSupprejectSuppAccept|SupprejectSuppAccept:RecSupprejectSuppAccept</SUPP_REMARKS>
		<STATUS>BCNSTATUS</STATUS>
		<SUPP_STATUS>SUPPACCEPTSTATUS|SUPPACCEPTSTATUS|SUPPACCEPTSTATUS</SUPP_STATUS>				
		<CCNA>PAT</CCNA>
		<RESPONSEFILE>ACK_RESPONSE_BODY:NEGACK_RESPONSE_BODY:FOCREJECT_RESPONSE_BODY:FOCACCEPT_RESPONSE_BODY:JEOPARDY_RESPONSE_BODY:SOC_RESPONSE_BODY:PIA_RESPONSE_BODY:BCN_RESPONSE_BODY:DSRCN_RESPONSE_BODY:DSRED_RESPONSE_BODY</RESPONSEFILE>
		<SUPPRESPONSEFILE>SUPPREJECT_RESPONSE_BODY:SUPPACCEPT_RESPONSE_BODY|SUPPREJECT_RESPONSE_BODY:SUPPACCEPT_RESPONSE_BODY|SUPPREJECT_RESPONSE_BODY:SUPPACCEPT_RESPONSE_BODY</SUPPRESPONSEFILE>
		<CUSTOMER>PAT_CUST|HAWAIITEL</CUSTOMER>
		<RESRAWINRESQUE>16</RESRAWINRESQUE>
		<CHANNELNAME>HAWAIITELLSR</CHANNELNAME>	
		<SVCTYP>Port</SVCTYP>
		<ESRGENERATION>FALSE</ESRGENERATION>
	</TEST_CASE>
	<TEST_CASE name="HAWAIITEL_PORT_LOOP_ORDER">
		<EXECUTION>FALSE</EXECUTION>		
		<HEADER>REQ_HEADER</HEADER>
		<RESPONSEHEADER>RES_HEADER</RESPONSEHEADER>
		<BODY>HAWAIITEL_PORT_LOOP_ORDER_REQ_BODY</BODY>
		<ASRC>REQ_ASRC</ASRC>            
		<REQUEST>lsr_order</REQUEST>
		<RESPONSE>lsr_order_response</RESPONSE>
		<SUBREQUEST>port_loop</SUBREQUEST>
		<ILEC>HAWAIITEL</ILEC>
		<HEADERVER>LSOG6</HEADERVER>		   
		<FLOW>SUPP1|SUPP2|SUPP3|Cancel</FLOW>
		<REMARKS>AckNegackRejectAcceptJeoSocPiaDsrcnDsredBcn:RecAckNegackRejectAcceptJeoSocPiaDsrcnDsredBcn</REMARKS>		
		<SUPP_REMARKS>SupprejectSuppAccept:RecSupprejectSuppAccept|SupprejectSuppAccept:RecSupprejectSuppAccept|SupprejectSuppAccept:RecSupprejectSuppAccept</SUPP_REMARKS>
		<STATUS>BCNSTATUS</STATUS>
		<SUPP_STATUS>SUPPACCEPTSTATUS|SUPPACCEPTSTATUS|SUPPACCEPTSTATUS</SUPP_STATUS>				
		<CCNA>PAT</CCNA>
		<RESPONSEFILE>ACK_RESPONSE_BODY:NEGACK_RESPONSE_BODY:FOCREJECT_RESPONSE_BODY:FOCACCEPT_RESPONSE_BODY:JEOPARDY_RESPONSE_BODY:SOC_RESPONSE_BODY:PIA_RESPONSE_BODY:BCN_RESPONSE_BODY:DSRCN_RESPONSE_BODY:DSRED_RESPONSE_BODY</RESPONSEFILE>
		<SUPPRESPONSEFILE>SUPPREJECT_RESPONSE_BODY:SUPPACCEPT_RESPONSE_BODY|SUPPREJECT_RESPONSE_BODY:SUPPACCEPT_RESPONSE_BODY|SUPPREJECT_RESPONSE_BODY:SUPPACCEPT_RESPONSE_BODY</SUPPRESPONSEFILE>
		<CUSTOMER>PAT_CUST|HAWAIITEL</CUSTOMER>
		<RESRAWINRESQUE>16</RESRAWINRESQUE>
		<CHANNELNAME>HAWAIITELLSR</CHANNELNAME>	
		<SVCTYP>Platform</SVCTYP>
		<ESRGENERATION>FALSE</ESRGENERATION>
	</TEST_CASE>
	<TEST_CASE name="HAWAIITEL_DIR_LIST_INQUIRY_ORDER">
		<EXECUTION>FALSE</EXECUTION>		
		<HEADER>REQ_HEADER</HEADER>
		<RESPONSEHEADER>RES_HEADER</RESPONSEHEADER>
		<BODY>HAWAIITEL_DIR_LIST_INQUIRY_ORDER_REQ_BODY</BODY>
		<ASRC>REQ_ASRC</ASRC>            
		<REQUEST>lsr_order</REQUEST>
		<RESPONSE>lsr_order_response</RESPONSE>
		<SUBREQUEST>dir_list_inquiry</SUBREQUEST>
		<ILEC>HAWAIITEL</ILEC>
		<HEADERVER>LSOG6</HEADERVER>		   
		<FLOW>NOFLOW</FLOW>
		<REMARKS>AckNegackRejectAcceptJeoSocPiaDsrcnDsredBcn:RecAckNegackRejectAcceptJeoSocPiaDsrcnDsredBcn</REMARKS>		
		<SUPP_REMARKS/>
		<STATUS>BCNSTATUS</STATUS>
		<SUPP_STATUS/>				
		<CCNA>PAT</CCNA>
		<RESPONSEFILE>ACK_RESPONSE_BODY:NEGACK_RESPONSE_BODY:FOCREJECT_RESPONSE_BODY:FOCACCEPT_RESPONSE_BODY:JEOPARDY_RESPONSE_BODY:SOC_RESPONSE_BODY:PIA_RESPONSE_BODY:BCN_RESPONSE_BODY:DSRCN_RESPONSE_BODY:DSRED_RESPONSE_BODY</RESPONSEFILE>
		<SUPPRESPONSEFILE/>
		<CUSTOMER>PAT_CUST|HAWAIITEL</CUSTOMER>
		<RESRAWINRESQUE>10</RESRAWINRESQUE>
		<CHANNELNAME>HAWAIITELLSR</CHANNELNAME>	
		<SVCTYP>DL</SVCTYP>
		<ESRGENERATION>FALSE</ESRGENERATION>
	</TEST_CASE>
	<TEST_CASE name="HAWAIITEL_DIR_ASSIST_LIST_ORDER">
		<EXECUTION>FALSE</EXECUTION>		
		<HEADER>REQ_HEADER</HEADER>
		<RESPONSEHEADER>RES_HEADER</RESPONSEHEADER>
		<BODY>HAWAIITEL_DIR_ASSIST_LIST_ORDER_REQ_BODY</BODY>
		<ASRC>REQ_ASRC</ASRC>            
		<REQUEST>lsr_order</REQUEST>
		<RESPONSE>lsr_order_response</RESPONSE>
		<SUBREQUEST>dir_assist_list</SUBREQUEST>
		<ILEC>HAWAIITEL</ILEC>
		<HEADERVER>LSOG6</HEADERVER>		   
		<FLOW>SUPP1|SUPP2|SUPP3|Cancel</FLOW>
		<REMARKS>AckNegackRejectAcceptJeoSocPiaDsrcnDsredBcn:RecAckNegackRejectAcceptJeoSocPiaDsrcnDsredBcn</REMARKS>		
		<SUPP_REMARKS>SupprejectSuppAccept:RecSupprejectSuppAccept|SupprejectSuppAccept:RecSupprejectSuppAccept|SupprejectSuppAccept:RecSupprejectSuppAccept</SUPP_REMARKS>
		<STATUS>BCNSTATUS</STATUS>
		<SUPP_STATUS>SUPPACCEPTSTATUS|SUPPACCEPTSTATUS|SUPPACCEPTSTATUS</SUPP_STATUS>				
		<CCNA>PAT</CCNA>
		<RESPONSEFILE>ACK_RESPONSE_BODY:NEGACK_RESPONSE_BODY:FOCREJECT_RESPONSE_BODY:FOCACCEPT_RESPONSE_BODY:JEOPARDY_RESPONSE_BODY:SOC_RESPONSE_BODY:PIA_RESPONSE_BODY:BCN_RESPONSE_BODY:DSRCN_RESPONSE_BODY:DSRED_RESPONSE_BODY</RESPONSEFILE>
		<SUPPRESPONSEFILE>SUPPREJECT_RESPONSE_BODY:SUPPACCEPT_RESPONSE_BODY|SUPPREJECT_RESPONSE_BODY:SUPPACCEPT_RESPONSE_BODY|SUPPREJECT_RESPONSE_BODY:SUPPACCEPT_RESPONSE_BODY</SUPPRESPONSEFILE>
		<CUSTOMER>PAT_CUST|HAWAIITEL</CUSTOMER>
		<RESRAWINRESQUE>16</RESRAWINRESQUE>
		<CHANNELNAME>HAWAIITELLSR</CHANNELNAME>	
		<SVCTYP>DS</SVCTYP>
		<ESRGENERATION>FALSE</ESRGENERATION>
	</TEST_CASE>
</Order>