<?xml version="1.0"?>
<Order>
	<TEST_CASE name="BHN_PROD_CSR">
		<EXECUTION>TRUE</EXECUTION>		
		<HEADER>REQ_HEADER</HEADER>
		<RESPONSEHEADER>RES_HEADER</RESPONSEHEADER>
		<BODY>BHN_PROD_CSR_PREORDER_REQ_BODY</BODY>
		<ASRC>REQ_ASRC</ASRC>            
		<REQUEST>lsr_preorder</REQUEST>
		<RESPONSE>lsr_preorder_response</RESPONSE>
		<SUBREQUEST>csr</SUBREQUEST>
		<ILEC>BHN_PROD</ILEC>
		<HEADERVER>LSOG6</HEADERVER>		   
		<FLOW>NOFLOW</FLOW>
		<REMARKS>csr:Reccsr</REMARKS>				
		<STATUS>PARSEDRESPONSESTATUS</STATUS>		
		<CCNA>BHN</CCNA>
		<RESPONSEFILE>CSR_PREORDER_PARSED_RES_BODY:CSR_PREORDER_UNPARSED_RES_BODY:CSR_PREORDER_ERROR_RES_BODY</RESPONSEFILE>
		<CUSTOMER>PAT_BHN|BHN_PROD</CUSTOMER>
		<RESRAWINRESQUE>3</RESRAWINRESQUE>
		<CHANNELNAME>BHNCSR</CHANNELNAME>		
		<SVCTYP>csr</SVCTYP>
	</TEST_CASE>
	<TEST_CASE name="PEERLESS_CSR">
		<EXECUTION>TRUE</EXECUTION>		
		<HEADER>REQ_HEADER</HEADER>
		<RESPONSEHEADER>RES_HEADER</RESPONSEHEADER>
		<BODY>PEERLESS_CSR_PREORDER_REQ_BODY</BODY>
		<ASRC>REQ_ASRC</ASRC>            
		<REQUEST>lsr_preorder</REQUEST>
		<RESPONSE>lsr_preorder_response</RESPONSE>
		<SUBREQUEST>csr</SUBREQUEST>
		<ILEC>PEERLESS</ILEC>
		<HEADERVER>LSOG6</HEADERVER>		   
		<FLOW>NOFLOW</FLOW>
		<REMARKS>csr:Reccsr</REMARKS>				
		<STATUS>PARSEDRESPONSESTATUS</STATUS>		
		<CCNA>PEE</CCNA>
		<RESPONSEFILE>CSR_PREORDER_PARSED_RES_BODY:CSR_PREORDER_UNPARSED_RES_BODY:CSR_PREORDER_ERROR_RES_BODY</RESPONSEFILE>
		<CUSTOMER>PEER_TEST|PEERLESS</CUSTOMER>
		<RESRAWINRESQUE>3</RESRAWINRESQUE>
		<CHANNELNAME>PEERLESSCSR</CHANNELNAME>		
		<SVCTYP>csr</SVCTYP>
	</TEST_CASE>
	<TEST_CASE name="RCN_RECV_CSR">
		<EXECUTION>TRUE</EXECUTION>		
		<HEADER>REQ_HEADER</HEADER>
		<RESPONSEHEADER>RES_HEADER</RESPONSEHEADER>
		<BODY>RCN_RECV_CSR_PREORDER_REQ_BODY</BODY>
		<ASRC>REQ_ASRC</ASRC>            
		<REQUEST>lsr_preorder</REQUEST>
		<RESPONSE>lsr_preorder_response</RESPONSE>
		<SUBREQUEST>csr</SUBREQUEST>
		<ILEC>RCN_RECV</ILEC>
		<HEADERVER>LSOG6</HEADERVER>		   
		<FLOW>NOFLOW</FLOW>
		<REMARKS>csr:Reccsr</REMARKS>				
		<STATUS>PARSEDRESPONSESTATUS</STATUS>		
		<CCNA>RCN</CCNA>
		<RESPONSEFILE>CSR_PREORDER_PARSED_RES_BODY:CSR_PREORDER_UNPARSED_RES_BODY:CSR_PREORDER_ERROR_RES_BODY</RESPONSEFILE>
		<CUSTOMER>RCN_RCV|RCN_RECV</CUSTOMER>
		<RESRAWINRESQUE>3</RESRAWINRESQUE>
		<CHANNELNAME>RCNCSR</CHANNELNAME>		
		<SVCTYP>csr</SVCTYP>
	</TEST_CASE>
	<TEST_CASE name="YMAX_PROD_CSR">
		<EXECUTION>TRUE</EXECUTION>		
		<HEADER>REQ_HEADER</HEADER>
		<RESPONSEHEADER>RES_HEADER</RESPONSEHEADER>
		<BODY>YMAX_PROD_CSR_PREORDER_REQ_BODY</BODY>
		<ASRC>REQ_ASRC</ASRC>            
		<REQUEST>lsr_preorder</REQUEST>
		<RESPONSE>lsr_preorder_response</RESPONSE>
		<SUBREQUEST>csr</SUBREQUEST>
		<ILEC>YMAX_PROD</ILEC>
		<HEADERVER>LSOG6</HEADERVER>		   
		<FLOW>NOFLOW</FLOW>
		<REMARKS>csr:Reccsr</REMARKS>				
		<STATUS>PARSEDRESPONSESTATUS</STATUS>		
		<CCNA>YMX</CCNA>
		<RESPONSEFILE>CSR_PREORDER_PARSED_RES_BODY:CSR_PREORDER_UNPARSED_RES_BODY:CSR_PREORDER_ERROR_RES_BODY</RESPONSEFILE>
		<CUSTOMER>PAT_YMAX|YMAX_PROD</CUSTOMER>
		<RESRAWINRESQUE>3</RESRAWINRESQUE>
		<CHANNELNAME>YMAXCSR</CHANNELNAME>		
		<SVCTYP>csr</SVCTYP>
	</TEST_CASE>
	<TEST_CASE name="EPB_COMM_CSR">
		<EXECUTION>TRUE</EXECUTION>		
		<HEADER>REQ_HEADER</HEADER>
		<RESPONSEHEADER>RES_HEADER</RESPONSEHEADER>
		<BODY>EPB_COMM_CSR_PREORDER_REQ_BODY</BODY>
		<ASRC>REQ_ASRC</ASRC>            
		<REQUEST>lsr_preorder</REQUEST>
		<RESPONSE>lsr_preorder_response</RESPONSE>
		<SUBREQUEST>csr</SUBREQUEST>
		<ILEC>EPB_COMM</ILEC>
		<HEADERVER>LSOG6</HEADERVER>		   
		<FLOW>NOFLOW</FLOW>
		<REMARKS>csr:Reccsr</REMARKS>				
		<STATUS>PARSEDRESPONSESTATUS</STATUS>		
		<CCNA>EPB</CCNA>
		<RESPONSEFILE>CSR_PREORDER_PARSED_RES_BODY:CSR_PREORDER_UNPARSED_RES_BODY:CSR_PREORDER_ERROR_RES_BODY</RESPONSEFILE>
		<CUSTOMER>EPB_RCV|EPB_COMM</CUSTOMER>
		<RESRAWINRESQUE>3</RESRAWINRESQUE>
		<CHANNELNAME>EPBCSR</CHANNELNAME>		
		<SVCTYP>csr</SVCTYP>
	</TEST_CASE>
	<TEST_CASE name="MCC_COMM_CSR">
		<EXECUTION>TRUE</EXECUTION>		
		<HEADER>REQ_HEADER</HEADER>
		<RESPONSEHEADER>RES_HEADER</RESPONSEHEADER>
		<BODY>MCC_COMM_CSR_PREORDER_REQ_BODY</BODY>
		<ASRC>REQ_ASRC</ASRC>            
		<REQUEST>lsr_preorder</REQUEST>
		<RESPONSE>lsr_preorder_response</RESPONSE>
		<SUBREQUEST>csr</SUBREQUEST>
		<ILEC>MCC_COMM</ILEC>
		<HEADERVER>LSOG6</HEADERVER>		   
		<FLOW>NOFLOW</FLOW>
		<REMARKS>csr:Reccsr</REMARKS>				
		<STATUS>PARSEDRESPONSESTATUS</STATUS>		
		<CCNA>MCC</CCNA>
		<RESPONSEFILE>CSR_PREORDER_PARSED_RES_BODY:CSR_PREORDER_UNPARSED_RES_BODY:CSR_PREORDER_ERROR_RES_BODY</RESPONSEFILE>
		<CUSTOMER>PAT_MCC|MCC_COMM</CUSTOMER>
		<RESRAWINRESQUE>3</RESRAWINRESQUE>
		<CHANNELNAME>MCCCSR</CHANNELNAME>		
		<SVCTYP>csr</SVCTYP>
	</TEST_CASE>
	<TEST_CASE name="TWC_COMM_CSR">
		<EXECUTION>TRUE</EXECUTION>		
		<HEADER>REQ_HEADER</HEADER>
		<RESPONSEHEADER>RES_HEADER</RESPONSEHEADER>
		<BODY>TWC_COMM_CSR_PREORDER_REQ_BODY</BODY>
		<ASRC>REQ_ASRC</ASRC>            
		<REQUEST>lsr_preorder</REQUEST>
		<RESPONSE>lsr_preorder_response</RESPONSE>
		<SUBREQUEST>csr</SUBREQUEST>
		<ILEC>TWC_COMM</ILEC>
		<HEADERVER>LSOG6</HEADERVER>		   
		<FLOW>NOFLOW</FLOW>
		<REMARKS>csr:Reccsr</REMARKS>				
		<STATUS>PARSEDRESPONSESTATUS</STATUS>		
		<CCNA>TWC</CCNA>
		<RESPONSEFILE>CSR_PREORDER_PARSED_RES_BODY:CSR_PREORDER_UNPARSED_RES_BODY:CSR_PREORDER_ERROR_RES_BODY</RESPONSEFILE>
		<CUSTOMER>TWC_RCV|TWC_COMM</CUSTOMER>
		<RESRAWINRESQUE>3</RESRAWINRESQUE>
		<CHANNELNAME>TWCCSR</CHANNELNAME>		
		<SVCTYP>csr</SVCTYP>
	</TEST_CASE>
	<TEST_CASE name="QWESTCLEC_CSR">
		<EXECUTION>TRUE</EXECUTION>		
		<HEADER>REQ_HEADER</HEADER>
		<RESPONSEHEADER>RES_HEADER</RESPONSEHEADER>
		<BODY>QWESTCLEC_CSR_PREORDER_REQ_BODY</BODY>
		<ASRC>REQ_ASRC</ASRC>            
		<REQUEST>lsr_preorder</REQUEST>
		<RESPONSE>lsr_preorder_response</RESPONSE>
		<SUBREQUEST>csr</SUBREQUEST>
		<ILEC>QWESTCLEC</ILEC>
		<HEADERVER>LSOG6</HEADERVER>		   
		<FLOW>NOFLOW</FLOW>
		<REMARKS>csr:Reccsr</REMARKS>				
		<STATUS>PARSEDRESPONSESTATUS</STATUS>		
		<CCNA>QWE</CCNA>
		<RESPONSEFILE>CSR_PREORDER_PARSED_RES_BODY:CSR_PREORDER_UNPARSED_RES_BODY:CSR_PREORDER_ERROR_RES_BODY</RESPONSEFILE>
		<CUSTOMER>QWEST_RCV|QWESTCLEC</CUSTOMER>
		<RESRAWINRESQUE>3</RESRAWINRESQUE>
		<CHANNELNAME>QWESTCLECCSR</CHANNELNAME>		
		<SVCTYP>csr</SVCTYP>
	</TEST_CASE>
	<TEST_CASE name="WAVE_PROD_CSR">
		<EXECUTION>TRUE</EXECUTION>		
		<HEADER>REQ_HEADER</HEADER>
		<RESPONSEHEADER>RES_HEADER</RESPONSEHEADER>
		<BODY>WAVE_PROD_CSR_PREORDER_REQ_BODY</BODY>
		<ASRC>REQ_ASRC</ASRC>            
		<REQUEST>lsr_preorder</REQUEST>
		<RESPONSE>lsr_preorder_response</RESPONSE>
		<SUBREQUEST>csr</SUBREQUEST>
		<ILEC>WAVE_PROD</ILEC>
		<HEADERVER>LSOG6</HEADERVER>		   
		<FLOW>NOFLOW</FLOW>
		<REMARKS>csr:Reccsr</REMARKS>				
		<STATUS>PARSEDRESPONSESTATUS</STATUS>		
		<CCNA>WSP</CCNA>
		<RESPONSEFILE>CSR_PREORDER_PARSED_RES_BODY:CSR_PREORDER_UNPARSED_RES_BODY:CSR_PREORDER_ERROR_RES_BODY</RESPONSEFILE>
		<CUSTOMER>WSP_PRD|WAVE_PROD</CUSTOMER>
		<RESRAWINRESQUE>3</RESRAWINRESQUE>
		<CHANNELNAME>WAVECSR</CHANNELNAME>		
		<SVCTYP>csr</SVCTYP>
	</TEST_CASE>
	<TEST_CASE name="HAWAIITEL_AV_PREORDER">
		<EXECUTION>TRUE</EXECUTION>		
		<HEADER>REQ_HEADER</HEADER>
		<RESPONSEHEADER>RES_HEADER</RESPONSEHEADER>
		<BODY>HAWAIITEL_AV_PREORDER_REQ_BODY</BODY>
		<ASRC>REQ_ASRC</ASRC>            
		<REQUEST>lsr_preorder</REQUEST>
		<RESPONSE>lsr_preorder_response</RESPONSE>
		<SUBREQUEST>address_validation</SUBREQUEST>
		<ILEC>HAWAIITEL</ILEC>
		<HEADERVER>LSOG6</HEADERVER>		   
		<FLOW>NOFLOW</FLOW>
		<REMARKS>addressMatch:RecaddressMatch</REMARKS>				
		<STATUS>ADDRESSMATCHSTATUS</STATUS>		
		<CCNA>PAT</CCNA>
		<RESPONSEFILE>AV_PREORDER_ADDRESSMATCH_RES_BODY:AV_PREORDER_ADDRESSALTERNATIVE_RES_BODY:AV_PREORDER_ADDRESSERROR_RES_BODY</RESPONSEFILE>
		<CUSTOMER>PAT_CUST|HAWAIITEL</CUSTOMER>
		<RESRAWINRESQUE>3</RESRAWINRESQUE>
		<CHANNELNAME>HAWAIITELCSR</CHANNELNAME>		
		<SVCTYP>address_validation</SVCTYP>
	</TEST_CASE>
	<TEST_CASE name="HAWAIITEL_CSR">
		<EXECUTION>TRUE</EXECUTION>		
		<HEADER>REQ_HEADER</HEADER>
		<RESPONSEHEADER>RES_HEADER</RESPONSEHEADER>
		<BODY>HAWAIITEL_CSR_PREORDER_REQ_BODY</BODY>
		<ASRC>REQ_ASRC</ASRC>            
		<REQUEST>lsr_preorder</REQUEST>
		<RESPONSE>lsr_preorder_response</RESPONSE>
		<SUBREQUEST>csr</SUBREQUEST>
		<ILEC>HAWAIITEL</ILEC>
		<HEADERVER>LSOG6</HEADERVER>		   
		<FLOW>NOFLOW</FLOW>
		<REMARKS>csr:Reccsr</REMARKS>				
		<STATUS>PARSEDRESPONSESTATUS</STATUS>		
		<CCNA>PAT</CCNA>
		<RESPONSEFILE>CSR_PREORDER_PARSED_RES_BODY:CSR_PREORDER_UNPARSED_RES_BODY:CSR_PREORDER_ERROR_RES_BODY</RESPONSEFILE>
		<CUSTOMER>PAT_CUST|HAWAIITEL</CUSTOMER>
		<RESRAWINRESQUE>3</RESRAWINRESQUE>
		<CHANNELNAME>HAWAIITELCSR</CHANNELNAME>		
		<SVCTYP>csr</SVCTYP>
	</TEST_CASE>
	<TEST_CASE name="HAWAIITEL_LQ_PREORDER">
		<EXECUTION>TRUE</EXECUTION>		
		<HEADER>REQ_HEADER</HEADER>
		<RESPONSEHEADER>RES_HEADER</RESPONSEHEADER>
		<BODY>HAWAIITEL_LQ_PREORDER_REQ_BODY</BODY>
		<ASRC>REQ_ASRC</ASRC>            
		<REQUEST>lsr_preorder</REQUEST>
		<RESPONSE>lsr_preorder_response</RESPONSE>
		<SUBREQUEST>loop_qualification</SUBREQUEST>
		<ILEC>HAWAIITEL</ILEC>
		<HEADERVER>LSOG6</HEADERVER>		   
		<FLOW>NOFLOW</FLOW>
		<REMARKS>loop:Recloop</REMARKS>				
		<STATUS>RESPONSESTATUS</STATUS>		
		<CCNA>PAT</CCNA>
		<RESPONSEFILE>LQ_PREORDER_RES_BODY</RESPONSEFILE>
		<CUSTOMER>PAT_CUST|HAWAIITEL</CUSTOMER>
		<RESRAWINRESQUE>1</RESRAWINRESQUE>
		<CHANNELNAME>HAWAIITELCSR</CHANNELNAME>		
		<SVCTYP>loop_qualification</SVCTYP>
	</TEST_CASE>
	<TEST_CASE name="HAWAIITEL_TN_assignment">
		<EXECUTION>TRUE</EXECUTION>		
		<HEADER>REQ_HEADER</HEADER>
		<RESPONSEHEADER>RES_HEADER</RESPONSEHEADER>
		<BODY>HAWAIITEL_TN_PREORDER_REQ_BODY</BODY>
		<ASRC>REQ_ASRC</ASRC>            
		<REQUEST>lsr_preorder</REQUEST>
		<RESPONSE>lsr_preorder_response</RESPONSE>
		<SUBREQUEST>TN_assignment</SUBREQUEST>
		<ILEC>HAWAIITEL</ILEC>
		<HEADERVER>LSOG6</HEADERVER>		   
		<FLOW>NOFLOW</FLOW>
		<REMARKS>taf:Rectaf</REMARKS>				
		<STATUS>RESPONSESTATUS</STATUS>		
		<CCNA>PAT</CCNA>
		<RESPONSEFILE>TN_PREORDER_RES_BODY</RESPONSEFILE>
		<CUSTOMER>PAT_CUST|HAWAIITEL</CUSTOMER>
		<RESRAWINRESQUE>1</RESRAWINRESQUE>
		<CHANNELNAME>HAWAIITELCSR</CHANNELNAME>		
		<SVCTYP>TN_assignment</SVCTYP>
	</TEST_CASE>
	<TEST_CASE name="HAWAIITEL_appointment_scheduling">
		<EXECUTION>TRUE</EXECUTION>		
		<HEADER>REQ_HEADER</HEADER>
		<RESPONSEHEADER>RES_HEADER</RESPONSEHEADER>
		<BODY>HAWAIITEL_AS_PREORDER_REQ_BODY</BODY>
		<ASRC>REQ_ASRC</ASRC>            
		<REQUEST>lsr_preorder</REQUEST>
		<RESPONSE>lsr_preorder_response</RESPONSE>
		<SUBREQUEST>appointment_scheduling</SUBREQUEST>
		<ILEC>HAWAIITEL</ILEC>
		<HEADERVER>LSOG6</HEADERVER>		   
		<FLOW>NOFLOW</FLOW>
		<REMARKS>taf:Rectaf</REMARKS>				
		<STATUS>RESPONSESTATUS</STATUS>		
		<CCNA>PAT</CCNA>
		<RESPONSEFILE>AS_PREORDER_RES_BODY</RESPONSEFILE>
		<CUSTOMER>PAT_CUST|HAWAIITEL</CUSTOMER>
		<RESRAWINRESQUE>1</RESRAWINRESQUE>
		<CHANNELNAME>HAWAIITELCSR</CHANNELNAME>		
		<SVCTYP>appointment_scheduling</SVCTYP>
	</TEST_CASE>
	<TEST_CASE name="HAWAIITEL_FS_availability">
		<EXECUTION>TRUE</EXECUTION>		
		<HEADER>REQ_HEADER</HEADER>
		<RESPONSEHEADER>RES_HEADER</RESPONSEHEADER>
		<BODY>HAWAIITEL_FS_PREORDER_REQ_BODY</BODY>
		<ASRC>REQ_ASRC</ASRC>            
		<REQUEST>lsr_preorder</REQUEST>
		<RESPONSE>lsr_preorder_response</RESPONSE>
		<SUBREQUEST>FS_availability</SUBREQUEST>
		<ILEC>HAWAIITEL</ILEC>
		<HEADERVER>LSOG6</HEADERVER>		   
		<FLOW>NOFLOW</FLOW>
		<REMARKS>taf:Rectaf</REMARKS>				
		<STATUS>RESPONSESTATUS</STATUS>		
		<CCNA>PAT</CCNA>
		<RESPONSEFILE>FS_PREORDER_RES_BODY</RESPONSEFILE>
		<CUSTOMER>PAT_CUST|HAWAIITEL</CUSTOMER>
		<RESRAWINRESQUE>1</RESRAWINRESQUE>
		<CHANNELNAME>HAWAIITELCSR</CHANNELNAME>		
		<SVCTYP>FS_availability</SVCTYP>
		</TEST_CASE>
		<TEST_CASE name="HAWAIITEL_CFA_inquiry">
		<EXECUTION>TRUE</EXECUTION>		
		<HEADER>REQ_HEADER</HEADER>
		<RESPONSEHEADER>RES_HEADER</RESPONSEHEADER>
		<BODY>HAWAIITEL_CFA_PREORDER_REQ_BODY</BODY>
		<ASRC>REQ_ASRC</ASRC>            
		<REQUEST>lsr_preorder</REQUEST>
		<RESPONSE>lsr_preorder_response</RESPONSE>
		<SUBREQUEST>CFA_inquiry</SUBREQUEST>
		<ILEC>HAWAIITEL</ILEC>
		<HEADERVER>LSOG6</HEADERVER>		   
		<FLOW>NOFLOW</FLOW>
		<REMARKS>taf:Rectaf</REMARKS>				
		<STATUS>RESPONSESTATUS</STATUS>		
		<CCNA>PAT</CCNA>
		<RESPONSEFILE>CFA_PREORDER_RES_BODY</RESPONSEFILE>
		<CUSTOMER>PAT_CUST|HAWAIITEL</CUSTOMER>
		<RESRAWINRESQUE>1</RESRAWINRESQUE>
		<CHANNELNAME>HAWAIITELCSR</CHANNELNAME>		
		<SVCTYP>CFA_inquiry</SVCTYP>
	</TEST_CASE>
	<TEST_CASE name="HAWAIITEL_fiber_availability">
		<EXECUTION>TRUE</EXECUTION>		
		<HEADER>REQ_HEADER</HEADER>
		<RESPONSEHEADER>RES_HEADER</RESPONSEHEADER>
		<BODY>HAWAIITEL_FA_PREORDER_REQ_BODY</BODY>
		<ASRC>REQ_ASRC</ASRC>            
		<REQUEST>lsr_preorder</REQUEST>
		<RESPONSE>lsr_preorder_response</RESPONSE>
		<SUBREQUEST>fiber_availability</SUBREQUEST>
		<ILEC>HAWAIITEL</ILEC>
		<HEADERVER>LSOG6</HEADERVER>		   
		<FLOW>NOFLOW</FLOW>
		<REMARKS>taf:Rectaf</REMARKS>				
		<STATUS>RESPONSESTATUS</STATUS>		
		<CCNA>PAT</CCNA>
		<RESPONSEFILE>FA_PREORDER_RES_BODY</RESPONSEFILE>
		<CUSTOMER>PAT_CUST|HAWAIITEL</CUSTOMER>
		<RESRAWINRESQUE>1</RESRAWINRESQUE>
		<CHANNELNAME>HAWAIITELCSR</CHANNELNAME>		
		<SVCTYP>fiber_availability</SVCTYP>
	</TEST_CASE>
	<TEST_CASE name="HAWAIITEL_cancel_reservation">
		<EXECUTION>TRUE</EXECUTION>		
		<HEADER>REQ_HEADER</HEADER>
		<RESPONSEHEADER>RES_HEADER</RESPONSEHEADER>
		<BODY>HAWAIITEL_CR_PREORDER_REQ_BODY</BODY>
		<ASRC>REQ_ASRC</ASRC>            
		<REQUEST>lsr_preorder</REQUEST>
		<RESPONSE>lsr_preorder_response</RESPONSE>
		<SUBREQUEST>cancel_reservation</SUBREQUEST>
		<ILEC>HAWAIITEL</ILEC>
		<HEADERVER>LSOG6</HEADERVER>		   
		<FLOW>NOFLOW</FLOW>
		<REMARKS>taf:Rectaf</REMARKS>				
		<STATUS>RESPONSESTATUS</STATUS>		
		<CCNA>PAT</CCNA>
		<RESPONSEFILE>CR_PREORDER_RES_BODY</RESPONSEFILE>
		<CUSTOMER>PAT_CUST|HAWAIITEL</CUSTOMER>
		<RESRAWINRESQUE>1</RESRAWINRESQUE>
		<CHANNELNAME>HAWAIITELCSR</CHANNELNAME>		
		<SVCTYP>cancel_reservation</SVCTYP>
	</TEST_CASE>
</Order>