<?xml version="1.0"?>
<PreOrder>
	<TEST_CASE name="ATT_AV_REQ">
		<EXECUTION>FALSE</EXECUTION>
		<HEADER>REQ_HEADER</HEADER>
		<BODY>ATT_AV_REQ_BODY</BODY>
		<ASRC>REQ_ASRC</ASRC>
		<REQUEST>lsr_preorder</REQUEST>
		<SUBREQUEST>address_validation</SUBREQUEST>
		<ILEC>ATT</ILEC>
		<HEADERVER>LSOG10</HEADERVER>
		<FLOW>NOFLOW</FLOW>
		<REMARKS>addressMatch</REMARKS>
		<STATUS>ADDRESSMATCHSTATUS</STATUS>	
		<RESRAWINRESQUE>2</RESRAWINRESQUE>
		<CHANNELNAME>ATTPREORDER</CHANNELNAME>
		<SVCTYP>av</SVCTYP>
	</TEST_CASE>
	<TEST_CASE name="ATT_CSR_REQ">
		<EXECUTION>FALSE</EXECUTION>
		<HEADER>REQ_HEADER</HEADER>
		<BODY>ATT_CSR_REQ_BODY</BODY>
		<ASRC>REQ_ASRC</ASRC>
		<REQUEST>lsr_preorder</REQUEST>
		<SUBREQUEST>csr</SUBREQUEST>
		<ILEC>ATT</ILEC>
		<HEADERVER>LSOG10</HEADERVER>
		<FLOW>NOFLOW</FLOW>
		<REMARKS>csr</REMARKS>		
		<STATUS>PARSEDRESPONSESTATUS</STATUS>		
		<RESRAWINRESQUE>2</RESRAWINRESQUE>
		<CHANNELNAME>ATTPREORDER</CHANNELNAME>
		<SVCTYP>csr</SVCTYP>
	</TEST_CASE>
	<TEST_CASE name="ATT_LQ_REQ">
		<EXECUTION>FALSE</EXECUTION>
		<HEADER>REQ_HEADER</HEADER>
		<BODY>ATT_LQ_REQ_BODY</BODY>
		<ASRC>REQ_ASRC</ASRC>
		<REQUEST>lsr_preorder</REQUEST>
		<SUBREQUEST>loop_qualification</SUBREQUEST>
		<ILEC>ATT</ILEC>
		<HEADERVER>LSOG10</HEADERVER>
		<FLOW>NOFLOW</FLOW>
		<REMARKS>loop</REMARKS>
		<STATUS>RESPONSESTATUS</STATUS>		
		<RESRAWINRESQUE>1</RESRAWINRESQUE>
		<CHANNELNAME>ATTPREORDER</CHANNELNAME>
		<SVCTYP>lq</SVCTYP>
	</TEST_CASE>
	<TEST_CASE name="ATT_TN_REQ">
		<EXECUTION>FALSE</EXECUTION>
		<HEADER>REQ_HEADER</HEADER>
		<BODY>ATT_TN_REQ_BODY</BODY>
		<ASRC>REQ_ASRC</ASRC>
		<REQUEST>lsr_preorder</REQUEST>
		<SUBREQUEST>TN_assignment</SUBREQUEST>
		<ILEC>ATT</ILEC>
		<HEADERVER>LSOG10</HEADERVER>
		<FLOW>NOFLOW</FLOW>
		<REMARKS>tnresponse</REMARKS>		
		<STATUS>RESPONSESTATUS</STATUS>		
		<RESRAWINRESQUE>1</RESRAWINRESQUE>
		<CHANNELNAME>ATTPREORDER</CHANNELNAME>
		<SVCTYP>tn</SVCTYP>
	</TEST_CASE>
	<TEST_CASE name="ATT_SOI_REQ_(NOT_WORKING_DUE_TO_RESPONSE)">
		<EXECUTION>FALSE</EXECUTION>
		<HEADER>REQ_HEADER</HEADER>
		<BODY>ATT_SOI_REQ_BODY</BODY>
		<ASRC>REQ_ASRC</ASRC>
		<REQUEST>lsr_preorder</REQUEST>
		<SUBREQUEST>service_order_inquiry</SUBREQUEST>
		<ILEC>ATT</ILEC>
		<HEADERVER>LSOG10</HEADERVER>
		<FLOW>NOFLOW</FLOW>
		<REMARKS>errorresponse</REMARKS>		
		<STATUS>ERRORSTATUS</STATUS>		
		<RESRAWINRESQUE>2</RESRAWINRESQUE>
		<CHANNELNAME>ATTPREORDER</CHANNELNAME>
		<SVCTYP>soip</SVCTYP>
	</TEST_CASE>
	<TEST_CASE name="ATT_FS_REQ_(NOT_WORKING_DUE_TO_RESPONSE)">
		<EXECUTION>FALSE</EXECUTION>
		<HEADER>REQ_HEADER</HEADER>
		<BODY>ATT_FS_REQ_BODY</BODY>
		<ASRC>REQ_ASRC</ASRC>
		<REQUEST>lsr_preorder</REQUEST>
		<SUBREQUEST>FS_availability</SUBREQUEST>
		<ILEC>ATT</ILEC>
		<HEADERVER>LSOG10</HEADERVER>
		<FLOW>NOFLOW</FLOW>
		<REMARKS>tnresponse</REMARKS>		
		<STATUS>RESPONSESTATUS</STATUS>		
		<RESRAWINRESQUE>1</RESRAWINRESQUE>
		<CHANNELNAME>ATTPREORDER</CHANNELNAME>
		<SVCTYP>fs</SVCTYP>
	</TEST_CASE>
	<TEST_CASE name="ATT_AS_REQ">
		<EXECUTION>FALSE</EXECUTION>
		<HEADER>REQ_HEADER</HEADER>
		<BODY>ATT_AS_REQ_BODY</BODY>
		<ASRC>REQ_ASRC</ASRC>
		<REQUEST>lsr_preorder</REQUEST>
		<SUBREQUEST>appointment_scheduling</SUBREQUEST>
		<ILEC>ATT</ILEC>
		<HEADERVER>LSOG10</HEADERVER>
		<FLOW>NOFLOW</FLOW>
		<REMARKS>tnresponse</REMARKS>		
		<STATUS>RESPONSESTATUS</STATUS>		
		<RESRAWINRESQUE>1</RESRAWINRESQUE>
		<CHANNELNAME>ATTPREORDER</CHANNELNAME>
		<SVCTYP>appt</SVCTYP>
	</TEST_CASE>
	<TEST_CASE name="ATTSE_AV_REQ">
		<EXECUTION>FALSE</EXECUTION>
		<HEADER>REQ_HEADER</HEADER>
		<BODY>ATTSE_AV_REQ_BODY</BODY>
		<ASRC>REQ_ASRC</ASRC>
		<REQUEST>lsr_preorder</REQUEST>
		<SUBREQUEST>address_validation</SUBREQUEST>
		<ILEC>ATTSE</ILEC>
		<HEADERVER>LSOG10</HEADERVER>
		<FLOW>NOFLOW</FLOW>
		<REMARKS>addressMatch</REMARKS>
		<STATUS>ADDRESSMATCHSTATUS</STATUS>			
		<RESRAWINRESQUE>2</RESRAWINRESQUE>
		<CHANNELNAME>ATTSEPREORDER</CHANNELNAME>
		<SVCTYP>av</SVCTYP>
	</TEST_CASE>
	<TEST_CASE name="ATTSE_CSR_REQ">
		<EXECUTION>FALSE</EXECUTION>
		<HEADER>REQ_HEADER</HEADER>
		<BODY>ATTSE_CSR_REQ_BODY</BODY>
		<ASRC>REQ_ASRC</ASRC>
		<REQUEST>lsr_preorder</REQUEST>
		<SUBREQUEST>csr</SUBREQUEST>
		<ILEC>ATTSE</ILEC>
		<HEADERVER>LSOG10</HEADERVER>
		<FLOW>NOFLOW</FLOW>
		<REMARKS>csr</REMARKS>		
		<STATUS>PARSEDRESPONSESTATUS</STATUS>		
		<RESRAWINRESQUE>2</RESRAWINRESQUE>
		<CHANNELNAME>ATTSEPREORDER</CHANNELNAME>
		<SVCTYP>csr</SVCTYP>
	</TEST_CASE>
	<TEST_CASE name="ATTSE_LQ_REQ">
		<EXECUTION>FALSE</EXECUTION>
		<HEADER>REQ_HEADER</HEADER>
		<BODY>ATTSE_LQ_REQ_BODY</BODY>
		<ASRC>REQ_ASRC</ASRC>
		<REQUEST>lsr_preorder</REQUEST>
		<SUBREQUEST>loop_qualification</SUBREQUEST>
		<ILEC>ATTSE</ILEC>
		<HEADERVER>LSOG10</HEADERVER>
		<FLOW>NOFLOW</FLOW>
		<REMARKS>loop</REMARKS>		
		<STATUS>RESPONSESTATUS</STATUS>		
		<RESRAWINRESQUE>1</RESRAWINRESQUE>
		<CHANNELNAME>ATTSEPREORDER</CHANNELNAME>
		<SVCTYP>lq</SVCTYP>
	</TEST_CASE>
	<TEST_CASE name="ATTSE_TN_REQ">
		<EXECUTION>FALSE</EXECUTION>
		<HEADER>REQ_HEADER</HEADER>
		<BODY>ATTSE_TN_REQ_BODY</BODY>
		<ASRC>REQ_ASRC</ASRC>
		<REQUEST>lsr_preorder</REQUEST>
		<SUBREQUEST>TN_assignment</SUBREQUEST>
		<ILEC>ATTSE</ILEC>
		<HEADERVER>LSOG10</HEADERVER>
		<FLOW>NOFLOW</FLOW>
		<REMARKS>tnresponse</REMARKS>		
		<STATUS>RESPONSESTATUS</STATUS>		
		<RESRAWINRESQUE>1</RESRAWINRESQUE>
		<CHANNELNAME>ATTSEPREORDER</CHANNELNAME>
		<SVCTYP>tn</SVCTYP>
	</TEST_CASE>
	<TEST_CASE name="ATTSE_FS_REQ">
		<EXECUTION>FALSE</EXECUTION>
		<HEADER>REQ_HEADER</HEADER>
		<BODY>ATTSE_FS_REQ_BODY</BODY>
		<ASRC>REQ_ASRC</ASRC>
		<REQUEST>lsr_preorder</REQUEST>
		<SUBREQUEST>FS_availability</SUBREQUEST>
		<ILEC>ATTSE</ILEC>
		<HEADERVER>LSOG10</HEADERVER>
		<FLOW>NOFLOW</FLOW>
		<REMARKS>tnresponse</REMARKS>		
		<STATUS>RESPONSESTATUS</STATUS>		
		<RESRAWINRESQUE>1</RESRAWINRESQUE>
		<CHANNELNAME>ATTSEPREORDER</CHANNELNAME>
		<SVCTYP>fs</SVCTYP>
	</TEST_CASE>
	<TEST_CASE name="ATTSE_AS_REQ">
		<EXECUTION>FALSE</EXECUTION>
		<HEADER>REQ_HEADER</HEADER>
		<BODY>ATTSE_AS_REQ_BODY</BODY>
		<ASRC>REQ_ASRC</ASRC>
		<REQUEST>lsr_preorder</REQUEST>
		<SUBREQUEST>appointment_scheduling</SUBREQUEST>
		<ILEC>ATTSE</ILEC>
		<HEADERVER>LSOG10</HEADERVER>
		<FLOW>NOFLOW</FLOW>
		<REMARKS>tnresponse</REMARKS>		
		<STATUS>RESPONSESTATUS</STATUS>		
		<RESRAWINRESQUE>1</RESRAWINRESQUE>
		<CHANNELNAME>ATTSEPREORDER</CHANNELNAME>
		<SVCTYP>appt</SVCTYP>
	</TEST_CASE>
	<TEST_CASE name="VZE_AV_REQ">
		<EXECUTION>FALSE</EXECUTION>
		<HEADER>REQ_HEADER</HEADER>
		<BODY>VZE_AV_REQ_BODY</BODY>
		<ASRC>REQ_ASRC</ASRC>
		<REQUEST>lsr_preorder</REQUEST>
		<SUBREQUEST>address_validation</SUBREQUEST>
		<ILEC>VZE</ILEC>
		<HEADERVER>LSOG9</HEADERVER>
		<FLOW>NOFLOW</FLOW>
		<REMARKS>addressMatch</REMARKS>		
		<STATUS>ADDRESSMATCHSTATUS</STATUS>		
		<RESRAWINRESQUE>2</RESRAWINRESQUE>
		<CHANNELNAME>VZEPREORDER</CHANNELNAME>
		<SVCTYP>av</SVCTYP>
	</TEST_CASE>
	<TEST_CASE name="VZE_CSR_REQ">
		<EXECUTION>FALSE</EXECUTION>
		<HEADER>REQ_HEADER</HEADER>
		<BODY>VZE_CSR_REQ_BODY</BODY>
		<ASRC>REQ_ASRC</ASRC>
		<REQUEST>lsr_preorder</REQUEST>
		<SUBREQUEST>csr</SUBREQUEST>
		<ILEC>VZE</ILEC>
		<HEADERVER>LSOG9</HEADERVER>
		<FLOW>NOFLOW</FLOW>
		<REMARKS>csr</REMARKS>		
		<STATUS>PARSEDRESPONSESTATUS</STATUS>		
		<RESRAWINRESQUE>2</RESRAWINRESQUE>
		<CHANNELNAME>VZEPREORDER</CHANNELNAME>
		<SVCTYP>csr</SVCTYP>
	</TEST_CASE>
	<TEST_CASE name="VZE_LQ_REQ">
		<EXECUTION>FALSE</EXECUTION>
		<HEADER>REQ_HEADER</HEADER>
		<BODY>VZE_LQ_REQ_BODY</BODY>
		<ASRC>REQ_ASRC</ASRC>
		<REQUEST>lsr_preorder</REQUEST>
		<SUBREQUEST>loop_qualification</SUBREQUEST>
		<ILEC>VZE</ILEC>
		<HEADERVER>LSOG9</HEADERVER>
		<FLOW>NOFLOW</FLOW>
		<REMARKS>loop</REMARKS>		
		<STATUS>RESPONSESTATUS</STATUS>		
		<RESRAWINRESQUE>1</RESRAWINRESQUE>
		<CHANNELNAME>VZEPREORDER</CHANNELNAME>
		<SVCTYP>lq</SVCTYP>
	</TEST_CASE>
	<TEST_CASE name="VZE_TN_REQ">
		<EXECUTION>FALSE</EXECUTION>
		<HEADER>REQ_HEADER</HEADER>
		<BODY>VZE_TN_REQ_BODY</BODY>
		<ASRC>REQ_ASRC</ASRC>
		<REQUEST>lsr_preorder</REQUEST>
		<SUBREQUEST>TN_assignment</SUBREQUEST>
		<ILEC>VZE</ILEC>
		<HEADERVER>LSOG9</HEADERVER>
		<FLOW>NOFLOW</FLOW>
		<REMARKS>tnresponse</REMARKS>		
		<STATUS>RESPONSESTATUS</STATUS>		
		<RESRAWINRESQUE>1</RESRAWINRESQUE>
		<CHANNELNAME>VZEPREORDER</CHANNELNAME>
		<SVCTYP>tn</SVCTYP>
	</TEST_CASE>
	<TEST_CASE name="VZE_FS_REQ">
		<EXECUTION>FALSE</EXECUTION>
		<HEADER>REQ_HEADER</HEADER>
		<BODY>VZE_FS_REQ_BODY</BODY>
		<ASRC>REQ_ASRC</ASRC>
		<REQUEST>lsr_preorder</REQUEST>
		<SUBREQUEST>FS_availability</SUBREQUEST>
		<ILEC>VZE</ILEC>
		<HEADERVER>LSOG9</HEADERVER>
		<FLOW>NOFLOW</FLOW>
		<REMARKS>tnresponse</REMARKS>		
		<STATUS>RESPONSESTATUS</STATUS>		
		<RESRAWINRESQUE>1</RESRAWINRESQUE>
		<CHANNELNAME>VZEPREORDER</CHANNELNAME>
		<SVCTYP>fs</SVCTYP>
	</TEST_CASE>
	<TEST_CASE name="VZE_AS_REQ">
		<EXECUTION>FALSE</EXECUTION>
		<HEADER>REQ_HEADER</HEADER>
		<BODY>VZE_AS_REQ_BODY</BODY>
		<ASRC>REQ_ASRC</ASRC>
		<REQUEST>lsr_preorder</REQUEST>
		<SUBREQUEST>appointment_scheduling</SUBREQUEST>
		<ILEC>VZE</ILEC>
		<HEADERVER>LSOG9</HEADERVER>
		<FLOW>NOFLOW</FLOW>
		<REMARKS>tnresponse</REMARKS>		
		<STATUS>RESPONSESTATUS</STATUS>
		<RESRAWINRESQUE>1</RESRAWINRESQUE>
		<CHANNELNAME>VZEPREORDER</CHANNELNAME>
		<SVCTYP>appt</SVCTYP>
	</TEST_CASE>
	<TEST_CASE name="VZE_SOI_REQ">
		<EXECUTION>FALSE</EXECUTION>
		<HEADER>REQ_HEADER</HEADER>
		<BODY>VZE_SOI_REQ_BODY</BODY>
		<ASRC>REQ_ASRC</ASRC>
		<REQUEST>lsr_preorder</REQUEST>
		<SUBREQUEST>service_order_inquiry</SUBREQUEST>
		<ILEC>VZE</ILEC>
		<HEADERVER>LSOG9</HEADERVER>
		<FLOW>NOFLOW</FLOW>
		<REMARKS>errorresponse</REMARKS>		
		<STATUS>ERRORSTATUS</STATUS>		
		<RESRAWINRESQUE>1</RESRAWINRESQUE>
		<CHANNELNAME>VZEPREORDER</CHANNELNAME>
		<SVCTYP>soip</SVCTYP>
	</TEST_CASE>
	<TEST_CASE name="VZE_DLI_REQ">
		<EXECUTION>FALSE</EXECUTION>
		<HEADER>REQ_HEADER</HEADER>
		<BODY>VZE_DLI_REQ_BODY</BODY>
		<ASRC>REQ_ASRC</ASRC>
		<REQUEST>lsr_preorder</REQUEST>
		<SUBREQUEST>Directory_Listing_Inquiry</SUBREQUEST>
		<ILEC>VZE</ILEC>
		<HEADERVER>LSOG9</HEADERVER>
		<FLOW>NOFLOW</FLOW>
		<REMARKS>tnresponse</REMARKS>		
		<STATUS>RESPONSESTATUS</STATUS>		
		<RESRAWINRESQUE>1</RESRAWINRESQUE>
		<CHANNELNAME>VZEPREORDER</CHANNELNAME>
		<SVCTYP>dlipreorder</SVCTYP>
	</TEST_CASE>
	<TEST_CASE name="VZE_CFAI_REQ">
		<EXECUTION>FALSE</EXECUTION>
		<HEADER>REQ_HEADER</HEADER>
		<BODY>VZE_CFAI_REQ_BODY</BODY>
		<ASRC>REQ_ASRC</ASRC>
		<REQUEST>lsr_preorder</REQUEST>
		<SUBREQUEST>CFA_inquiry</SUBREQUEST>
		<ILEC>VZE</ILEC>
		<HEADERVER>LSOG9</HEADERVER>
		<FLOW>NOFLOW</FLOW>
		<REMARKS>tnresponse</REMARKS>		
		<STATUS>RESPONSESTATUS</STATUS>		
		<RESRAWINRESQUE>1</RESRAWINRESQUE>
		<CHANNELNAME>VZEPREORDER</CHANNELNAME>
		<SVCTYP>cfai</SVCTYP>
	</TEST_CASE>
	<TEST_CASE name="VZW_CFAI_REQ">
		<EXECUTION>FALSE</EXECUTION>
		<HEADER>REQ_HEADER</HEADER>
		<BODY>VZW_CFAI_REQ_BODY</BODY>
		<ASRC>REQ_ASRC</ASRC>
		<REQUEST>lsr_preorder</REQUEST>
		<SUBREQUEST>CFA_inquiry</SUBREQUEST>
		<ILEC>VZW</ILEC>
		<HEADERVER>LSOG9</HEADERVER>
		<FLOW>NOFLOW</FLOW>
		<REMARKS>tnresponse</REMARKS>		
		<STATUS>RESPONSESTATUS</STATUS>		
		<RESRAWINRESQUE>1</RESRAWINRESQUE>
		<CHANNELNAME>VZWPREORDER</CHANNELNAME>
		<SVCTYP>cfai</SVCTYP>
	</TEST_CASE>
	<TEST_CASE name="VZW_AV_REQ">
		<EXECUTION>FALSE</EXECUTION>
		<HEADER>REQ_HEADER</HEADER>
		<BODY>VZW_AV_REQ_BODY</BODY>
		<ASRC>REQ_ASRC</ASRC>
		<REQUEST>lsr_preorder</REQUEST>
		<SUBREQUEST>address_validation</SUBREQUEST>
		<ILEC>VZW</ILEC>
		<HEADERVER>LSOG9</HEADERVER>
		<FLOW>NOFLOW</FLOW>
		<REMARKS>addressMatch</REMARKS>		
		<STATUS>ADDRESSMATCHSTATUS</STATUS>		
		<RESRAWINRESQUE>2</RESRAWINRESQUE>
		<CHANNELNAME>VZWPREORDER</CHANNELNAME>
		<SVCTYP>av</SVCTYP>
	</TEST_CASE>
	<TEST_CASE name="VZW_CSR_REQ">
		<EXECUTION>FALSE</EXECUTION>
		<HEADER>REQ_HEADER</HEADER>
		<BODY>VZW_CSR_REQ_BODY</BODY>
		<ASRC>REQ_ASRC</ASRC>
		<REQUEST>lsr_preorder</REQUEST>
		<SUBREQUEST>csr</SUBREQUEST>
		<ILEC>VZW</ILEC>
		<HEADERVER>LSOG9</HEADERVER>
		<FLOW>NOFLOW</FLOW>
		<REMARKS>csr</REMARKS>		
		<STATUS>PARSEDRESPONSESTATUS</STATUS>		
		<RESRAWINRESQUE>2</RESRAWINRESQUE>
		<CHANNELNAME>VZWPREORDER</CHANNELNAME>
		<SVCTYP>csr</SVCTYP>
	</TEST_CASE>
	<TEST_CASE name="VZW_LQ_REQ">
		<EXECUTION>FALSE</EXECUTION>
		<HEADER>REQ_HEADER</HEADER>
		<BODY>VZW_LQ_REQ_BODY</BODY>
		<ASRC>REQ_ASRC</ASRC>
		<REQUEST>lsr_preorder</REQUEST>
		<SUBREQUEST>loop_qualification</SUBREQUEST>
		<ILEC>VZW</ILEC>
		<HEADERVER>LSOG9</HEADERVER>
		<FLOW>NOFLOW</FLOW>
		<REMARKS>loop</REMARKS>		
		<STATUS>RESPONSESTATUS</STATUS>		
		<RESRAWINRESQUE>1</RESRAWINRESQUE>
		<CHANNELNAME>VZWPREORDER</CHANNELNAME>
		<SVCTYP>lq</SVCTYP>
	</TEST_CASE>
	<TEST_CASE name="VZW_TN_REQ">
		<EXECUTION>FALSE</EXECUTION>
		<HEADER>REQ_HEADER</HEADER>
		<BODY>VZW_TN_REQ_BODY</BODY>
		<ASRC>REQ_ASRC</ASRC>
		<REQUEST>lsr_preorder</REQUEST>
		<SUBREQUEST>TN_assignment</SUBREQUEST>
		<ILEC>VZW</ILEC>
		<HEADERVER>LSOG9</HEADERVER>
		<FLOW>NOFLOW</FLOW>
		<REMARKS>tnresponse</REMARKS>		
		<STATUS>RESPONSESTATUS</STATUS>		
		<RESRAWINRESQUE>1</RESRAWINRESQUE>
		<CHANNELNAME>VZWPREORDER</CHANNELNAME>
		<SVCTYP>tn</SVCTYP>
	</TEST_CASE>
	<TEST_CASE name="VZW_FS_REQ">
		<EXECUTION>FALSE</EXECUTION>
		<HEADER>REQ_HEADER</HEADER>
		<BODY>VZW_FS_REQ_BODY</BODY>
		<ASRC>REQ_ASRC</ASRC>
		<REQUEST>lsr_preorder</REQUEST>
		<SUBREQUEST>FS_availability</SUBREQUEST>
		<ILEC>VZW</ILEC>
		<HEADERVER>LSOG9</HEADERVER>
		<FLOW>NOFLOW</FLOW>
		<REMARKS>tnresponse</REMARKS>		
		<STATUS>RESPONSESTATUS</STATUS>		
		<RESRAWINRESQUE>1</RESRAWINRESQUE>
		<CHANNELNAME>VZWPREORDER</CHANNELNAME>
		<SVCTYP>fs</SVCTYP>
	</TEST_CASE>
	<TEST_CASE name="VZW_AS_REQ">
		<EXECUTION>FALSE</EXECUTION>
		<HEADER>REQ_HEADER</HEADER>
		<BODY>VZW_AS_REQ_BODY</BODY>
		<ASRC>REQ_ASRC</ASRC>
		<REQUEST>lsr_preorder</REQUEST>
		<SUBREQUEST>appointment_scheduling</SUBREQUEST>
		<ILEC>VZW</ILEC>
		<HEADERVER>LSOG9</HEADERVER>
		<FLOW>NOFLOW</FLOW>
		<REMARKS>tnresponse</REMARKS>		
		<STATUS>RESPONSESTATUS</STATUS>		
		<RESRAWINRESQUE>1</RESRAWINRESQUE>
		<CHANNELNAME>VZWPREORDER</CHANNELNAME>
		<SVCTYP>appt</SVCTYP>
	</TEST_CASE>
	<TEST_CASE name="VZW_CR_REQ">
		<EXECUTION>FALSE</EXECUTION>
		<HEADER>REQ_HEADER</HEADER>
		<BODY>VZW_CR_REQ_BODY</BODY>
		<ASRC>REQ_ASRC</ASRC>
		<REQUEST>lsr_preorder</REQUEST>
		<SUBREQUEST>cancel_reservation</SUBREQUEST>
		<ILEC>VZW</ILEC>
		<HEADERVER>LSOG9</HEADERVER>
		<FLOW>NOFLOW</FLOW>
		<REMARKS>tnresponse</REMARKS>		
		<STATUS>RESPONSESTATUS</STATUS>		
		<RESRAWINRESQUE>1</RESRAWINRESQUE>
		<CHANNELNAME>VZWPREORDER</CHANNELNAME>
		<SVCTYP>cr</SVCTYP>
	</TEST_CASE>
	<TEST_CASE name="VZW_FAI_REQ">
		<EXECUTION>FALSE</EXECUTION>
		<HEADER>REQ_HEADER</HEADER>
		<BODY>VZW_FAI_REQ_BODY</BODY>
		<ASRC>REQ_ASRC</ASRC>
		<REQUEST>lsr_preorder</REQUEST>
		<SUBREQUEST>fiber_availability</SUBREQUEST>
		<ILEC>VZW</ILEC>
		<HEADERVER>LSOG9</HEADERVER>
		<FLOW>NOFLOW</FLOW>
		<REMARKS>tnresponse</REMARKS>		
		<STATUS>RESPONSESTATUS</STATUS>		
		<RESRAWINRESQUE>1</RESRAWINRESQUE>
		<CHANNELNAME>VZWPREORDER</CHANNELNAME>
		<SVCTYP>fai</SVCTYP>
	</TEST_CASE>
	<TEST_CASE name="FPC_AV_REQ">
		<EXECUTION>TRUE</EXECUTION>
		<HEADER>REQ_HEADER</HEADER>
		<BODY>FPC_AV_REQ_BODY</BODY>
		<ASRC>REQ_ASRC</ASRC>
		<REQUEST>lsr_preorder</REQUEST>
		<SUBREQUEST>address_validation</SUBREQUEST>
		<ILEC>FPC</ILEC>
		<HEADERVER>LSOG9</HEADERVER>
		<FLOW>NOFLOW</FLOW>
		<REMARKS>addressMatch</REMARKS>
		<STATUS>ADDRESSMATCHSTATUS</STATUS>		
		<RESRAWINRESQUE>2</RESRAWINRESQUE>
		<CHANNELNAME>FPCPREORDER</CHANNELNAME>
		<SVCTYP>av</SVCTYP>
	</TEST_CASE>
	<TEST_CASE name="FPC_CSR_REQ">
		<EXECUTION>FALSE</EXECUTION>
		<HEADER>REQ_HEADER</HEADER>
		<BODY>FPC_CSR_REQ_BODY</BODY>
		<ASRC>REQ_ASRC</ASRC>
		<REQUEST>lsr_preorder</REQUEST>
		<SUBREQUEST>csr</SUBREQUEST>
		<ILEC>FPC</ILEC>
		<HEADERVER>LSOG9</HEADERVER>
		<FLOW>NOFLOW</FLOW>
		<REMARKS>csr</REMARKS>		
		<STATUS>PARSEDRESPONSESTATUS</STATUS>
		<RESRAWINRESQUE>2</RESRAWINRESQUE>
		<CHANNELNAME>FPCPREORDER</CHANNELNAME>
		<SVCTYP>csr</SVCTYP>
	</TEST_CASE>
	<TEST_CASE name="FPC_LQ_REQ">
		<EXECUTION>FALSE</EXECUTION>
		<HEADER>REQ_HEADER</HEADER>
		<BODY>FPC_LQ_REQ_BODY</BODY>
		<ASRC>REQ_ASRC</ASRC>
		<REQUEST>lsr_preorder</REQUEST>
		<SUBREQUEST>loop_qualification</SUBREQUEST>
		<ILEC>FPC</ILEC>
		<HEADERVER>LSOG9</HEADERVER>
		<FLOW>NOFLOW</FLOW>
		<REMARKS>loop</REMARKS>		
		<STATUS>RESPONSESTATUS</STATUS>		
		<RESRAWINRESQUE>1</RESRAWINRESQUE>
		<CHANNELNAME>FPCPREORDER</CHANNELNAME>
		<SVCTYP>lq</SVCTYP>
	</TEST_CASE>
	<TEST_CASE name="FPC_TN_REQ">
		<EXECUTION>FALSE</EXECUTION>
		<HEADER>REQ_HEADER</HEADER>
		<BODY>FPC_TN_REQ_BODY</BODY>
		<ASRC>REQ_ASRC</ASRC>
		<REQUEST>lsr_preorder</REQUEST>
		<SUBREQUEST>TN_assignment</SUBREQUEST>
		<ILEC>FPC</ILEC>
		<HEADERVER>LSOG9</HEADERVER>
		<FLOW>NOFLOW</FLOW>
		<REMARKS>tnresponse</REMARKS>
		<STATUS>RESPONSESTATUS</STATUS>
		<RESRAWINRESQUE>1</RESRAWINRESQUE>
		<CHANNELNAME>FPCPREORDER</CHANNELNAME>
		<SVCTYP>tn</SVCTYP>
	</TEST_CASE>
	<TEST_CASE name="FPC_FS_REQ">
		<EXECUTION>FALSE</EXECUTION>
		<HEADER>REQ_HEADER</HEADER>
		<BODY>FPC_FS_REQ_BODY</BODY>
		<ASRC>REQ_ASRC</ASRC>
		<REQUEST>lsr_preorder</REQUEST>
		<SUBREQUEST>FS_availability</SUBREQUEST>
		<ILEC>FPC</ILEC>
		<HEADERVER>LSOG9</HEADERVER>
		<FLOW>NOFLOW</FLOW>
		<REMARKS>tnresponse</REMARKS>
		<STATUS>RESPONSESTATUS</STATUS>
		<RESRAWINRESQUE>1</RESRAWINRESQUE>
		<CHANNELNAME>FPCPREORDER</CHANNELNAME>
		<SVCTYP>fs</SVCTYP>
	</TEST_CASE>
	<TEST_CASE name="FPC_AS_REQ">
		<EXECUTION>FALSE</EXECUTION>
		<HEADER>REQ_HEADER</HEADER>
		<BODY>FPC_AS_REQ_BODY</BODY>
		<ASRC>REQ_ASRC</ASRC>
		<REQUEST>lsr_preorder</REQUEST>
		<SUBREQUEST>appointment_scheduling</SUBREQUEST>
		<ILEC>FPC</ILEC>
		<HEADERVER>LSOG9</HEADERVER>
		<FLOW>NOFLOW</FLOW>
		<REMARKS>tnresponse</REMARKS>
		<STATUS>RESPONSESTATUS</STATUS>
		<RESRAWINRESQUE>1</RESRAWINRESQUE>
		<CHANNELNAME>FPCPREORDER</CHANNELNAME>
		<SVCTYP>appt</SVCTYP>
	</TEST_CASE>
	<TEST_CASE name="FPC_SOI_REQ">
		<EXECUTION>FALSE</EXECUTION>
		<HEADER>REQ_HEADER</HEADER>
		<BODY>FPC_SOI_REQ_BODY</BODY>
		<ASRC>REQ_ASRC</ASRC>
		<REQUEST>lsr_preorder</REQUEST>
		<SUBREQUEST>service_order_inquiry</SUBREQUEST>
		<ILEC>FPC</ILEC>
		<HEADERVER>LSOG9</HEADERVER>
		<FLOW>NOFLOW</FLOW>
		<REMARKS>errorresponse</REMARKS>
		<STATUS>ERRORSTATUS</STATUS>
		<RESRAWINRESQUE>1</RESRAWINRESQUE>
		<CHANNELNAME>FPCPREORDER</CHANNELNAME>
		<SVCTYP>soip</SVCTYP>
	</TEST_CASE>
	<TEST_CASE name="FPC_DLI_REQ">
		<EXECUTION>FALSE</EXECUTION>
		<HEADER>REQ_HEADER</HEADER>
		<BODY>FPC_DLI_REQ_BODY</BODY>
		<ASRC>REQ_ASRC</ASRC>
		<REQUEST>lsr_preorder</REQUEST>
		<SUBREQUEST>Directory_Listing_Inquiry</SUBREQUEST>
		<ILEC>FPC</ILEC>
		<HEADERVER>LSOG9</HEADERVER>
		<FLOW>NOFLOW</FLOW>
		<REMARKS>tnresponse</REMARKS>
		<STATUS>RESPONSESTATUS</STATUS>
		<RESRAWINRESQUE>1</RESRAWINRESQUE>
		<CHANNELNAME>FPCPREORDER</CHANNELNAME>
		<SVCTYP>dlipreorder</SVCTYP>
	</TEST_CASE>
	<TEST_CASE name="QWEST_AV_REQ">
		<EXECUTION>FALSE</EXECUTION>
		<HEADER>REQ_HEADER</HEADER>
		<BODY>QWEST_AV_REQ_BODY</BODY>
		<ASRC>REQ_ASRC</ASRC>
		<REQUEST>lsr_preorder</REQUEST>
		<SUBREQUEST>address_validation</SUBREQUEST>
		<ILEC>QWEST</ILEC>
		<HEADERVER>LSOG10</HEADERVER>
		<FLOW>NOFLOW</FLOW>
		<REMARKS>addressMatch</REMARKS>
		<STATUS>ADDRESSMATCHSTATUS</STATUS>
		<RESRAWINRESQUE>2</RESRAWINRESQUE>
		<CHANNELNAME>QWESTPREORDER</CHANNELNAME>
		<SVCTYP>av</SVCTYP>
	</TEST_CASE>
	<TEST_CASE name="QWEST_CSR_REQ">
		<EXECUTION>FALSE</EXECUTION>
		<HEADER>REQ_HEADER</HEADER>
		<BODY>QWEST_CSR_REQ_BODY</BODY>
		<ASRC>REQ_ASRC</ASRC>
		<REQUEST>lsr_preorder</REQUEST>
		<SUBREQUEST>csr</SUBREQUEST>
		<ILEC>QWEST</ILEC>
		<HEADERVER>LSOG10</HEADERVER>
		<FLOW>NOFLOW</FLOW>
		<REMARKS>csr</REMARKS>
		<STATUS>PARSEDRESPONSESTATUS</STATUS>
		<RESRAWINRESQUE>2</RESRAWINRESQUE>
		<CHANNELNAME>QWESTPREORDER</CHANNELNAME>
		<SVCTYP>csr</SVCTYP>
	</TEST_CASE>
	<TEST_CASE name="QWEST_LQ_REQ">
		<EXECUTION>FALSE</EXECUTION>
		<HEADER>REQ_HEADER</HEADER>
		<BODY>QWEST_LQ_REQ_BODY</BODY>
		<ASRC>REQ_ASRC</ASRC>
		<REQUEST>lsr_preorder</REQUEST>
		<SUBREQUEST>loop_qualification</SUBREQUEST>
		<ILEC>QWEST</ILEC>
		<HEADERVER>LSOG10</HEADERVER>
		<FLOW>NOFLOW</FLOW>
		<REMARKS>loop</REMARKS>
		<STATUS>RESPONSESTATUS</STATUS>
		<RESRAWINRESQUE>1</RESRAWINRESQUE>
		<CHANNELNAME>QWESTPREORDER</CHANNELNAME>
		<SVCTYP>lq</SVCTYP>
	</TEST_CASE>
	<TEST_CASE name="QWEST_TN_REQ">
		<EXECUTION>FALSE</EXECUTION>
		<HEADER>REQ_HEADER</HEADER>
		<BODY>QWEST_TN_REQ_BODY</BODY>
		<ASRC>REQ_ASRC</ASRC>
		<REQUEST>lsr_preorder</REQUEST>
		<SUBREQUEST>TN_assignment</SUBREQUEST>
		<ILEC>QWEST</ILEC>
		<HEADERVER>LSOG10</HEADERVER>
		<FLOW>NOFLOW</FLOW>
		<REMARKS>tnresponse</REMARKS>
		<STATUS>RESPONSESTATUS</STATUS>
		<RESRAWINRESQUE>1</RESRAWINRESQUE>
		<CHANNELNAME>QWESTPREORDER</CHANNELNAME>
		<SVCTYP>tn</SVCTYP>
	</TEST_CASE>
	<TEST_CASE name="QWEST_FS_REQ">
		<EXECUTION>FALSE</EXECUTION>
		<HEADER>REQ_HEADER</HEADER>
		<BODY>QWEST_FS_REQ_BODY</BODY>
		<ASRC>REQ_ASRC</ASRC>
		<REQUEST>lsr_preorder</REQUEST>
		<SUBREQUEST>FS_availability</SUBREQUEST>
		<ILEC>QWEST</ILEC>
		<HEADERVER>LSOG10</HEADERVER>
		<FLOW>NOFLOW</FLOW>
		<REMARKS>tnresponse</REMARKS>
		<STATUS>RESPONSESTATUS</STATUS>
		<RESRAWINRESQUE>1</RESRAWINRESQUE>
		<CHANNELNAME>QWESTPREORDER</CHANNELNAME>
		<SVCTYP>fs</SVCTYP>
	</TEST_CASE>
	<TEST_CASE name="QWEST_AS_REQ">
		<EXECUTION>FALSE</EXECUTION>
		<HEADER>REQ_HEADER</HEADER>
		<BODY>QWEST_AS_REQ_BODY</BODY>
		<ASRC>REQ_ASRC</ASRC>
		<REQUEST>lsr_preorder</REQUEST>
		<SUBREQUEST>appointment_scheduling</SUBREQUEST>
		<ILEC>QWEST</ILEC>
		<HEADERVER>LSOG10</HEADERVER>
		<FLOW>NOFLOW</FLOW>
		<REMARKS>tnresponse</REMARKS>
		<STATUS>RESPONSESTATUS</STATUS>
		<RESRAWINRESQUE>1</RESRAWINRESQUE>
		<CHANNELNAME>QWESTPREORDER</CHANNELNAME>
		<SVCTYP>appt</SVCTYP>
	</TEST_CASE>
	<TEST_CASE name="QWEST_DLI_REQ">
		<EXECUTION>FALSE</EXECUTION>
		<HEADER>REQ_HEADER</HEADER>
		<BODY>QWEST_DLI_REQ_BODY</BODY>
		<ASRC>REQ_ASRC</ASRC>
		<REQUEST>lsr_preorder</REQUEST>
		<SUBREQUEST>Directory_Listing_Inquiry</SUBREQUEST>
		<ILEC>QWEST</ILEC>
		<HEADERVER>LSOG10</HEADERVER>
		<FLOW>NOFLOW</FLOW>
		<REMARKS>tnresponse</REMARKS>
		<STATUS>RESPONSESTATUS</STATUS>
		<RESRAWINRESQUE>1</RESRAWINRESQUE>
		<CHANNELNAME>QWESTPREORDER</CHANNELNAME>
		<SVCTYP>dlipreorder</SVCTYP>
	</TEST_CASE>
	<TEST_CASE name="CenturyLink_AV_REQ">
		<EXECUTION>FALSE</EXECUTION>
		<HEADER>REQ_HEADER</HEADER>
		<BODY>CenturyLink_AV_REQ_BODY</BODY>
		<ASRC>REQ_ASRC</ASRC>
		<REQUEST>lsr_preorder</REQUEST>
		<SUBREQUEST>address_validation</SUBREQUEST>
		<ILEC>CenturyLink</ILEC>
		<HEADERVER>LSOG10</HEADERVER>
		<FLOW>NOFLOW</FLOW>
		<REMARKS>addressMatch</REMARKS>
		<STATUS>ADDRESSMATCHSTATUS</STATUS>
		<RESRAWINRESQUE>2</RESRAWINRESQUE>
		<CHANNELNAME>CENTURYLINKPREORDER</CHANNELNAME>
		<SVCTYP>av</SVCTYP>
	</TEST_CASE>
	<TEST_CASE name="CenturyLink_CSR_REQ">
		<EXECUTION>FALSE</EXECUTION>
		<HEADER>REQ_HEADER</HEADER>
		<CUSTOMER>PAT_TPE</CUSTOMER>
		<BODY>CenturyLink_CSR_REQ_BODY</BODY>
		<ASRC>REQ_ASRC</ASRC>
		<REQUEST>lsr_preorder</REQUEST>
		<SUBREQUEST>csr</SUBREQUEST>
		<ILEC>CenturyLink</ILEC>
		<HEADERVER>LSOG10</HEADERVER>
		<FLOW>NOFLOW</FLOW>
		<REMARKS>csr</REMARKS>
		<STATUS>UNPARSEDRESPONSESTATUS</STATUS>
		<RESRAWINRESQUE>2</RESRAWINRESQUE>
		<CHANNELNAME>CENTURYLINKPREORDER</CHANNELNAME>
		<SVCTYP>csr</SVCTYP>
	</TEST_CASE>
	<TEST_CASE name="CenturyLink_DLI_REQ">
		<EXECUTION>FALSE</EXECUTION>
		<HEADER>REQ_HEADER</HEADER>
		<BODY>CenturyLink_DLI_REQ_BODY</BODY>
		<ASRC>REQ_ASRC</ASRC>
		<REQUEST>lsr_preorder</REQUEST>
		<SUBREQUEST>Directory_Listing_Inquiry</SUBREQUEST>
		<ILEC>CenturyLink</ILEC>
		<HEADERVER>LSOG10</HEADERVER>
		<FLOW>NOFLOW</FLOW>
		<REMARKS>errorresponse</REMARKS>
		<STATUS>ERRORSTATUS</STATUS>
		<RESRAWINRESQUE>1</RESRAWINRESQUE>
		<CHANNELNAME>CENTURYLINKPREORDER</CHANNELNAME>
		<SVCTYP>dlipreorder</SVCTYP>
	</TEST_CASE>
	<TEST_CASE name="Frontier_AV_REQ">
		<EXECUTION>FALSE</EXECUTION>
		<HEADER>REQ_HEADER</HEADER>
		<BODY>Frontier_AV_REQ_BODY</BODY>
		<ASRC>REQ_ASRC</ASRC>
		<REQUEST>lsr_preorder</REQUEST>
		<SUBREQUEST>address_validation</SUBREQUEST>
		<ILEC>Frontier</ILEC>
		<HEADERVER>LSOG9</HEADERVER>
		<FLOW>NOFLOW</FLOW>
		<REMARKS>addressMatch</REMARKS>
		<STATUS>ADDRESSMATCHSTATUS</STATUS>
		<RESRAWINRESQUE>2</RESRAWINRESQUE>
		<CHANNELNAME>FRONTIERPREORDER</CHANNELNAME>
		<SVCTYP>av</SVCTYP>
	</TEST_CASE>
	<TEST_CASE name="Frontier_CSR_REQ">
		<EXECUTION>FALSE</EXECUTION>
		<HEADER>REQ_HEADER</HEADER>
		<BODY>Frontier_CSR_REQ_BODY</BODY>
		<ASRC>REQ_ASRC</ASRC>
		<REQUEST>lsr_preorder</REQUEST>
		<SUBREQUEST>csr</SUBREQUEST>
		<ILEC>Frontier</ILEC>
		<HEADERVER>LSOG9</HEADERVER>
		<FLOW>NOFLOW</FLOW>
		<REMARKS>csr</REMARKS>		
		<STATUS>PARSEDRESPONSESTATUS</STATUS>	
		<RESRAWINRESQUE>2</RESRAWINRESQUE>
		<CHANNELNAME>FRONTIERPREORDER</CHANNELNAME>
		<SVCTYP>csr</SVCTYP>
	</TEST_CASE>
	<TEST_CASE name="Frontier_LQ_REQ">
		<EXECUTION>FALSE</EXECUTION>
		<HEADER>REQ_HEADER</HEADER>
		<BODY>Frontier_LQ_REQ_BODY</BODY>
		<ASRC>REQ_ASRC</ASRC>
		<REQUEST>lsr_preorder</REQUEST>
		<SUBREQUEST>loop_qualification</SUBREQUEST>
		<ILEC>Frontier</ILEC>
		<HEADERVER>LSOG9</HEADERVER>
		<FLOW>NOFLOW</FLOW>
		<REMARKS>loop</REMARKS>
		<STATUS>RESPONSESTATUS</STATUS>
		<RESRAWINRESQUE>1</RESRAWINRESQUE>
		<CHANNELNAME>FRONTIERPREORDER</CHANNELNAME>
		<SVCTYP>lq</SVCTYP>
	</TEST_CASE>
	<TEST_CASE name="Frontier_TN_REQ">
		<EXECUTION>FALSE</EXECUTION>
		<HEADER>REQ_HEADER</HEADER>
		<BODY>Frontier_TN_REQ_BODY</BODY>
		<ASRC>REQ_ASRC</ASRC>
		<REQUEST>lsr_preorder</REQUEST>
		<SUBREQUEST>TN_assignment</SUBREQUEST>
		<ILEC>Frontier</ILEC>
		<HEADERVER>LSOG9</HEADERVER>
		<FLOW>NOFLOW</FLOW>
		<REMARKS>tnresponse</REMARKS>
		<STATUS>RESPONSESTATUS</STATUS>
		<RESRAWINRESQUE>1</RESRAWINRESQUE>
		<CHANNELNAME>FRONTIERPREORDER</CHANNELNAME>
		<SVCTYP>tn</SVCTYP>
	</TEST_CASE>
	<TEST_CASE name="Frontier_FS_REQ">
		<EXECUTION>FALSE</EXECUTION>
		<HEADER>REQ_HEADER</HEADER>
		<BODY>Frontier_FS_REQ_BODY</BODY>
		<ASRC>REQ_ASRC</ASRC>
		<REQUEST>lsr_preorder</REQUEST>
		<SUBREQUEST>FS_availability</SUBREQUEST>
		<ILEC>Frontier</ILEC>
		<HEADERVER>LSOG9</HEADERVER>
		<FLOW>NOFLOW</FLOW>
		<REMARKS>tnresponse</REMARKS>
		<STATUS>RESPONSESTATUS</STATUS>
		<RESRAWINRESQUE>1</RESRAWINRESQUE>
		<CHANNELNAME>FRONTIERPREORDER</CHANNELNAME>
		<SVCTYP>fs</SVCTYP>
	</TEST_CASE>
	<TEST_CASE name="Frontier_AS_REQ">
		<EXECUTION>FALSE</EXECUTION>
		<HEADER>REQ_HEADER</HEADER>
		<BODY>Frontier_AS_REQ_BODY</BODY>
		<ASRC>REQ_ASRC</ASRC>
		<REQUEST>lsr_preorder</REQUEST>
		<SUBREQUEST>appointment_scheduling</SUBREQUEST>
		<ILEC>Frontier</ILEC>
		<HEADERVER>LSOG9</HEADERVER>
		<FLOW>NOFLOW</FLOW>
		<REMARKS>tnresponse</REMARKS>
		<STATUS>RESPONSESTATUS</STATUS>
		<RESRAWINRESQUE>1</RESRAWINRESQUE>
		<CHANNELNAME>FRONTIERPREORDER</CHANNELNAME>
		<SVCTYP>appt</SVCTYP>
	</TEST_CASE>
	<TEST_CASE name="Frontier_DLI_REQ">
		<EXECUTION>FALSE</EXECUTION>
		<HEADER>REQ_HEADER</HEADER>
		<BODY>Frontier_DLI_REQ_BODY</BODY>
		<ASRC>REQ_ASRC</ASRC>
		<REQUEST>lsr_preorder</REQUEST>
		<SUBREQUEST>Directory_Listing_Inquiry</SUBREQUEST>
		<ILEC>Frontier</ILEC>
		<HEADERVER>LSOG9</HEADERVER>
		<FLOW>NOFLOW</FLOW>
		<REMARKS>tnresponse</REMARKS>
		<STATUS>RESPONSESTATUS</STATUS>
		<RESRAWINRESQUE>1</RESRAWINRESQUE>
		<CHANNELNAME>FRONTIERPREORDER</CHANNELNAME>
		<SVCTYP>dlipreorder</SVCTYP>
	</TEST_CASE>
	<TEST_CASE name="Frontier_FAI_REQ">
		<EXECUTION>FALSE</EXECUTION>
		<HEADER>REQ_HEADER</HEADER>
		<BODY>Frontier_FAI_REQ_BODY</BODY>
		<ASRC>REQ_ASRC</ASRC>
		<REQUEST>lsr_preorder</REQUEST>
		<SUBREQUEST>fiber_availability</SUBREQUEST>
		<ILEC>Frontier</ILEC>
		<HEADERVER>LSOG9</HEADERVER>
		<FLOW>NOFLOW</FLOW>
		<REMARKS>tnresponse</REMARKS>
		<STATUS>RESPONSESTATUS</STATUS>
		<RESRAWINRESQUE>1</RESRAWINRESQUE>
		<CHANNELNAME>FRONTIERPREORDER</CHANNELNAME>
		<SVCTYP>fai</SVCTYP>
	</TEST_CASE>
	<TEST_CASE name="Frontier_CFAI_REQ">
		<EXECUTION>FALSE</EXECUTION>
		<HEADER>REQ_HEADER</HEADER>
		<BODY>Frontier_CFAI_REQ_BODY</BODY>
		<ASRC>REQ_ASRC</ASRC>
		<REQUEST>lsr_preorder</REQUEST>
		<SUBREQUEST>CFA_inquiry</SUBREQUEST>
		<ILEC>Frontier</ILEC>
		<HEADERVER>LSOG9</HEADERVER>
		<FLOW>NOFLOW</FLOW>
		<REMARKS>tnresponse</REMARKS>
		<STATUS>RESPONSESTATUS</STATUS>
		<RESRAWINRESQUE>1</RESRAWINRESQUE>
		<CHANNELNAME>FRONTIERPREORDER</CHANNELNAME>
		<SVCTYP>cfai</SVCTYP>
	</TEST_CASE>
	<TEST_CASE name="Frontier_SOI_REQ">
		<EXECUTION>FALSE</EXECUTION>
		<HEADER>REQ_HEADER</HEADER>
		<BODY>Frontier_SOI_REQ_BODY</BODY>
		<ASRC>REQ_ASRC</ASRC>
		<REQUEST>lsr_preorder</REQUEST>
		<SUBREQUEST>service_order_inquiry</SUBREQUEST>
		<ILEC>Frontier</ILEC>
		<HEADERVER>LSOG9</HEADERVER>
		<FLOW>NOFLOW</FLOW>
		<REMARKS>tnresponse</REMARKS>
		<STATUS>RESPONSESTATUS</STATUS>
		<RESRAWINRESQUE>1</RESRAWINRESQUE>
		<CHANNELNAME>FRONTIERPREORDER</CHANNELNAME>
		<SVCTYP>soip</SVCTYP>
	</TEST_CASE>
</PreOrder>