<?xml version="1.0"?>
<Order>
	<TEST_CASE name="ATT_AB_REQ">
		<EXECUTION>TRUE</EXECUTION>
		<HEADER>REQ_HEADER</HEADER>
		<BODY>ATT_AB_REQ_BODY</BODY>
		<ASRC>REQ_ASRC</ASRC>
		<REQUEST>lsr_order</REQUEST>
		<SUBREQUEST>loop</SUBREQUEST>
		<ILEC>ATT</ILEC>
		<HEADERVER>LSOG10</HEADERVER>
		<FLOW>NOFLOW</FLOW>
		<REMARKS>-FocSocBcn.xml-</REMARKS>
		<SUPP_REMARKS>NOFLOW</SUPP_REMARKS>
		<STATUS>BCNSTATUS</STATUS>
		<SUPP_STATUS>NOFLOW</SUPP_STATUS>
		<RESRAWINRESQUE>8</RESRAWINRESQUE>
		<CHANNELNAME>ATTORDER</CHANNELNAME>
		<SVCTYP>Loop</SVCTYP>
	</TEST_CASE>
	<TEST_CASE name="ATT_AB_REQ_SUPP">
		<EXECUTION>FALSE</EXECUTION>
		<HEADER>REQ_HEADER</HEADER>
		<BODY>ATT_AB_REQ_BODY</BODY>
		<ASRC>REQ_ASRC</ASRC>
		<REQUEST>lsr_order</REQUEST>
		<SUBREQUEST>loop</SUBREQUEST>
		<ILEC>ATT</ILEC>
		<HEADERVER>LSOG10</HEADERVER>
		<FLOW>SUPP1|SUPP2|SUPP3|Cancel</FLOW>
		<REMARKS>-FocSocBcn.xml-</REMARKS>
		<SUPP_REMARKS>-SuppJeopSoc.xml-|-Supp.xml-|-SuppnonfatalSupp.xml-</SUPP_REMARKS>
		<STATUS>BCNSTATUS</STATUS>
		<SUPP_STATUS>SOCSTATUS|SUPPACCEPTSTATUS|SUPPACCEPTSTATUS</SUPP_STATUS>
		<RESRAWINRESQUE>26</RESRAWINRESQUE>
		<CHANNELNAME>ATTORDER</CHANNELNAME>
		<SVCTYP>Loop</SVCTYP>
	</TEST_CASE>
	<TEST_CASE name="ATT_BB_REQ">
		<EXECUTION>FALSE</EXECUTION>
		<HEADER>REQ_HEADER</HEADER>
		<BODY>ATT_BB_REQ_BODY</BODY>
		<ASRC>REQ_ASRC</ASRC>
		<REQUEST>lsr_order</REQUEST>
		<SUBREQUEST>loop_with_np</SUBREQUEST>
		<ILEC>ATT</ILEC>
		<HEADERVER>LSOG10</HEADERVER>
		<FLOW>SUPP1|SUPP2|SUPP3|Cancel</FLOW>
		<REMARKS>-FocnonfatalFocJeopSoc.xml-</REMARKS>
		<SUPP_REMARKS>-SuppnonfatalSuppJeop.xml-|-SuppnonfatalSuppPiaSoc.xml-|-SuppPiaSoc.xml-</SUPP_REMARKS>
		<STATUS>SOCSTATUS</STATUS>
		<SUPP_STATUS>JEOPARDYSTATUS|SOCSTATUS|SOCSTATUS</SUPP_STATUS>
		<RESRAWINRESQUE>36</RESRAWINRESQUE>
		<CHANNELNAME>ATTORDER</CHANNELNAME>
		<SVCTYP>LSNP</SVCTYP>
	</TEST_CASE>
	<TEST_CASE name="ATT_CB_REQ">
		<EXECUTION>FALSE</EXECUTION>
		<HEADER>REQ_HEADER</HEADER>
		<BODY>ATT_CB_REQ_BODY</BODY>
		<ASRC>REQ_ASRC</ASRC>
		<REQUEST>lsr_order</REQUEST>
		<SUBREQUEST>np_order</SUBREQUEST>
		<ILEC>ATT</ILEC>
		<HEADERVER>LSOG10</HEADERVER>
		<FLOW>SUPP1|SUPP2|SUPP3|Cancel</FLOW>
		<REMARKS>-FocnonfatalFocDsrcnPic.xml-</REMARKS>
		<SUPP_REMARKS>-Suppsuperfatal.xml-|-SuppJeopDsrcn.xml-|-SuppDsrcnPic.xml-</SUPP_REMARKS>
		<STATUS>DSRCNSTATUS</STATUS>
		<SUPP_STATUS>SUPPREJECTSTATUS|DSRCNSTATUS|DSRCNSTATUS</SUPP_STATUS>
		<RESRAWINRESQUE>28</RESRAWINRESQUE>
		<CHANNELNAME>ATTORDER</CHANNELNAME>
		<SVCTYP>NP</SVCTYP>
	</TEST_CASE>
	<TEST_CASE name="ATT_EB_REQ">
		<EXECUTION>FALSE</EXECUTION>
		<HEADER>REQ_HEADER</HEADER>
		<BODY>ATT_EB_REQ_BODY</BODY>
		<ASRC>REQ_ASRC</ASRC>
		<REQUEST>lsr_order</REQUEST>
		<SUBREQUEST>resale</SUBREQUEST>
		<ILEC>ATT</ILEC>
		<HEADERVER>LSOG10</HEADERVER>
		<FLOW>SUPP1|SUPP2|SUPP3|Cancel</FLOW>
		<REMARKS>-FocPiaSoc.xml-</REMARKS>
		<SUPP_REMARKS>-SuppnonfatalSuppfatal.xml-|-SuppJeopDsrcn.xml-|-SuppnonfatalSupp.xml-</SUPP_REMARKS>
		<STATUS>SOCSTATUS</STATUS>
		<SUPP_STATUS>SUPPREJECTSTATUS|DSRCNSTATUS|SUPPACCEPTSTATUS</SUPP_STATUS>
		<RESRAWINRESQUE>28</RESRAWINRESQUE>
		<CHANNELNAME>ATTORDER</CHANNELNAME>
		<SVCTYP>Resale</SVCTYP>
	</TEST_CASE>
	<TEST_CASE name="ATT_FB_REQ">
		<EXECUTION>FALSE</EXECUTION>
		<HEADER>REQ_HEADER</HEADER>
		<BODY>ATT_FB_REQ_BODY</BODY>
		<ASRC>REQ_ASRC</ASRC>
		<REQUEST>lsr_order</REQUEST>
		<SUBREQUEST>port</SUBREQUEST>
		<ILEC>ATT</ILEC>
		<HEADERVER>LSOG10</HEADERVER>
		<FLOW>SUPP1|SUPP2|SUPP3|Cancel</FLOW>
		<REMARKS>-Focsuperfatal.xml-</REMARKS>
		<SUPP_REMARKS>-SuppJeopSoc.xml-|-Supp.xml-|-SuppnonfatalSupp.xml-</SUPP_REMARKS>
		<STATUS>FOCREJECTSTATUS</STATUS>
		<SUPP_STATUS>SOCSTATUS|SUPPACCEPTSTATUS|SUPPACCEPTSTATUS</SUPP_STATUS>
		<RESRAWINRESQUE>22</RESRAWINRESQUE>
		<CHANNELNAME>ATTORDER</CHANNELNAME>
		<SVCTYP>Port</SVCTYP>
	</TEST_CASE>
	<TEST_CASE name="ATT_JB_REQ">
		<EXECUTION>FALSE</EXECUTION>
		<HEADER>REQ_HEADER</HEADER>
		<BODY>ATT_JB_REQ_BODY</BODY>
		<ASRC>REQ_ASRC</ASRC>
		<REQUEST>lsr_order</REQUEST>
		<SUBREQUEST>dir_assist_list</SUBREQUEST>
		<ILEC>ATT</ILEC>
		<HEADERVER>LSOG10</HEADERVER>
		<FLOW>SUPP1|SUPP2|SUPP3|Cancel</FLOW>
		<REMARKS>-FocSocBcn.xml-</REMARKS>
		<SUPP_REMARKS>defaultsup|defaultsup|defaultsup</SUPP_REMARKS>
		<STATUS>BCNSTATUS</STATUS>
		<SUPP_STATUS>BCNSTATUS|BCNSTATUS|BCNSTATUS</SUPP_STATUS>
		<RESRAWINRESQUE>32</RESRAWINRESQUE>
		<CHANNELNAME>ATTORDER</CHANNELNAME>
		<SVCTYP>DS</SVCTYP>
	</TEST_CASE>
	<TEST_CASE name="ATT_MB_REQ">
		<EXECUTION>FALSE</EXECUTION>
		<HEADER>REQ_HEADER</HEADER>
		<BODY>ATT_MB_REQ_BODY</BODY>
		<ASRC>REQ_ASRC</ASRC>
		<REQUEST>lsr_order</REQUEST>
		<SUBREQUEST>port_loop</SUBREQUEST>
		<ILEC>ATT</ILEC>
		<HEADERVER>LSOG10</HEADERVER>
		<FLOW>SUPP1|SUPP2|SUPP3|Cancel</FLOW>
		<REMARKS>-FocJeop.xml-</REMARKS>
		<SUPP_REMARKS>-SuppJeopSoc.xml-|-Supp.xml-|-SuppnonfatalSupp.xml-</SUPP_REMARKS>
		<STATUS>JEOPARDYSTATUS</STATUS>
		<SUPP_STATUS>SOCSTATUS|SUPPACCEPTSTATUS|SUPPACCEPTSTATUS</SUPP_STATUS>
		<RESRAWINRESQUE>24</RESRAWINRESQUE>
		<CHANNELNAME>ATTORDER</CHANNELNAME>
		<SVCTYP>Platform</SVCTYP>
	</TEST_CASE>
	<TEST_CASE name="FPC_AB_REQ">
		<EXECUTION>FALSE</EXECUTION>
		<HEADER>REQ_HEADER</HEADER>
		<BODY>FPC_AB_REQ_BODY</BODY>
		<ASRC>REQ_ASRC</ASRC>
		<REQUEST>lsr_order</REQUEST>
		<SUBREQUEST>loop</SUBREQUEST>
		<ILEC>FPC</ILEC>
		<HEADERVER>LSOG9</HEADERVER>
		<FLOW>SUPP1|SUPP2|SUPP3|Cancel</FLOW>
		<REMARKS>(AckFocnonfatalFocJeopSocBcn.flow)</REMARKS>
		<SUPP_REMARKS>(AckSuppSoc.flow)|(AckSuppnonfatal.flow)|(AckSuppnonfatal.flow)</SUPP_REMARKS>
		<STATUS>BCNSTATUS</STATUS>
		<SUPP_STATUS>SOCSTATUS|SUPPREJECTSTATUS|SUPPREJECTSTATUS</SUPP_STATUS>
		<RESRAWINRESQUE>26</RESRAWINRESQUE>
		<CHANNELNAME>FPCORDER</CHANNELNAME>
		<SVCTYP>Loop</SVCTYP>
	</TEST_CASE>
	<TEST_CASE name="FPC_BB_REQ">
		<EXECUTION>FALSE</EXECUTION>
		<HEADER>REQ_HEADER</HEADER>
		<BODY>FPC_BB_REQ_BODY</BODY>
		<ASRC>REQ_ASRC</ASRC>
		<REQUEST>lsr_order</REQUEST>
		<SUBREQUEST>loop_with_np</SUBREQUEST>
		<ILEC>FPC</ILEC>
		<HEADERVER>LSOG9</HEADERVER>
		<FLOW>SUPP1|SUPP2|SUPP3|Cancel</FLOW>
		<REMARKS>(AckFocJeopSocBcn.flow)</REMARKS>
		<SUPP_REMARKS>(AckSuppSoc.flow)|(AckSuppnonfatalSuppJeopSoc.flow)|(AckSuppnonfatalSuppJeopSocBcn.flow)</SUPP_REMARKS>
		<STATUS>BCNSTATUS</STATUS>
		<SUPP_STATUS>SOCSTATUS|SOCSTATUS|BCNSTATUS</SUPP_STATUS>
		<RESRAWINRESQUE>38</RESRAWINRESQUE>
		<CHANNELNAME>FPCORDER</CHANNELNAME>
		<SVCTYP>LSNP</SVCTYP>
	</TEST_CASE>
	<TEST_CASE name="FPC_CB_REQ">
		<EXECUTION>FALSE</EXECUTION>
		<HEADER>REQ_HEADER</HEADER>
		<BODY>FPC_CB_REQ_BODY</BODY>
		<ASRC>REQ_ASRC</ASRC>
		<REQUEST>lsr_order</REQUEST>
		<SUBREQUEST>np_order</SUBREQUEST>
		<ILEC>FPC</ILEC>
		<HEADERVER>LSOG9</HEADERVER>
		<FLOW>SUPP1|SUPP2|SUPP3|Cancel</FLOW>
		<REMARKS>(FocnonfatalFocJeopSoc.flow)</REMARKS>
		<SUPP_REMARKS>(AckSuppJeopSocBcn.flow)|(AckSuppSocBcn.flow)|(AckSuppSoc.flow)</SUPP_REMARKS>
		<STATUS>SOCSTATUS</STATUS>
		<SUPP_STATUS>BCNSTATUS|BCNSTATUS|SOCSTATUS</SUPP_STATUS>
		<RESRAWINRESQUE>32</RESRAWINRESQUE>
		<CHANNELNAME>FPCORDER</CHANNELNAME>
		<SVCTYP>NP</SVCTYP>
	</TEST_CASE>
	<TEST_CASE name="FPC_EB_REQ">
		<EXECUTION>FALSE</EXECUTION>
		<HEADER>REQ_HEADER</HEADER>
		<BODY>FPC_EB_REQ_BODY</BODY>
		<ASRC>REQ_ASRC</ASRC>
		<REQUEST>lsr_order</REQUEST>
		<SUBREQUEST>resale</SUBREQUEST>
		<ILEC>FPC</ILEC>
		<HEADERVER>LSOG9</HEADERVER>
		<FLOW>SUPP1|SUPP2|SUPP3|Cancel</FLOW>
		<REMARKS>(Nack.flow)</REMARKS>
		<SUPP_REMARKS>(SuppnonfatalSuppJeop.flow)|(SuppSoc.flow)|(SuppSocBcn.flow)</SUPP_REMARKS>
		<STATUS>NEGACKSTATUS</STATUS>
		<SUPP_STATUS>JEOPARDYSTATUS|SOCSTATUS|BCNSTATUS</SUPP_STATUS>
		<RESRAWINRESQUE>18</RESRAWINRESQUE>
		<CHANNELNAME>FPCORDER</CHANNELNAME>
		<SVCTYP>Resale</SVCTYP>
	</TEST_CASE>
	<TEST_CASE name="FPC_FB_REQ">
		<EXECUTION>FALSE</EXECUTION>
		<HEADER>REQ_HEADER</HEADER>
		<BODY>FPC_FB_REQ_BODY</BODY>
		<ASRC>REQ_ASRC</ASRC>
		<REQUEST>lsr_order</REQUEST>
		<SUBREQUEST>port</SUBREQUEST>
		<ILEC>FPC</ILEC>
		<HEADERVER>LSOG9</HEADERVER>
		<FLOW>SUPP1|SUPP2|SUPP3|Cancel</FLOW>
		<REMARKS>(AckFocSocBcn.flow)</REMARKS>
		<SUPP_REMARKS>(SuppJeopSoc.flow)|(Supp.flow)|(SuppnonfatalSupp.flow)</SUPP_REMARKS>
		<STATUS>BCNSTATUS</STATUS>
		<SUPP_STATUS>SOCSTATUS|SUPPACCEPTSTATUS|SUPPREJECTSTATUS</SUPP_STATUS>
		<RESRAWINRESQUE>18</RESRAWINRESQUE>
		<CHANNELNAME>FPCORDER</CHANNELNAME>
		<SVCTYP>Port</SVCTYP>
	</TEST_CASE>
	<TEST_CASE name="FPC_JB_REQ">
		<EXECUTION>FALSE</EXECUTION>
		<HEADER>REQ_HEADER</HEADER>
		<BODY>FPC_JB_REQ_BODY</BODY>
		<ASRC>REQ_ASRC</ASRC>
		<REQUEST>lsr_order</REQUEST>
		<SUBREQUEST>dir_assist_list</SUBREQUEST>
		<ILEC>FPC</ILEC>
		<HEADERVER>LSOG9</HEADERVER>
		<FLOW>SUPP1|SUPP2|SUPP3|Cancel</FLOW>
		<REMARKS>(AckFocnonfatal.flow)</REMARKS>
		<SUPP_REMARKS>(Supp.flow)|(SuppSocBcn.flow)|(SuppnonfatalSuppJeop.flow)</SUPP_REMARKS>
		<STATUS>FOCREJECTSTATUS</STATUS>
		<SUPP_STATUS>SUPPACCEPTSTATUS|BCNSTATUS|JEOPARDYSTATUS</SUPP_STATUS>
		<RESRAWINRESQUE>18</RESRAWINRESQUE>
		<CHANNELNAME>FPCORDER</CHANNELNAME>
		<SVCTYP>DS</SVCTYP>
	</TEST_CASE>
	<TEST_CASE name="FPC_MB_REQ">
		<EXECUTION>FALSE</EXECUTION>
		<HEADER>REQ_HEADER</HEADER>
		<BODY>FPC_MB_REQ_BODY</BODY>
		<ASRC>REQ_ASRC</ASRC>
		<REQUEST>lsr_order</REQUEST>
		<SUBREQUEST>port_loop</SUBREQUEST>
		<ILEC>FPC</ILEC>
		<HEADERVER>LSOG9</HEADERVER>
		<FLOW>SUPP1|SUPP2|SUPP3|Cancel</FLOW>
		<REMARKS>(FocnonfatalFocJeop.flow)</REMARKS>
		<SUPP_REMARKS>(Supp.flow)|(SuppSoc.flow)|(SuppnonfatalSupp.flow)</SUPP_REMARKS>
		<STATUS>JEOPARDYSTATUS</STATUS>
		<SUPP_STATUS>SUPPACCEPTSTATUS|SOCSTATUS|SUPPREJECTSTATUS</SUPP_STATUS>
		<RESRAWINRESQUE>14</RESRAWINRESQUE>
		<CHANNELNAME>FPCORDER</CHANNELNAME>
		<SVCTYP>Platform</SVCTYP>
	</TEST_CASE>
	<TEST_CASE name="FPC_DB_REQ">
		<EXECUTION>FALSE</EXECUTION>
		<HEADER>REQ_HEADER</HEADER>
		<BODY>FPC_DB_REQ_BODY</BODY>
		<ASRC>REQ_ASRC</ASRC>
		<REQUEST>lsr_order</REQUEST>
		<SUBREQUEST>port_loop</SUBREQUEST>
		<ILEC>FPC</ILEC>
		<HEADERVER>LSOG9</HEADERVER>
		<FLOW>SUPP1|SUPP2|SUPP3|Cancel</FLOW>
		<REMARKS>(FocSoc.flow)</REMARKS>
		<SUPP_REMARKS>(AckSupp.flow)|(AckSuppSoc.flow)|(AckSuppJeopSoc.flow)</SUPP_REMARKS>
		<STATUS>SOCSTATUS</STATUS>
		<SUPP_STATUS>SUPPACCEPTSTATUS|SOCSTATUS|SOCSTATUS</SUPP_STATUS>
		<RESRAWINRESQUE>22</RESRAWINRESQUE>
		<CHANNELNAME>FPCORDER</CHANNELNAME>
		<SVCTYP>Platform</SVCTYP>
	</TEST_CASE>
	<TEST_CASE name="FPC_QB_REQ">
		<EXECUTION>FALSE</EXECUTION>
		<HEADER>REQ_HEADER</HEADER>
		<BODY>FPC_QB_REQ_BODY</BODY>
		<ASRC>REQ_ASRC</ASRC>
		<REQUEST>lsr_order</REQUEST>
		<SUBREQUEST>ISDN</SUBREQUEST>
		<ILEC>FPC</ILEC>
		<HEADERVER>LSOG9</HEADERVER>
		<FLOW>SUPP1|SUPP2|SUPP3|Cancel</FLOW>
		<REMARKS>(Soc.flow)</REMARKS>
		<SUPP_REMARKS>(Supp.flow)|(SuppSoc.flow)|(SuppnonfatalSupp.flow)</SUPP_REMARKS>
		<STATUS>SOCSTATUS</STATUS>
		<SUPP_STATUS>SUPPACCEPTSTATUS|SOCSTATUS|SUPPREJECTSTATUS</SUPP_STATUS>
		<RESRAWINRESQUE>10</RESRAWINRESQUE>
		<CHANNELNAME>FPCORDER</CHANNELNAME>
		<SVCTYP>ISDN</SVCTYP>
	</TEST_CASE>
	<TEST_CASE name="VZW_AB_REQ">
		<EXECUTION>FALSE</EXECUTION>
		<HEADER>REQ_HEADER</HEADER>
		<BODY>VZW_AB_REQ_BODY</BODY>
		<ASRC>REQ_ASRC</ASRC>
		<REQUEST>lsr_order</REQUEST>
		<SUBREQUEST>loop</SUBREQUEST>
		<ILEC>VZW</ILEC>
		<HEADERVER>LSOG9</HEADERVER>
		<FLOW>SUPP1|SUPP2|SUPP3|Cancel</FLOW>
		<REMARKS>{AckFocSoc.flow}</REMARKS>
		<SUPP_REMARKS>{Supp.flow}|{AckSupp.flow}|{AckSuppfatal.flow}</SUPP_REMARKS>
		<STATUS>SOCSTATUS</STATUS>
		<SUPP_STATUS>SUPPACCEPTSTATUS|SUPPACCEPTSTATUS|SUPPREJECTSTATUS</SUPP_STATUS>
		<RESRAWINRESQUE>16</RESRAWINRESQUE>
		<CHANNELNAME>VZWORDER</CHANNELNAME>
		<SVCTYP>Loop</SVCTYP>
	</TEST_CASE>
	<TEST_CASE name="VZW_BB_REQ">
		<EXECUTION>FALSE</EXECUTION>
		<HEADER>REQ_HEADER</HEADER>
		<BODY>VZW_BB_REQ_BODY</BODY>
		<ASRC>REQ_ASRC</ASRC>
		<REQUEST>lsr_order</REQUEST>
		<SUBREQUEST>loop_with_np</SUBREQUEST>
		<ILEC>VZW</ILEC>
		<HEADERVER>LSOG9</HEADERVER>
		<FLOW>SUPP1|SUPP2|SUPP3|Cancel</FLOW>
		<REMARKS>{Ack.flow}</REMARKS>
		<SUPP_REMARKS>{Supp.flow}|{SuppSoc.flow}|{SuppJeop.flow}</SUPP_REMARKS>
		<STATUS>ACKSTATUS</STATUS>
		<SUPP_STATUS>SUPPACCEPTSTATUS|SOCSTATUS|JEOPARDYSTATUS</SUPP_STATUS>
		<RESRAWINRESQUE>12</RESRAWINRESQUE>
		<CHANNELNAME>VZWORDER</CHANNELNAME>
		<SVCTYP>LSNP</SVCTYP>
	</TEST_CASE>
	<TEST_CASE name="VZW_CB_REQ">
		<EXECUTION>FALSE</EXECUTION>
		<HEADER>REQ_HEADER</HEADER>
		<BODY>VZW_CB_REQ_BODY</BODY>
		<ASRC>REQ_ASRC</ASRC>
		<REQUEST>lsr_order</REQUEST>
		<SUBREQUEST>np_order</SUBREQUEST>
		<ILEC>VZW</ILEC>
		<HEADERVER>LSOG9</HEADERVER>
		<FLOW>SUPP1|SUPP2|SUPP3|Cancel</FLOW>
		<REMARKS>{Nack.flow}</REMARKS>
		<SUPP_REMARKS>{AckSuppJeop.flow}|{AckSuppSoc.flow}|{SuppSoc.flow}</SUPP_REMARKS>
		<STATUS>NEGACKSTATUS</STATUS>
		<SUPP_STATUS>JEOPARDYSTATUS|SOCSTATUS|SOCSTATUS</SUPP_STATUS>
		<RESRAWINRESQUE>18</RESRAWINRESQUE>
		<CHANNELNAME>VZWORDER</CHANNELNAME>
		<SVCTYP>NP</SVCTYP>
	</TEST_CASE>
	<TEST_CASE name="VZW_MB_REQ">
		<EXECUTION>FALSE</EXECUTION>
		<HEADER>REQ_HEADER</HEADER>
		<BODY>VZW_MB_REQ_BODY</BODY>
		<ASRC>REQ_ASRC</ASRC>
		<REQUEST>lsr_order</REQUEST>
		<SUBREQUEST>port_loop</SUBREQUEST>
		<ILEC>VZW</ILEC>
		<HEADERVER>LSOG9</HEADERVER>
		<FLOW>SUPP1|SUPP2|SUPP3|Cancel</FLOW>
		<REMARKS>{Focfatal.flow}</REMARKS>
		<SUPP_REMARKS>{AckSuppSoc.flow}|{Supp.flow}|{SuppSoc.flow}</SUPP_REMARKS>
		<STATUS>FOCREJECTSTATUS</STATUS>
		<SUPP_STATUS>SOCSTATUS|SUPPACCEPTSTATUS|SOCSTATUS</SUPP_STATUS>
		<RESRAWINRESQUE>14</RESRAWINRESQUE>
		<CHANNELNAME>VZWORDER</CHANNELNAME>
		<SVCTYP>Platform</SVCTYP>
	</TEST_CASE>
	<TEST_CASE name="VZW_EB_REQ">
		<EXECUTION>FALSE</EXECUTION>
		<HEADER>REQ_HEADER</HEADER>
		<BODY>VZW_EB_REQ_BODY</BODY>
		<ASRC>REQ_ASRC</ASRC>
		<REQUEST>lsr_order</REQUEST>
		<SUBREQUEST>resale</SUBREQUEST>
		<ILEC>VZW</ILEC>
		<HEADERVER>LSOG9</HEADERVER>
		<FLOW>SUPP1|SUPP2|SUPP3|Cancel</FLOW>
		<REMARKS>{AckFocJeopSoc.flow}</REMARKS>
		<SUPP_REMARKS>{AckSuppSoc.flow}|{Supp.flow}|{SuppSoc.flow}</SUPP_REMARKS>
		<STATUS>SOCSTATUS</STATUS>
		<SUPP_STATUS>SOCSTATUS|SUPPACCEPTSTATUS|SOCSTATUS</SUPP_STATUS>
		<RESRAWINRESQUE>20</RESRAWINRESQUE>
		<CHANNELNAME>VZWORDER</CHANNELNAME>
		<SVCTYP>Resale</SVCTYP>
	</TEST_CASE>
	<TEST_CASE name="VZW_FB_REQ">
		<EXECUTION>FALSE</EXECUTION>
		<HEADER>REQ_HEADER</HEADER>
		<BODY>VZW_FB_REQ_BODY</BODY>
		<ASRC>REQ_ASRC</ASRC>
		<REQUEST>lsr_order</REQUEST>
		<SUBREQUEST>port</SUBREQUEST>
		<ILEC>VZW</ILEC>
		<HEADERVER>LSOG9</HEADERVER>
		<FLOW>SUPP1|SUPP2|SUPP3|Cancel</FLOW>
		<REMARKS>{FocJeopSoc.flow}</REMARKS>
		<SUPP_REMARKS>{AckSuppSoc.flow}|{Supp.flow}|{SuppSoc.flow}</SUPP_REMARKS>
		<STATUS>BCNSTATUS</STATUS>
		<SUPP_STATUS>SOCSTATUS|SUPPACCEPTSTATUS|SOCSTATUS</SUPP_STATUS>
		<RESRAWINRESQUE>18</RESRAWINRESQUE>
		<CHANNELNAME>VZWORDER</CHANNELNAME>
		<SVCTYP>Port</SVCTYP>
	</TEST_CASE>
	<TEST_CASE name="VZW_JB_REQ">
		<EXECUTION>FALSE</EXECUTION>
		<HEADER>REQ_HEADER</HEADER>
		<BODY>VZW_JB_REQ_BODY</BODY>
		<ASRC>REQ_ASRC</ASRC>
		<REQUEST>lsr_order</REQUEST>
		<SUBREQUEST>dir_assist_list</SUBREQUEST>
		<ILEC>VZW</ILEC>
		<HEADERVER>LSOG9</HEADERVER>
		<FLOW>SUPP1|SUPP2|SUPP3|Cancel</FLOW>
		<REMARKS>{Foc.flow}</REMARKS>
		<SUPP_REMARKS>{AckSuppSoc.flow}|{Supp.flow}|{SuppSoc.flow}</SUPP_REMARKS>
		<STATUS>BCNSTATUS</STATUS>
		<SUPP_STATUS>SOCSTATUS|SUPPACCEPTSTATUS|SOCSTATUS</SUPP_STATUS>
		<RESRAWINRESQUE>14</RESRAWINRESQUE>
		<CHANNELNAME>VZWORDER</CHANNELNAME>
		<SVCTYP>DS</SVCTYP>
	</TEST_CASE>
	<TEST_CASE name="VZW_QB_REQ">
		<EXECUTION>FALSE</EXECUTION>
		<HEADER>REQ_HEADER</HEADER>
		<BODY>VZW_QB_REQ_BODY</BODY>
		<ASRC>REQ_ASRC</ASRC>
		<REQUEST>lsr_order</REQUEST>
		<SUBREQUEST>ISDN</SUBREQUEST>
		<ILEC>VZW</ILEC>
		<HEADERVER>LSOG9</HEADERVER>
		<FLOW>SUPP1|SUPP2|SUPP3|Cancel</FLOW>
		<REMARKS>{Soc.flow}</REMARKS>
		<SUPP_REMARKS>{SuppJeopSoc.flow}|{Supp.flow}|{Supp.flow}</SUPP_REMARKS>
		<STATUS>SOCSTATUS</STATUS>
		<SUPP_STATUS>SOCSTATUS|SUPPACCEPTSTATUS|SUPPACCEPTSTATUS</SUPP_STATUS>
		<RESRAWINRESQUE>12</RESRAWINRESQUE>
		<CHANNELNAME>VZWORDER</CHANNELNAME>
		<SVCTYP>ISDN</SVCTYP>
	</TEST_CASE>
	<TEST_CASE name="VZW_NB_REQ">
		<EXECUTION>FALSE</EXECUTION>
		<HEADER>REQ_HEADER</HEADER>
		<BODY>VZW_NB_REQ_BODY</BODY>
		<ASRC>REQ_ASRC</ASRC>
		<REQUEST>lsr_order</REQUEST>
		<SUBREQUEST>ddps</SUBREQUEST>
		<ILEC>VZW</ILEC>
		<HEADERVER>LSOG9</HEADERVER>
		<FLOW>SUPP1|SUPP2|SUPP3|Cancel</FLOW>
		<REMARKS>{Foc.flow}</REMARKS>
		<SUPP_REMARKS>{AckSuppfatal.flow}|{SuppSoc.flow}|{SuppJeop.flow}</SUPP_REMARKS>
		<STATUS>FOCACCEPTSTATUS</STATUS>
		<SUPP_STATUS>SUPPREJECTSTATUS|SOCSTATUS|JEOPARDYSTATUS</SUPP_STATUS>
		<RESRAWINRESQUE>14</RESRAWINRESQUE>
		<CHANNELNAME>VZWORDER</CHANNELNAME>
		<SVCTYP>DDPS</SVCTYP>
	</TEST_CASE>
	<TEST_CASE name="VZW_KB_REQ">
		<EXECUTION>FALSE</EXECUTION>
		<HEADER>REQ_HEADER</HEADER>
		<BODY>VZW_KB_REQ_BODY</BODY>
		<ASRC>REQ_ASRC</ASRC>
		<REQUEST>lsr_order</REQUEST>
		<SUBREQUEST>Resale_private_line</SUBREQUEST>
		<ILEC>VZW</ILEC>
		<HEADERVER>LSOG9</HEADERVER>
		<FLOW>SUPP1|SUPP2|SUPP3|Cancel</FLOW>
		<REMARKS>{FocJeop.flow}</REMARKS>
		<SUPP_REMARKS>{SuppJeopSoc.flow}|{Supp.flow}|{Supp.flow}</SUPP_REMARKS>
		<STATUS>JEOPARDYSTATUS</STATUS>
		<SUPP_STATUS>SOCSTATUS|SUPPACCEPTSTATUS|SUPPACCEPTSTATUS</SUPP_STATUS>
		<RESRAWINRESQUE>14</RESRAWINRESQUE>
		<CHANNELNAME>VZWORDER</CHANNELNAME>
		<SVCTYP>Resale_private_line</SVCTYP>
	</TEST_CASE>
	<TEST_CASE name="VZW_LB_REQ">
		<EXECUTION>FALSE</EXECUTION>
		<HEADER>REQ_HEADER</HEADER>
		<BODY>VZW_LB_REQ_BODY</BODY>
		<ASRC>REQ_ASRC</ASRC>
		<REQUEST>lsr_order</REQUEST>
		<SUBREQUEST>resale_frame_relay</SUBREQUEST>
		<ILEC>VZW</ILEC>
		<HEADERVER>LSOG9</HEADERVER>
		<FLOW>SUPP1|SUPP2|SUPP3|Cancel</FLOW>
		<REMARKS>{AckFocfatal.flow}</REMARKS>
		<SUPP_REMARKS>{Suppfatal.flow}|{SuppJeop.flow}|{SuppSoc.flow}</SUPP_REMARKS>
		<STATUS>FOCREJECTSTATUS</STATUS>
		<SUPP_STATUS>SUPPREJECTSTATUS|JEOPARDYSTATUS|SOCSTATUS</SUPP_STATUS>
		<RESRAWINRESQUE>14</RESRAWINRESQUE>
		<CHANNELNAME>VZWORDER</CHANNELNAME>
		<SVCTYP>RFR</SVCTYP>
	</TEST_CASE>
	<TEST_CASE name="VZW_PB_REQ">
		<EXECUTION>FALSE</EXECUTION>
		<HEADER>REQ_HEADER</HEADER>
		<BODY>VZW_PB_REQ_BODY</BODY>
		<ASRC>REQ_ASRC</ASRC>
		<REQUEST>lsr_order</REQUEST>
		<SUBREQUEST>centrex_resale</SUBREQUEST>
		<ILEC>VZW</ILEC>
		<HEADERVER>LSOG9</HEADERVER>
		<FLOW>SUPP1|SUPP2|SUPP3|Cancel</FLOW>
		<REMARKS>{AckFoc.flow}</REMARKS>
		<SUPP_REMARKS>{AckSuppJeopSoc.flow}|{AckSupp.flow}|{AckSuppSoc.flow}</SUPP_REMARKS>
		<STATUS>FOCACCEPTSTATUS</STATUS>
		<SUPP_STATUS>SOCSTATUS|SUPPACCEPTSTATUS|SOCSTATUS</SUPP_STATUS>
		<RESRAWINRESQUE>22</RESRAWINRESQUE>
		<CHANNELNAME>VZWORDER</CHANNELNAME>
		<SVCTYP>CRS</SVCTYP>
	</TEST_CASE>
	<TEST_CASE name="Frontier_AB_REQ">
		<EXECUTION>FALSE</EXECUTION>
		<HEADER>REQ_HEADER</HEADER>
		<BODY>Frontier_AB_REQ_BODY</BODY>
		<ASRC>REQ_ASRC</ASRC>
		<REQUEST>lsr_order</REQUEST>
		<SUBREQUEST>loop</SUBREQUEST>
		<ILEC>Frontier</ILEC>
		<HEADERVER>LSOG9</HEADERVER>
		<FLOW>SUPP1|SUPP2|SUPP3|Cancel</FLOW>
		<REMARKS>(Ack.flow)</REMARKS>
		<SUPP_REMARKS>(Supp.flow)|(Supp.flow)|(AckSuppnonfatal.flow)</SUPP_REMARKS>
		<STATUS>ACKSTATUS</STATUS>
		<SUPP_STATUS>SUPPACCEPTSTATUS|SUPPACCEPTSTATUS|SUPPREJECTSTATUS</SUPP_STATUS>
		<RESRAWINRESQUE>10</RESRAWINRESQUE>
		<CHANNELNAME>FRONTIERORDER</CHANNELNAME>
		<SVCTYP>Loop</SVCTYP>
	</TEST_CASE>
	<TEST_CASE name="Frontier_BB_REQ">
		<EXECUTION>FALSE</EXECUTION>
		<HEADER>REQ_HEADER</HEADER>
		<BODY>Frontier_BB_REQ_BODY</BODY>
		<ASRC>REQ_ASRC</ASRC>
		<REQUEST>lsr_order</REQUEST>
		<SUBREQUEST>loop_with_np</SUBREQUEST>
		<ILEC>Frontier</ILEC>
		<HEADERVER>LSOG9</HEADERVER>
		<FLOW>SUPP1|SUPP2|SUPP3|Cancel</FLOW>
		<REMARKS>(FocnonfatalFocJeopSocBcn.flow)</REMARKS>
		<SUPP_REMARKS>(SuppJeopSoc.flow)|(Supp.flow)|(SuppnonfatalSupp.flow)</SUPP_REMARKS>
		<STATUS>BCNSTATUS</STATUS>
		<SUPP_STATUS>SOCSTATUS|SUPPACCEPTSTATUS|SUPPREJECTSTATUS</SUPP_STATUS>
		<RESRAWINRESQUE>22</RESRAWINRESQUE>
		<CHANNELNAME>FRONTIERORDER</CHANNELNAME>
		<SVCTYP>LSNP</SVCTYP>
	</TEST_CASE>
	<TEST_CASE name="Frontier_CB_REQ">
		<EXECUTION>FALSE</EXECUTION>
		<HEADER>REQ_HEADER</HEADER>
		<BODY>Frontier_CB_REQ_BODY</BODY>
		<ASRC>REQ_ASRC</ASRC>
		<REQUEST>lsr_order</REQUEST>
		<SUBREQUEST>np_order</SUBREQUEST>
		<ILEC>Frontier</ILEC>
		<HEADERVER>LSOG9</HEADERVER>
		<FLOW>SUPP1|SUPP2|SUPP3|Cancel</FLOW>
		<REMARKS>(FocnonfatalFocJeop.flow)</REMARKS>
		<SUPP_REMARKS>(SuppJeopSoc.flow)|(Supp.flow)|(SuppnonfatalSupp.flow)</SUPP_REMARKS>
		<STATUS>JEOPARDYSTATUS</STATUS>
		<SUPP_STATUS>SOCSTATUS|SUPPACCEPTSTATUS|SUPPREJECTSTATUS</SUPP_STATUS>
		<RESRAWINRESQUE>20</RESRAWINRESQUE>
		<CHANNELNAME>FRONTIERORDER</CHANNELNAME>
		<SVCTYP>NP</SVCTYP>
	</TEST_CASE>
	<TEST_CASE name="Frontier_DB_REQ">
		<EXECUTION>FALSE</EXECUTION>
		<HEADER>REQ_HEADER</HEADER>
		<BODY>Frontier_DB_REQ_BODY</BODY>
		<ASRC>REQ_ASRC</ASRC>
		<REQUEST>lsr_order</REQUEST>
		<SUBREQUEST>port_loop</SUBREQUEST>
		<ILEC>Frontier</ILEC>
		<HEADERVER>LSOG9</HEADERVER>
		<FLOW>SUPP1|SUPP2|SUPP3|Cancel</FLOW>
		<REMARKS>(Focnonfatal.flow)</REMARKS>
		<SUPP_REMARKS>(SuppJeopSoc.flow)|(Supp.flow)|(SuppnonfatalSupp.flow)</SUPP_REMARKS>
		<STATUS>FOCREJECTSTATUS</STATUS>
		<SUPP_STATUS>SOCSTATUS|SUPPACCEPTSTATUS|SUPPREJECTSTATUS</SUPP_STATUS>
		<RESRAWINRESQUE>12</RESRAWINRESQUE>
		<CHANNELNAME>FRONTIERORDER</CHANNELNAME>
		<SVCTYP>Platform</SVCTYP>
	</TEST_CASE>
	<TEST_CASE name="Frontier_EB_REQ">
		<EXECUTION>FALSE</EXECUTION>
		<HEADER>REQ_HEADER</HEADER>
		<BODY>Frontier_EB_REQ_BODY</BODY>
		<ASRC>REQ_ASRC</ASRC>
		<REQUEST>lsr_order</REQUEST>
		<SUBREQUEST>resale</SUBREQUEST>
		<ILEC>Frontier</ILEC>
		<HEADERVER>LSOG9</HEADERVER>
		<FLOW>SUPP1|SUPP2|SUPP3|Cancel</FLOW>
		<REMARKS>(Foc.flow)</REMARKS>
		<SUPP_REMARKS>(SuppJeopSoc.flow)|(Supp.flow)|(SuppnonfatalSupp.flow)</SUPP_REMARKS>
		<STATUS>FOCACCEPTSTATUS</STATUS>
		<SUPP_STATUS>SOCSTATUS|SUPPACCEPTSTATUS|SUPPREJECTSTATUS</SUPP_STATUS>
		<RESRAWINRESQUE>12</RESRAWINRESQUE>
		<CHANNELNAME>FRONTIERORDER</CHANNELNAME>
		<SVCTYP>Resale</SVCTYP>
	</TEST_CASE>
	<TEST_CASE name="Frontier_FB_REQ">
		<EXECUTION>FALSE</EXECUTION>
		<HEADER>REQ_HEADER</HEADER>
		<BODY>Frontier_FB_REQ_BODY</BODY>
		<ASRC>REQ_ASRC</ASRC>
		<REQUEST>lsr_order</REQUEST>
		<SUBREQUEST>port</SUBREQUEST>
		<ILEC>Frontier</ILEC>
		<HEADERVER>LSOG9</HEADERVER>
		<FLOW>SUPP1|SUPP2|SUPP3|Cancel</FLOW>
		<REMARKS>(Foc.flow)</REMARKS>
		<SUPP_REMARKS>(SuppJeopSoc.flow)|(Supp.flow)|(SuppnonfatalSupp.flow)</SUPP_REMARKS>
		<STATUS>FOCACCEPTSTATUS</STATUS>
		<SUPP_STATUS>SOCSTATUS|SUPPACCEPTSTATUS|SUPPREJECTSTATUS</SUPP_STATUS>
		<RESRAWINRESQUE>12</RESRAWINRESQUE>
		<CHANNELNAME>FRONTIERORDER</CHANNELNAME>
		<SVCTYP>Port</SVCTYP>
	</TEST_CASE>
	<TEST_CASE name="Frontier_JB_REQ(NOT_WORKING)">
		<EXECUTION>FALSE</EXECUTION>
		<HEADER>REQ_HEADER</HEADER>
		<BODY>Frontier_JB_REQ_BODY</BODY>
		<ASRC>REQ_ASRC</ASRC>
		<REQUEST>lsr_order</REQUEST>
		<SUBREQUEST>dir_assist_list</SUBREQUEST>
		<ILEC>Frontier</ILEC>
		<HEADERVER>LSOG9</HEADERVER>
		<FLOW>SUPP1|SUPP2|SUPP3|Cancel</FLOW>
		<REMARKS>(Nack.flow)</REMARKS>
		<SUPP_REMARKS>(SuppJeopSoc.flow)|(Supp.flow)|(SuppnonfatalSupp.flow)</SUPP_REMARKS>
		<STATUS>NEGACKSTATUS</STATUS>
		<SUPP_STATUS>SOCSTATUS|SUPPACCEPTSTATUS|SUPPREJECTSTATUS</SUPP_STATUS>
		<RESRAWINRESQUE>12</RESRAWINRESQUE>
		<CHANNELNAME>FRONTIERORDER</CHANNELNAME>
		<SVCTYP>DS</SVCTYP>
	</TEST_CASE>
	<TEST_CASE name="Frontier_PB_REQ">
		<EXECUTION>FALSE</EXECUTION>
		<HEADER>REQ_HEADER</HEADER>
		<BODY>Frontier_PB_REQ_BODY</BODY>
		<ASRC>REQ_ASRC</ASRC>
		<REQUEST>lsr_order</REQUEST>
		<SUBREQUEST>centrex_resale</SUBREQUEST>
		<ILEC>Frontier</ILEC>
		<HEADERVER>LSOG9</HEADERVER>
		<FLOW>SUPP1|SUPP2|SUPP3|Cancel</FLOW>
		<REMARKS>(Soc.flow)</REMARKS>
		<SUPP_REMARKS>(SuppJeopSoc.flow)|(Supp.flow)|(SuppnonfatalSupp.flow)</SUPP_REMARKS>
		<STATUS>SOCSTATUS</STATUS>
		<SUPP_STATUS>SOCSTATUS|SUPPACCEPTSTATUS|SUPPREJECTSTATUS</SUPP_STATUS>
		<RESRAWINRESQUE>12</RESRAWINRESQUE>
		<CHANNELNAME>FRONTIERORDER</CHANNELNAME>
		<SVCTYP>CRS</SVCTYP>
	</TEST_CASE>
	<TEST_CASE name="Frontier_QB_REQ">
		<EXECUTION>FALSE</EXECUTION>
		<HEADER>REQ_HEADER</HEADER>
		<BODY>Frontier_QB_REQ_BODY</BODY>
		<ASRC>REQ_ASRC</ASRC>
		<REQUEST>lsr_order</REQUEST>
		<SUBREQUEST>port_loop</SUBREQUEST>
		<ILEC>Frontier</ILEC>
		<HEADERVER>LSOG9</HEADERVER>
		<FLOW>SUPP1|SUPP2|SUPP3|Cancel</FLOW>
		<REMARKS>(FocnonfatalFoc.flow)</REMARKS>
		<SUPP_REMARKS>(SuppJeopSoc.flow)|(Supp.flow)|(SuppnonfatalSupp.flow)</SUPP_REMARKS>
		<STATUS>FOCACCEPTSTATUS</STATUS>
		<SUPP_STATUS>SOCSTATUS|SUPPACCEPTSTATUS|SUPPREJECTSTATUS</SUPP_STATUS>
		<RESRAWINRESQUE>14</RESRAWINRESQUE>
		<CHANNELNAME>FRONTIERORDER</CHANNELNAME>
		<SVCTYP>ISDN</SVCTYP>
	</TEST_CASE>
	<TEST_CASE name="Frontier_NB_REQ">
		<EXECUTION>FALSE</EXECUTION>
		<HEADER>REQ_HEADER</HEADER>
		<BODY>Frontier_NB_REQ_BODY</BODY>
		<ASRC>REQ_ASRC</ASRC>
		<REQUEST>lsr_order</REQUEST>
		<SUBREQUEST>ddps</SUBREQUEST>
		<ILEC>Frontier</ILEC>
		<HEADERVER>LSOG9</HEADERVER>
		<FLOW>SUPP1|SUPP2|SUPP3|Cancel</FLOW>
		<REMARKS>(FocSoc.flow)</REMARKS>
		<SUPP_REMARKS>(SuppJeopSoc.flow)|(Supp.flow)|(SuppJeop.flow)</SUPP_REMARKS>
		<STATUS>SOCSTATUS</STATUS>
		<SUPP_STATUS>SOCSTATUS|SUPPACCEPTSTATUS|JEOPARDYSTATUS</SUPP_STATUS>
		<RESRAWINRESQUE>16</RESRAWINRESQUE>
		<CHANNELNAME>FRONTIERORDER</CHANNELNAME>
		<SVCTYP>DDPS</SVCTYP>
	</TEST_CASE>
	<TEST_CASE name="Frontier_KB_REQ">
		<EXECUTION>FALSE</EXECUTION>
		<HEADER>REQ_HEADER</HEADER>
		<BODY>Frontier_KB_REQ_BODY</BODY>
		<ASRC>REQ_ASRC</ASRC>
		<REQUEST>lsr_order</REQUEST>
		<SUBREQUEST>Resale_private_line</SUBREQUEST>
		<ILEC>Frontier</ILEC>
		<HEADERVER>LSOG9</HEADERVER>
		<FLOW>SUPP1|SUPP2|SUPP3|Cancel</FLOW>
		<REMARKS>(AckFocSoc.flow)</REMARKS>
		<SUPP_REMARKS>(SuppJeopSoc.flow)|(Supp.flow)|(SuppnonfatalSupp.flow)</SUPP_REMARKS>
		<STATUS>SOCSTATUS</STATUS>
		<SUPP_STATUS>SOCSTATUS|SUPPACCEPTSTATUS|SUPPREJECTSTATUS</SUPP_STATUS>
		<RESRAWINRESQUE>16</RESRAWINRESQUE>
		<CHANNELNAME>FRONTIERORDER</CHANNELNAME>
		<SVCTYP>Resale_private_line</SVCTYP>
	</TEST_CASE>
	<TEST_CASE name="Frontier_LB_REQ">
		<EXECUTION>FALSE</EXECUTION>
		<HEADER>REQ_HEADER</HEADER>
		<BODY>Frontier_LB_REQ_BODY</BODY>
		<ASRC>REQ_ASRC</ASRC>
		<REQUEST>lsr_order</REQUEST>
		<SUBREQUEST>resale_frame_relay</SUBREQUEST>
		<ILEC>Frontier</ILEC>
		<HEADERVER>LSOG9</HEADERVER>
		<FLOW>SUPP1|SUPP2|SUPP3|Cancel</FLOW>
		<REMARKS>(AckFocSoc.flow)</REMARKS>
		<SUPP_REMARKS>(Supp.flow)|(SuppJeop.flow)|(Supp.flow)</SUPP_REMARKS>
		<STATUS>SOCSTATUS</STATUS>
		<SUPP_STATUS>SUPPACCEPTSTATUS|JEOPARDYSTATUS|SUPPACCEPTSTATUS</SUPP_STATUS>
		<RESRAWINRESQUE>14</RESRAWINRESQUE>
		<CHANNELNAME>FRONTIERORDER</CHANNELNAME>
		<SVCTYP>RFR</SVCTYP>
	</TEST_CASE>
	<TEST_CASE name="ATTSE_AB_REQ">
		<EXECUTION>FALSE</EXECUTION>
		<HEADER>REQ_HEADER</HEADER>
		<BODY>ATTSE_AB_REQ_BODY</BODY>
		<ASRC>REQ_ASRC</ASRC>
		<REQUEST>lsr_order</REQUEST>
		<SUBREQUEST>loop</SUBREQUEST>
		<ILEC>ATTSE</ILEC>
		<HEADERVER>LSOG10</HEADERVER>
		<FLOW>SUPP1|SUPP2|SUPP3|Cancel</FLOW>
		<REMARKS>{FocnonfatalFocJeop.xml}</REMARKS>
		<SUPP_REMARKS>{SuppnonfatalSuppfatal.xml}|{SuppnonfatalSuppJeopSocBcn.xml}|{SuppStatusSocBcn.xml}</SUPP_REMARKS>
		<STATUS>JEOPARDYSTATUS</STATUS>
		<SUPP_STATUS>SUPPREJECTSTATUS|BCNSTATUS|BCNSTATUS</SUPP_STATUS>
		<RESRAWINRESQUE>35</RESRAWINRESQUE>
		<CHANNELNAME>ATTSEORDER</CHANNELNAME>
		<SVCTYP>Loop</SVCTYP>
	</TEST_CASE>
	<TEST_CASE name="ATTSE_BB_REQ">
		<EXECUTION>FALSE</EXECUTION>
		<HEADER>REQ_HEADER</HEADER>
		<BODY>ATTSE_BB_REQ_BODY</BODY>
		<ASRC>REQ_ASRC</ASRC>
		<REQUEST>lsr_order</REQUEST>
		<SUBREQUEST>loop_with_np</SUBREQUEST>
		<ILEC>ATTSE</ILEC>
		<HEADERVER>LSOG10</HEADERVER>
		<FLOW>SUPP1|SUPP2|SUPP3|Cancel</FLOW>
		<REMARKS>{FocnonfatalFocPic.xml}</REMARKS>
		<SUPP_REMARKS>{SuppnonfatalSuppSocPic.xml}|{Suppsuperfatal.xml}|{SuppJeopSocBcn.xml}</SUPP_REMARKS>
		<STATUS>PICSTATUS</STATUS>
		<SUPP_STATUS>PICSTATUS|SUPPREJECTSTATUS|BCNSTATUS</SUPP_STATUS>
		<RESRAWINRESQUE>32</RESRAWINRESQUE>
		<CHANNELNAME>ATTSEORDER</CHANNELNAME>
		<SVCTYP>LSNP</SVCTYP>
	</TEST_CASE>
	<TEST_CASE name="ATTSE_CB_REQ">
		<EXECUTION>FALSE</EXECUTION>
		<HEADER>REQ_HEADER</HEADER>
		<BODY>ATTSE_CB_REQ_BODY</BODY>
		<ASRC>REQ_ASRC</ASRC>
		<REQUEST>lsr_order</REQUEST>
		<SUBREQUEST>np_order</SUBREQUEST>
		<ILEC>ATTSE</ILEC>
		<HEADERVER>LSOG10</HEADERVER>
		<FLOW>SUPP1|SUPP2|SUPP3|Cancel</FLOW>
		<REMARKS>{FocPic.xml}</REMARKS>
		<SUPP_REMARKS>{SuppPic.xml}|{Suppsuperfatal.xml}|{Suppnonfatal.xml}</SUPP_REMARKS>
		<STATUS>PICSTATUS</STATUS>
		<SUPP_STATUS>PICSTATUS|SUPPREJECTSTATUS|SUPPREJECTSTATUS</SUPP_STATUS>
		<RESRAWINRESQUE>20</RESRAWINRESQUE>
		<CHANNELNAME>ATTSEORDER</CHANNELNAME>
		<SVCTYP>NP</SVCTYP>
	</TEST_CASE>
	<TEST_CASE name="ATTSE_EB_REQ">
		<EXECUTION>FALSE</EXECUTION>
		<HEADER>REQ_HEADER</HEADER>
		<BODY>ATTSE_EB_REQ_BODY</BODY>
		<ASRC>REQ_ASRC</ASRC>
		<REQUEST>lsr_order</REQUEST>
		<SUBREQUEST>resale</SUBREQUEST>
		<ILEC>ATTSE</ILEC>
		<HEADERVER>LSOG10</HEADERVER>
		<FLOW>SUPP1|SUPP2|SUPP3|Cancel</FLOW>
		<REMARKS>{Focsuperfatal.xml}</REMARKS>
		<SUPP_REMARKS>{SuppSocPic.xml}|{SuppnonfatalSuppJeopSocBcn.xml}|{Suppnonfatal.xml}</SUPP_REMARKS>
		<STATUS>FOCREJECTSTATUS</STATUS>
		<SUPP_STATUS>PICSTATUS|BCNSTATUS|SUPPREJECTSTATUS</SUPP_STATUS>
		<RESRAWINRESQUE>28</RESRAWINRESQUE>
		<CHANNELNAME>ATTSEORDER</CHANNELNAME>
		<SVCTYP>Resale</SVCTYP>
	</TEST_CASE>
	<TEST_CASE name="ATTSE_FB_REQ">
		<EXECUTION>FALSE</EXECUTION>
		<HEADER>REQ_HEADER</HEADER>
		<BODY>ATTSE_FB_REQ_BODY</BODY>
		<ASRC>REQ_ASRC</ASRC>
		<REQUEST>lsr_order</REQUEST>
		<SUBREQUEST>port</SUBREQUEST>
		<ILEC>ATTSE</ILEC>
		<HEADERVER>LSOG10</HEADERVER>
		<FLOW>NOFLOW</FLOW>
		<REMARKS>{FocStatusSocBcn.xml}</REMARKS>
		<SUPP_REMARKS/>
		<STATUS>BCNSTATUS</STATUS>
		<SUPP_STATUS/>
		<RESRAWINRESQUE>9</RESRAWINRESQUE>
		<CHANNELNAME>ATTSEORDER</CHANNELNAME>
		<SVCTYP>Port</SVCTYP>
	</TEST_CASE>
	<TEST_CASE name="ATTSE_JB_REQ">
		<EXECUTION>FALSE</EXECUTION>
		<HEADER>REQ_HEADER</HEADER>
		<BODY>ATTSE_JB_REQ_BODY</BODY>
		<ASRC>REQ_ASRC</ASRC>
		<REQUEST>lsr_order</REQUEST>
		<SUBREQUEST>dir_assist_list</SUBREQUEST>
		<ILEC>ATTSE</ILEC>
		<HEADERVER>LSOG10</HEADERVER>
		<FLOW>SUPP1|SUPP2|SUPP3|Cancel</FLOW>
		<REMARKS>{FocnonfatalFocSocBcnPic.xml}</REMARKS>
		<SUPP_REMARKS>{SuppnonfatalSuppStatusSoc.xml}|{SuppnonfatalSuppSocBcn.xml}|{SuppnonfatalSuppJeop.xml}</SUPP_REMARKS>
		<STATUS>BCNSTATUS</STATUS>
		<SUPP_STATUS>SOCSTATUS|BCNSTATUS|JEOPARDYSTATUS</SUPP_STATUS>
		<RESRAWINRESQUE>39</RESRAWINRESQUE>
		<CHANNELNAME>ATTSEORDER</CHANNELNAME>
		<SVCTYP>DS</SVCTYP>
	</TEST_CASE>
	<TEST_CASE name="ATTSE_MB_REQ">
		<EXECUTION>FALSE</EXECUTION>
		<HEADER>REQ_HEADER</HEADER>
		<BODY>ATTSE_MB_REQ_BODY</BODY>
		<ASRC>REQ_ASRC</ASRC>
		<REQUEST>lsr_order</REQUEST>
		<SUBREQUEST>port_loop</SUBREQUEST>
		<ILEC>ATTSE</ILEC>
		<HEADERVER>LSOG10</HEADERVER>
		<FLOW>SUPP1|SUPP2|SUPP3|Cancel</FLOW>
		<REMARKS>{FocStatusSocBcn.xml}</REMARKS>
		<SUPP_REMARKS>{SuppSoc.xml}|{SuppnonfatalSuppStatusSoc.xml}|{SuppSocBcn.xml}</SUPP_REMARKS>
		<STATUS>BCNSTATUS</STATUS>
		<SUPP_STATUS>SOCSTATUS|SOCSTATUS|BCNSTATUS</SUPP_STATUS>
		<RESRAWINRESQUE>32</RESRAWINRESQUE>
		<CHANNELNAME>ATTSEORDER</CHANNELNAME>
		<SVCTYP>Platform</SVCTYP>
	</TEST_CASE>
	<TEST_CASE name="QWEST_AB_REQ">
		<EXECUTION>FALSE</EXECUTION>
		<HEADER>REQ_HEADER</HEADER>
		<BODY>QWEST_AB_REQ_BODY</BODY>
		<ASRC>REQ_ASRC</ASRC>
		<REQUEST>lsr_order</REQUEST>
		<SUBREQUEST>loop</SUBREQUEST>
		<ILEC>QWEST</ILEC>
		<HEADERVER>LSOG10</HEADERVER>
		<FLOW>SUPP1|SUPP2|SUPP3|Cancel</FLOW>
		<REMARKS>{FocnonfatalFocPsonSocBcn.xml}</REMARKS>
		<SUPP_REMARKS>{Bhc_StatusSuppJeopSoc.xml}|{Suppnonfatal.xml}|{SuppPsonSoc.xml}</SUPP_REMARKS>
		<STATUS>BCNSTATUS</STATUS>
		<SUPP_STATUS>SOCSTATUS|SUPPREJECTSTATUS|SOCSTATUS</SUPP_STATUS>
		<RESRAWINRESQUE>34</RESRAWINRESQUE>
		<CHANNELNAME>QWESTORDER</CHANNELNAME>
		<SVCTYP>Loop</SVCTYP>
	</TEST_CASE>
	<TEST_CASE name="QWEST_BB_REQ">
		<EXECUTION>FALSE</EXECUTION>
		<HEADER>REQ_HEADER</HEADER>
		<BODY>QWEST_BB_REQ_BODY</BODY>
		<ASRC>REQ_ASRC</ASRC>
		<REQUEST>lsr_order</REQUEST>
		<SUBREQUEST>loop_with_np</SUBREQUEST>
		<ILEC>QWEST</ILEC>
		<HEADERVER>LSOG10</HEADERVER>
		<FLOW>SUPP1|SUPP2|SUPP3|Cancel</FLOW>
		<REMARKS>{FocBhc_StatusSoc.xml}</REMARKS>
		<SUPP_REMARKS>{Bhc_StatusSuppJeopSoc.xml}|{Supp.xml}|{Suppsuperfatal.xml}</SUPP_REMARKS>
		<STATUS>SOCSTATUS</STATUS>
		<SUPP_STATUS>SOCSTATUS|SUPPACCEPTSTATUS|SUPPREJECTSTATUS</SUPP_STATUS>
		<RESRAWINRESQUE>26</RESRAWINRESQUE>
		<CHANNELNAME>QWESTORDER</CHANNELNAME>
		<SVCTYP>LSNP</SVCTYP>
	</TEST_CASE>
	<TEST_CASE name="QWEST_CB_REQ">
		<EXECUTION>FALSE</EXECUTION>
		<HEADER>REQ_HEADER</HEADER>
		<BODY>QWEST_CB_REQ_BODY</BODY>
		<ASRC>REQ_ASRC</ASRC>
		<REQUEST>lsr_order</REQUEST>
		<SUBREQUEST>np_order</SUBREQUEST>
		<ILEC>QWEST</ILEC>
		<HEADERVER>LSOG10</HEADERVER>
		<FLOW>SUPP1|SUPP2|SUPP3|Cancel</FLOW>
		<REMARKS>{Dsrcn.xml}</REMARKS>
		<SUPP_REMARKS>{Bhc_Status.xml}|{Supp.xml}|{Suppsuperfatal.xml}</SUPP_REMARKS>
		<STATUS>DSRCNSTATUS</STATUS>
		<SUPP_STATUS>BATCHHOTCUT|SUPPACCEPTSTATUS|SUPPREJECTSTATUS</SUPP_STATUS>
		<RESRAWINRESQUE>16</RESRAWINRESQUE>
		<CHANNELNAME>QWESTORDER</CHANNELNAME>
		<SVCTYP>NP</SVCTYP>
	</TEST_CASE>
	<TEST_CASE name="QWEST_EB_REQ">
		<EXECUTION>FALSE</EXECUTION>
		<HEADER>REQ_HEADER</HEADER>
		<BODY>QWEST_EB_REQ_BODY</BODY>
		<ASRC>REQ_ASRC</ASRC>
		<REQUEST>lsr_order</REQUEST>
		<SUBREQUEST>resale</SUBREQUEST>
		<ILEC>QWEST</ILEC>
		<HEADERVER>LSOG10</HEADERVER>
		<FLOW>SUPP1|SUPP2|SUPP3|Cancel</FLOW>
		<REMARKS>{Focsuperfatal.xml}</REMARKS>
		<SUPP_REMARKS>{SuppnonfatalSupp.xml}|{SuppnonfatalSuppJeopSocBcn.xml}|{SuppSoc.xml}</SUPP_REMARKS>
		<STATUS>FOCREJECTSTATUS</STATUS>
		<SUPP_STATUS>SUPPREJECTSTATUS|BCNSTATUS|SOCSTATUS</SUPP_STATUS>
		<RESRAWINRESQUE>28</RESRAWINRESQUE>
		<CHANNELNAME>QWESTORDER</CHANNELNAME>
		<SVCTYP>Resale</SVCTYP>
	</TEST_CASE>
	<TEST_CASE name="QWEST_FB_REQ">
		<EXECUTION>FALSE</EXECUTION>
		<HEADER>REQ_HEADER</HEADER>
		<BODY>QWEST_FB_REQ_BODY</BODY>
		<ASRC>REQ_ASRC</ASRC>
		<REQUEST>lsr_order</REQUEST>
		<SUBREQUEST>port</SUBREQUEST>
		<ILEC>QWEST</ILEC>
		<HEADERVER>LSOG10</HEADERVER>
		<FLOW>SUPP1|SUPP2|SUPP3|Cancel</FLOW>
		<REMARKS>{Status.xml}</REMARKS>
		<SUPP_REMARKS>{Supp.xml}|{SuppJeop.xml}|{SuppPsonSocBcn.xml}</SUPP_REMARKS>
		<STATUS>STASTATUS</STATUS>
		<SUPP_STATUS>SUPPACCEPTSTATUS|JEOPARDYSTATUS|BCNSTATUS</SUPP_STATUS>
		<RESRAWINRESQUE>24</RESRAWINRESQUE>
		<CHANNELNAME>QWESTORDER</CHANNELNAME>
		<SVCTYP>Port</SVCTYP>
	</TEST_CASE>
	<TEST_CASE name="QWEST_JB_REQ">
		<EXECUTION>FALSE</EXECUTION>
		<HEADER>REQ_HEADER</HEADER>
		<BODY>QWEST_JB_REQ_BODY</BODY>
		<ASRC>REQ_ASRC</ASRC>
		<REQUEST>lsr_order</REQUEST>
		<SUBREQUEST>dir_assist_list</SUBREQUEST>
		<ILEC>QWEST</ILEC>
		<HEADERVER>LSOG10</HEADERVER>
		<FLOW>Cancel</FLOW>
		<REMARKS>{Dsred.xml}</REMARKS>
		<SUPP_REMARKS>NOFLOW</SUPP_REMARKS>
		<STATUS>DSREDSTATUS</STATUS>
		<SUPP_STATUS>NOFLOW</SUPP_STATUS>
		<RESRAWINRESQUE>4</RESRAWINRESQUE>
		<CHANNELNAME>QWESTORDER</CHANNELNAME>
		<SVCTYP>DS</SVCTYP>
	</TEST_CASE>
	<TEST_CASE name="QWEST_MB_REQ">
		<EXECUTION>FALSE</EXECUTION>
		<HEADER>REQ_HEADER</HEADER>
		<BODY>QWEST_MB_REQ_BODY</BODY>
		<ASRC>REQ_ASRC</ASRC>
		<REQUEST>lsr_order</REQUEST>
		<SUBREQUEST>port_loop</SUBREQUEST>
		<ILEC>QWEST</ILEC>
		<HEADERVER>LSOG10</HEADERVER>
		<FLOW>SUPP1|SUPP2|SUPP3|Cancel</FLOW>
		<REMARKS>{FocStatusSocBcn.xml}</REMARKS>
		<SUPP_REMARKS>{SuppSoc.xml}|{SuppPsonSocBcn.xml}|{Suppsuperfatal.xml}</SUPP_REMARKS>
		<STATUS>BCNSTATUS</STATUS>
		<SUPP_STATUS>SOCSTATUS|BCNSTATUS|SUPPREJECTSTATUS</SUPP_STATUS>
		<RESRAWINRESQUE>30</RESRAWINRESQUE>
		<CHANNELNAME>QWESTORDER</CHANNELNAME>
		<SVCTYP>Platform</SVCTYP>
	</TEST_CASE>
	<TEST_CASE name="QWEST_HB_REQ">
		<EXECUTION>FALSE</EXECUTION>
		<HEADER>REQ_HEADER</HEADER>
		<BODY>QWEST_HB_REQ_BODY</BODY>
		<ASRC>REQ_ASRC</ASRC>
		<REQUEST>lsr_order</REQUEST>
		<SUBREQUEST>dir_list</SUBREQUEST>
		<ILEC>QWEST</ILEC>
		<HEADERVER>LSOG10</HEADERVER>
		<FLOW>SUPP1|SUPP2|SUPP3|Cancel</FLOW>
		<REMARKS>{FocnonfatalFocStatusSocBcn.xml}</REMARKS>
		<SUPP_REMARKS>{SuppJeopSocBcn.xml}|{SuppJeop.xml}|{SuppnonfatalSuppJeop.xml}</SUPP_REMARKS>
		<STATUS>BCNSTATUS</STATUS>
		<SUPP_STATUS>BCNSTATUS|JEOPARDYSTATUS|JEOPARDYSTATUS</SUPP_STATUS>
		<RESRAWINRESQUE>36</RESRAWINRESQUE>
		<CHANNELNAME>QWESTORDER</CHANNELNAME>
		<SVCTYP>DS</SVCTYP>
	</TEST_CASE>
	<TEST_CASE name="QWEST_KB_REQ">
		<EXECUTION>FALSE</EXECUTION>
		<HEADER>REQ_HEADER</HEADER>
		<BODY>QWEST_KB_REQ_BODY</BODY>
		<ASRC>REQ_ASRC</ASRC>
		<REQUEST>lsr_order</REQUEST>
		<SUBREQUEST>resale_private_line</SUBREQUEST>
		<ILEC>QWEST</ILEC>
		<HEADERVER>LSOG10</HEADERVER>
		<FLOW>SUPP1|SUPP2|SUPP3|Cancel</FLOW>
		<REMARKS>{FocJeopSocBcn.xml}</REMARKS>
		<SUPP_REMARKS>{SuppPsonSoc.xml}|{Suppnonfatal.xml}|{Suppsuperfatal.xml}</SUPP_REMARKS>
		<STATUS>BCNSTATUS</STATUS>
		<SUPP_STATUS>SOCSTATUS|SUPPREJECTSTATUS|SUPPREJECTSTATUS</SUPP_STATUS>
		<RESRAWINRESQUE>26</RESRAWINRESQUE>
		<CHANNELNAME>QWESTORDER</CHANNELNAME>
		<SVCTYP>Resale_private_line</SVCTYP>
	</TEST_CASE>
	<TEST_CASE name="VZE_AB_REQ">
		<EXECUTION>FALSE</EXECUTION>
		<HEADER>REQ_HEADER</HEADER>
		<BODY>VZE_AB_REQ_BODY</BODY>
		<ASRC>REQ_ASRC</ASRC>
		<REQUEST>lsr_order</REQUEST>
		<SUBREQUEST>loop</SUBREQUEST>
		<ILEC>VZE</ILEC>
		<HEADERVER>LSOG9</HEADERVER>
		<FLOW>SUPP1|SUPP2|SUPP3|Cancel</FLOW>
		<REMARKS>(AckFocnonfatalFocJeopSocBcn.flow)</REMARKS>
		<SUPP_REMARKS>(Supp.flow)|(AckSuppnonfatalSupp.flow)|(AckSuppnonfatalSuppJeopSocBcn.flow)</SUPP_REMARKS>
		<STATUS>BCNSTATUS</STATUS>
		<SUPP_STATUS>SUPPACCEPTSTATUS|SUPPACCEPTSTATUS|BCNSTATUS</SUPP_STATUS>
		<RESRAWINRESQUE>32</RESRAWINRESQUE>
		<CHANNELNAME>VZEORDER</CHANNELNAME>
		<SVCTYP>Loop</SVCTYP>
	</TEST_CASE>
	<TEST_CASE name="VZE_BB_REQ">
		<EXECUTION>FALSE</EXECUTION>
		<HEADER>REQ_HEADER</HEADER>
		<BODY>VZE_BB_REQ_BODY</BODY>
		<ASRC>REQ_ASRC</ASRC>
		<REQUEST>lsr_order</REQUEST>
		<SUBREQUEST>loop_with_np</SUBREQUEST>
		<ILEC>VZE</ILEC>
		<HEADERVER>LSOG9</HEADERVER>
		<FLOW>SUPP1|SUPP2|SUPP3|Cancel</FLOW>
		<REMARKS>(FocnonfatalFocJeopSocBcn.flow)</REMARKS>
		<SUPP_REMARKS>(Supp.flow)|(SuppJeop.flow)|(Suppnonfatal.flow)</SUPP_REMARKS>
		<STATUS>BCNSTATUS</STATUS>
		<SUPP_STATUS>SUPPACCEPTSTATUS|JEOPARDYSTATUS|SUPPREJECTSTATUS</SUPP_STATUS>
		<RESRAWINRESQUE>18</RESRAWINRESQUE>
		<CHANNELNAME>VZEORDER</CHANNELNAME>
		<SVCTYP>LSNP</SVCTYP>
	</TEST_CASE>
	<TEST_CASE name="VZE_CB_REQ">
		<EXECUTION>FALSE</EXECUTION>
		<HEADER>REQ_HEADER</HEADER>
		<BODY>VZE_CB_REQ_BODY</BODY>
		<ASRC>REQ_ASRC</ASRC>
		<REQUEST>lsr_order</REQUEST>
		<SUBREQUEST>np_order</SUBREQUEST>
		<ILEC>VZE</ILEC>
		<HEADERVER>LSOG9</HEADERVER>
		<FLOW>SUPP1|SUPP2|SUPP3|Cancel</FLOW>
		<REMARKS>(Nack.flow)</REMARKS>
		<SUPP_REMARKS>(SuppnonfatalSuppJeopSoc.flow)|(AckSuppSocBcn.flow)|(AckSuppJeop.flow)</SUPP_REMARKS>
		<STATUS>NEGACKSTATUS</STATUS>
		<SUPP_STATUS>SOCSTATUS|BCNSTATUS|JEOPARDYSTATUS</SUPP_STATUS>
		<RESRAWINRESQUE>24</RESRAWINRESQUE>
		<CHANNELNAME>VZEORDER</CHANNELNAME>
		<SVCTYP>NP</SVCTYP>
	</TEST_CASE>
	<TEST_CASE name="VZE_EB_REQ">
		<EXECUTION>FALSE</EXECUTION>
		<HEADER>REQ_HEADER</HEADER>
		<BODY>VZE_EB_REQ_BODY</BODY>
		<ASRC>REQ_ASRC</ASRC>
		<REQUEST>lsr_order</REQUEST>
		<SUBREQUEST>resale</SUBREQUEST>
		<ILEC>VZE</ILEC>
		<HEADERVER>LSOG9</HEADERVER>
		<FLOW>SUPP1|SUPP2|SUPP3|Cancel</FLOW>
		<REMARKS>(Focnonfatal.flow)</REMARKS>
		<SUPP_REMARKS>(SuppJeopSoc.flow)|(Supp.flow)|(SuppnonfatalSupp.flow)</SUPP_REMARKS>
		<STATUS>FOCREJECTSTATUS</STATUS>
		<SUPP_STATUS>SOCSTATUS|SUPPACCEPTSTATUS|SUPPREJECTSTATUS</SUPP_STATUS>
		<RESRAWINRESQUE>12</RESRAWINRESQUE>
		<CHANNELNAME>VZEORDER</CHANNELNAME>
		<SVCTYP>Resale</SVCTYP>
	</TEST_CASE>
	<TEST_CASE name="VZE_FB_REQ">
		<EXECUTION>FALSE</EXECUTION>
		<HEADER>REQ_HEADER</HEADER>
		<BODY>VZE_FB_REQ_BODY</BODY>
		<ASRC>REQ_ASRC</ASRC>
		<REQUEST>lsr_order</REQUEST>
		<SUBREQUEST>port</SUBREQUEST>
		<ILEC>VZE</ILEC>
		<HEADERVER>LSOG9</HEADERVER>
		<FLOW>SUPP1|SUPP2|SUPP3|Cancel</FLOW>
		<REMARKS>(AckFocnonfatalFocJeopSoc.flow)</REMARKS>
		<SUPP_REMARKS>(SuppJeopSoc.flow)|(Supp.flow)|(SuppnonfatalSupp.flow)</SUPP_REMARKS>
		<STATUS>SOCSTATUS</STATUS>
		<SUPP_STATUS>SOCSTATUS|SUPPACCEPTSTATUS|SUPPREJECTSTATUS</SUPP_STATUS>
		<RESRAWINRESQUE>20</RESRAWINRESQUE>
		<CHANNELNAME>VZEORDER</CHANNELNAME>
		<SVCTYP>Port</SVCTYP>
	</TEST_CASE>
	<TEST_CASE name="VZE_JB_REQ">
		<EXECUTION>FALSE</EXECUTION>
		<HEADER>REQ_HEADER</HEADER>
		<BODY>VZE_JB_REQ_BODY</BODY>
		<ASRC>REQ_ASRC</ASRC>
		<REQUEST>lsr_order</REQUEST>
		<SUBREQUEST>dir_assist_list</SUBREQUEST>
		<ILEC>VZE</ILEC>
		<HEADERVER>LSOG9</HEADERVER>
		<FLOW>SUPP1|SUPP2|SUPP3|Cancel</FLOW>
		<REMARKS>(FocnonfatalFocJeop.flow)</REMARKS>
		<SUPP_REMARKS>(SuppJeopSoc.flow)|(Supp.flow)|(SuppnonfatalSupp.flow)</SUPP_REMARKS>
		<STATUS>JEOPARDYSTATUS</STATUS>
		<SUPP_STATUS>SOCSTATUS|SUPPACCEPTSTATUS|SUPPREJECTSTATUS</SUPP_STATUS>
		<RESRAWINRESQUE>16</RESRAWINRESQUE>
		<CHANNELNAME>VZEORDER</CHANNELNAME>
		<SVCTYP>DS</SVCTYP>
	</TEST_CASE>
	<TEST_CASE name="VZE_MB_REQ">
		<EXECUTION>FALSE</EXECUTION>
		<HEADER>REQ_HEADER</HEADER>
		<BODY>VZE_MB_REQ_BODY</BODY>
		<ASRC>REQ_ASRC</ASRC>
		<REQUEST>lsr_order</REQUEST>
		<SUBREQUEST>port_loop</SUBREQUEST>
		<ILEC>VZE</ILEC>
		<HEADERVER>LSOG9</HEADERVER>
		<FLOW>SUPP1|SUPP2|SUPP3|Cancel</FLOW>
		<REMARKS>(FocSoc.flow)</REMARKS>
		<SUPP_REMARKS>(SuppJeopSoc.flow)|(Supp.flow)|(SuppnonfatalSupp.flow)</SUPP_REMARKS>
		<STATUS>SOCSTATUS</STATUS>
		<SUPP_STATUS>SOCSTATUS|SUPPACCEPTSTATUS|SUPPREJECTSTATUS</SUPP_STATUS>
		<RESRAWINRESQUE>14</RESRAWINRESQUE>
		<CHANNELNAME>VZEORDER</CHANNELNAME>
		<SVCTYP>Platform</SVCTYP>
	</TEST_CASE>
	<TEST_CASE name="VZE_DB_REQ">
		<EXECUTION>FALSE</EXECUTION>
		<HEADER>REQ_HEADER</HEADER>
		<BODY>VZE_DB_REQ_BODY</BODY>
		<ASRC>REQ_ASRC</ASRC>
		<REQUEST>lsr_order</REQUEST>
		<SUBREQUEST>dir_assist_list</SUBREQUEST>
		<ILEC>VZE</ILEC>
		<HEADERVER>LSOG9</HEADERVER>
		<FLOW>SUPP1|SUPP2|SUPP3|Cancel</FLOW>
		<REMARKS>(Soc.flow)</REMARKS>
		<SUPP_REMARKS>(SuppJeopSoc.flow)|(Supp.flow)|(SuppnonfatalSupp.flow)</SUPP_REMARKS>
		<STATUS>SOCSTATUS</STATUS>
		<SUPP_STATUS>SOCSTATUS|SUPPACCEPTSTATUS|SUPPREJECTSTATUS</SUPP_STATUS>
		<RESRAWINRESQUE>12</RESRAWINRESQUE>
		<CHANNELNAME>VZEORDER</CHANNELNAME>
		<SVCTYP>Platform</SVCTYP>
	</TEST_CASE>
	<TEST_CASE name="VZE_QB_REQ">
		<EXECUTION>FALSE</EXECUTION>
		<HEADER>REQ_HEADER</HEADER>
		<BODY>VZE_QB_REQ_BODY</BODY>
		<ASRC>REQ_ASRC</ASRC>
		<REQUEST>lsr_order</REQUEST>
		<SUBREQUEST>dir_assist_list</SUBREQUEST>
		<ILEC>VZE</ILEC>
		<HEADERVER>LSOG9</HEADERVER>
		<FLOW>SUPP1|SUPP2|SUPP3|Cancel</FLOW>
		<REMARKS>(Ack.flow)</REMARKS>
		<SUPP_REMARKS>(SuppJeopSoc.flow)|(Supp.flow)|(SuppnonfatalSupp.flow)</SUPP_REMARKS>
		<STATUS>ACKSTATUS</STATUS>
		<SUPP_STATUS>SOCSTATUS|SUPPACCEPTSTATUS|SUPPREJECTSTATUS</SUPP_STATUS>
		<RESRAWINRESQUE>12</RESRAWINRESQUE>
		<CHANNELNAME>VZEORDER</CHANNELNAME>
		<SVCTYP>ISDN</SVCTYP>
	</TEST_CASE>	
	<TEST_CASE name="CenturyLink_CB_REQ">
		<EXECUTION>FALSE</EXECUTION>
		<HEADER>REQ_HEADER</HEADER>
		<BODY>CenturyLink_CB_REQ_BODY</BODY>
		<ASRC>REQ_ASRC</ASRC>
		<REQUEST>lsr_order</REQUEST>
		<SUBREQUEST>np_order</SUBREQUEST>
		<ILEC>CenturyLink</ILEC>
		<HEADERVER>LSOG10</HEADERVER>
		<FLOW>SUPP1|SUPP2|SUPP3|Cancel</FLOW>
		<REMARKS>{FocnonfatalFocStatusSoc.xml}</REMARKS>
		<SUPP_REMARKS>{SuppnonfatalSuppStatusSoc.xml}|{SuppnonfatalSuppPia.xml}|{Supp.xml}</SUPP_REMARKS>
		<STATUS>SOCSTATUS</STATUS>
		<SUPP_STATUS>SOCSTATUS|PIASTATUS|SUPPACCEPTSTATUS</SUPP_STATUS>
		<RESRAWINRESQUE>32</RESRAWINRESQUE>
		<CHANNELNAME>CENTURYLINKORDER</CHANNELNAME>
		<SVCTYP>NP</SVCTYP>
	</TEST_CASE>
	<TEST_CASE name="CenturyLink_JB_REQ">
		<EXECUTION>FALSE</EXECUTION>
		<HEADER>REQ_HEADER</HEADER>
		<BODY>CenturyLink_JB_REQ_BODY</BODY>
		<ASRC>REQ_ASRC</ASRC>
		<REQUEST>lsr_order</REQUEST>
		<SUBREQUEST>dir_assist_list</SUBREQUEST>
		<ILEC>CenturyLink</ILEC>
		<HEADERVER>LSOG10</HEADERVER>
		<FLOW>NOFLOW</FLOW>
		<REMARKS>{FocnonfatalFocStatusSoc.xml}</REMARKS>
		<SUPP_REMARKS/>
		<STATUS>SOCSTATUS</STATUS>
		<SUPP_STATUS/>
		<RESRAWINRESQUE>10</RESRAWINRESQUE>
		<CHANNELNAME>CENTURYLINKORDER</CHANNELNAME>
		<SVCTYP>DS</SVCTYP>
	</TEST_CASE>
	<TEST_CASE name="NIS_JB_REQ">
		<EXECUTION>FALSE</EXECUTION>
		<HEADER>REQ_HEADER</HEADER>
		<BODY>NIS_JB_REQ_BODY</BODY>
		<ASRC>REQ_ASRC</ASRC>
		<REQUEST>lsr_order</REQUEST>
		<SUBREQUEST>dir_assist_list</SUBREQUEST>
		<ILEC>NIS</ILEC>
		<HEADERVER>LSOG6</HEADERVER>
		<FLOW>SUPP1|SUPP2|Cancel</FLOW>
		<REMARKS>-Ack.xml-</REMARKS>
		<SUPP_REMARKS>-SAck.xml-|-SAck.xml-</SUPP_REMARKS>
		<STATUS>ACKSTATUS</STATUS>
		<SUPP_STATUS>ACKSTATUS|ACKSTATUS</SUPP_STATUS>
		<RESPONSEFILE>NIS_JB_ORDER_ACK_RESPONSE_BODY</RESPONSEFILE>
		<SUPPRESPONSEFILE>NIS_JB_ORDER_ACK_RESPONSE_BODY</SUPPRESPONSEFILE>
		<RESRAWINRESQUE>6</RESRAWINRESQUE>
		<CHANNELNAME>NISORDER</CHANNELNAME>
		<SVCTYP>DS</SVCTYP>
	</TEST_CASE>
	<TEST_CASE name="NIS_JB_REQ">
		<EXECUTION>FALSE</EXECUTION>
		<HEADER>REQ_HEADER</HEADER>
		<BODY>NIS_JB_REQ_BODY</BODY>
		<ASRC>REQ_ASRC</ASRC>
		<REQUEST>lsr_order</REQUEST>
		<SUBREQUEST>dir_assist_list</SUBREQUEST>
		<ILEC>NIS</ILEC>
		<HEADERVER>LSOG6</HEADERVER>
		<FLOW>SUPP1|SUPP2|Cancel</FLOW>
		<REMARKS>-Nack.xml-</REMARKS>
		<SUPP_REMARKS>-SNack.xml-|-SNack.xml-</SUPP_REMARKS>
		<STATUS>NEGACKSTATUS</STATUS>
		<SUPP_STATUS>NEGACKSTATUS|NEGACKSTATUS</SUPP_STATUS>
		<RESPONSEFILE>NIS_JB_ORDER_NACK_RESPONSE_BODY</RESPONSEFILE>
		<SUPPRESPONSEFILE>NIS_JB_ORDER_NACK_RESPONSE_BODY</SUPPRESPONSEFILE>
		<RESRAWINRESQUE>6</RESRAWINRESQUE>
		<CHANNELNAME>NISORDER</CHANNELNAME>
		<SVCTYP>DS</SVCTYP>
	</TEST_CASE>
		<TEST_CASE name="LSRFAX_REQ">
		<EXECUTION>FALSE</EXECUTION>
		<HEADER>REQ_HEADER</HEADER>
		<BODY>LSRFAX_CB_REQ_BODY</BODY>
		<ASRC>REQ_ASRC</ASRC>
		<REQUEST>lsr_order</REQUEST>
		<SUBREQUEST>loop</SUBREQUEST>
		<ILEC>LSRFAX</ILEC>
		<HEADERVER>LSOG6</HEADERVER>
		<FLOW>NOFLOW</FLOW>
		<REMARKS>-FocSocBcn.xml-</REMARKS>
		<SUPP_REMARKS>NOFLOW</SUPP_REMARKS>
		<STATUS>BCNSTATUS</STATUS>
		<SUPP_STATUS>NOFLOW</SUPP_STATUS>
		<RESRAWINRESQUE>8</RESRAWINRESQUE>
		<CHANNELNAME>LSRFAX</CHANNELNAME>
		<SVCTYP>Loop</SVCTYP>
	</TEST_CASE>
</Order>