<?xml version="1.0"?>
<Order>
	<TEST_CASE name="ATT_PN_NOTIFICATION">
		<EXECUTION>TRUE</EXECUTION>		
		<PN_FILE_NAME>836_ATT_PN.xml</PN_FILE_NAME>
		<BOXIP>10.61.4.165</BOXIP>
		<BOX_USERNAME>s_vkumar</BOX_USERNAME>
		<BOX_PASSWORD>Summer2016</BOX_PASSWORD>
		<RESPONSE_FILE_PATH_INBOX>/export/home/qa_eng/nfi/gateways/att-lsr-order/runtime/inbox</RESPONSE_FILE_PATH_INBOX>
		<RESPONSE_FILE_PATH_PROCESSED>/export/home/qa_eng/nfi/gateways/att-lsr-order/runtime/processed</RESPONSE_FILE_PATH_PROCESSED>
		<ILEC>ATT</ILEC>
		<WTN>911-111-1129</WTN>
		<CUSTOMER>PAT_TPE</CUSTOMER>
		<REMARKS>ATTFLOW</REMARKS>
		<RESRAWINRESQUE>2</RESRAWINRESQUE>
		<CHANNELNAME>ATTPNORDER</CHANNELNAME>		
	</TEST_CASE>
	<TEST_CASE name="ATTSE_PN_NOTIFICATION">
		<EXECUTION>FALSE</EXECUTION>		
		<PN_FILE_NAME>836_ATTSE_PN.xml</PN_FILE_NAME>
		<BOXIP>192.168.101.5</BOXIP>
		<BOX_USERNAME>mgrqa</BOX_USERNAME>
		<BOX_PASSWORD>welcome</BOX_PASSWORD>
		<RESPONSE_FILE_PATH_INBOX>/export/home/mgrqa/basicsend/nfi/gateways/attse-lsr-order/runtime/exception</RESPONSE_FILE_PATH_INBOX>
		<RESPONSE_FILE_PATH_PROCESSED>/export/home/mgrqa/basicsend/nfi/gateways/attse-lsr-order/runtime</RESPONSE_FILE_PATH_PROCESSED>
		<ILEC>ATTSE</ILEC>
		<WTN>199-899-9801</WTN>
		<CUSTOMER>PAT_TPE</CUSTOMER>
		<REMARKS>ATTSEFLOW</REMARKS>
		<RESRAWINRESQUE>2</RESRAWINRESQUE>
		<CHANNELNAME>ATTSEPNORDER</CHANNELNAME>		
	</TEST_CASE>
	<TEST_CASE name="QWEST_PN_NOTIFICATION">
		<EXECUTION>FALSE</EXECUTION>		
		<PN_FILE_NAME>836_QWEST_PN.xml</PN_FILE_NAME>
		<BOXIP>192.168.98.10</BOXIP>
		<BOX_USERNAME>mgrqa</BOX_USERNAME>
		<BOX_PASSWORD>welcome</BOX_PASSWORD>
		<RESPONSE_FILE_PATH_INBOX>/export/home/mgrqa/basicsend/nfi/gateways/qwest-lsr-order-connectivity/runtime/inbox</RESPONSE_FILE_PATH_INBOX>
		<RESPONSE_FILE_PATH_PROCESSED>/export/home/mgrqa/basicsend/nfi/gateways/qwest-lsr-order-connectivity/runtime</RESPONSE_FILE_PATH_PROCESSED>
		<ILEC>QWEST</ILEC>
		<WTN>999-993-0111</WTN>
		<CUSTOMER>PAT_TPE</CUSTOMER>
		<REMARKS>QWESTFLOW</REMARKS>
		<RESRAWINRESQUE>2</RESRAWINRESQUE>
		<CHANNELNAME>QWESTPNORDER</CHANNELNAME>		
	</TEST_CASE>
	<TEST_CASE name="VZW_PN_NOTIFICATION">
		<EXECUTION>FALSE</EXECUTION>		
		<PN_FILE_NAME>836_VZW_PN.txt</PN_FILE_NAME>
		<BOXIP>192.168.98.10</BOXIP>
		<BOX_USERNAME>mgrqa</BOX_USERNAME>
		<BOX_PASSWORD>welcome</BOX_PASSWORD>
		<RESPONSE_FILE_PATH_INBOX>/export/home/mgrqa/basictpe/nfi/runtime/vzw_order_emulator_gateway/inbox</RESPONSE_FILE_PATH_INBOX>
		<RESPONSE_FILE_PATH_PROCESSED>/export/home/mgrqa/basictpe/nfi/runtime/vzw_order_emulator_gateway</RESPONSE_FILE_PATH_PROCESSED>
		<ILEC>VZW</ILEC>
		<WTN>111-111-1116</WTN>
		<CUSTOMER>PAT_TPE</CUSTOMER>
		<REMARKS>VZWFLOW</REMARKS>
		<RESRAWINRESQUE>2</RESRAWINRESQUE>
		<CHANNELNAME>VZWPNORDER</CHANNELNAME>		
	</TEST_CASE>
	<TEST_CASE name="VZE_PN_NOTIFICATION">
		<EXECUTION>FALSE</EXECUTION>		
		<PN_FILE_NAME>836_VZE_PN.txt</PN_FILE_NAME>
		<BOXIP>192.168.98.10</BOXIP>
		<BOX_USERNAME>mgrqa</BOX_USERNAME>
		<BOX_PASSWORD>welcome</BOX_PASSWORD>
		<RESPONSE_FILE_PATH_INBOX>/export/home/mgrqa/basictpe/nfi/runtime/vze_order_emulator_gateway/inbox</RESPONSE_FILE_PATH_INBOX>
		<RESPONSE_FILE_PATH_PROCESSED>/export/home/mgrqa/basictpe/nfi/runtime/vze_order_emulator_gateway</RESPONSE_FILE_PATH_PROCESSED>
		<ILEC>VZE</ILEC>
		<WTN>111-344-9999</WTN>
		<CUSTOMER>PAT_TPE</CUSTOMER>
		<REMARKS>VZEFLOW</REMARKS>
		<RESRAWINRESQUE>2</RESRAWINRESQUE>
		<CHANNELNAME>VZEPNORDER</CHANNELNAME>		
	</TEST_CASE>
	<TEST_CASE name="FPC_PN_NOTIFICATION">
		<EXECUTION>FALSE</EXECUTION>		
		<PN_FILE_NAME>836_FPC_PN.txt</PN_FILE_NAME>
		<BOXIP>192.168.98.10</BOXIP>
		<BOX_USERNAME>mgrqa</BOX_USERNAME>
		<BOX_PASSWORD>welcome</BOX_PASSWORD>
		<RESPONSE_FILE_PATH_INBOX>/export/home/mgrqa/basictpe/nfi/runtime/fpc_order_emulator_gateway/inbox</RESPONSE_FILE_PATH_INBOX>
		<RESPONSE_FILE_PATH_PROCESSED>/export/home/mgrqa/basictpe/nfi/runtime/fpc_order_emulator_gateway</RESPONSE_FILE_PATH_PROCESSED>
		<ILEC>FPC</ILEC>
		<WTN>777-222-5508</WTN>
		<CUSTOMER>PAT_TPE</CUSTOMER>
		<REMARKS>FPCFLOW</REMARKS>
		<RESRAWINRESQUE>2</RESRAWINRESQUE>
		<CHANNELNAME>FPCPNORDER</CHANNELNAME>		
	</TEST_CASE>
	<TEST_CASE name="FRONTIER_PN_NOTIFICATION">
		<EXECUTION>FALSE</EXECUTION>		
		<PN_FILE_NAME>836_FRONTIER_PN.txt</PN_FILE_NAME>
		<BOXIP>10.61.4.165</BOXIP>
		<BOX_USERNAME>s_vkumar</BOX_USERNAME>
		<BOX_PASSWORD>Summer2016</BOX_PASSWORD>
		<RESPONSE_FILE_PATH_INBOX>/export/home/qa_eng/nfi/gateways/frontier-lsr-order/runtime/inbox</RESPONSE_FILE_PATH_INBOX>
		<RESPONSE_FILE_PATH_PROCESSED>/export/home/qa_eng/nfi/gateways/frontier-lsr-order/runtime/processed</RESPONSE_FILE_PATH_PROCESSED>
		<ILEC>Frontier</ILEC>
		<WTN>787-228-3383</WTN>
		<CUSTOMER>PAT_TPE</CUSTOMER>
		<REMARKS>FRONTIERFLOW</REMARKS>
		<RESRAWINRESQUE>2</RESRAWINRESQUE>
		<CHANNELNAME>FRONTIERPNORDER</CHANNELNAME>		
	</TEST_CASE>
</Order>