<?xml version="1.0" encoding="UTF-8"?>
<asr_order>
	<ASR_Form>
		<asr_adminsection>
			<DTSENT value="${CURR_DT}"/>
			<QTY value="1"/>
			<BAN value="E"/>
			<REQTYP value="WA"/>
			<DDD value="${DDD}"/>
			<RTR value="F"/>
			<ECCKT value="SDFSDFGDSFGSDF"/>
			<PIU value="0"/>
			<ICSC value="${ICSC}"/>
			<PON value="${PON}"/>
			<SUP value="${SUPP}" />
			<ACT value="R"/>
			<CCNA value="${CCNA}"/>
			<VER value="${VER}"/>
		</asr_adminsection>
		<asr_billsection>
			<BILLNM value="SSADFSAF"/>
			<ACNA value="RCV"/>
		</asr_billsection>
		<asr_contactsection>
			<INIT_TELNO value="123-456-7890"/>
			<INIT_EMAIL value="Friday@ABC.com"/>
			<INIT value="Vibha"/>
			<DTREC value="03-01-2013-0112PM"/>
		</asr_contactsection>
	</ASR_Form>
	<WAL_Form>
		<WAL_circuitdetailsection>
			<NC value="AS--"/>
		</WAL_circuitdetailsection>
	</WAL_Form>
	<SEQNO value="1159"/>
</asr_order>