<?xml version="1.0" encoding="UTF-8"?>
<asr_order>
	<ASR_Form>
		<asr_adminsection>
			<DTSENT value="${CURR_DT}"/>
			<ICSC value="${ICSC}"/>
			<VER value="${VER}"/>
			<DDD value="${DDD}"/>
			<CCNA value="${CCNA}"/>
			<PON value="${PON}"/>
			<ACTL value="VIBHCA12345"/>
			<BAN value="E"/>
			<REQTYP value="SA"/>
			<QTY value="1"/>
			<PIU value="0"/>
			<RTR value="F"/>
			<ACT value="R"/>
			<ECCKT value="SDFSDFGDSFGSDF"/>
		</asr_adminsection>
		<asr_billsection>
			<ACNA value="SWB"/>
		</asr_billsection>
		<asr_contactsection>
			<IMPCON value="ANKS"/>
			<INIT_TELNO value="123-456-7894"/>
			<INIT_EMAIL value="ANKS@gmail.com"/>
			<INIT value="Ankit"/>
			<IMP_TELNO value="123-333-3334"/>
		</asr_contactsection>
		    <TRANSPORT_Form>
        <transport_circuitdetailsection>
            <NC value="NC_1"/>
            <NCI value="NCI_1"/>
            <TLV value="TLV_1"/>
            <SECNCI value="SECNCI_1"/>
            <SECTLV value="SECTLV_1"/>
            <SR value="SR_"/>
            <S25 value="S25_1"/>
            <ER value="1"/>
            <SSS value="B"/>
            <ATN value="ATN_1"/>
            <TRF value="L"/>
            <MST value="M"/>
            <HVP value="Y"/>
            <OTC value="OTC_"/>
            <CKLT value="CKLT_1"/>
            <NSL value="00"/>
            <RCID value="AAAA-AAAAA-AAAA/ AAAAA AAA"/>
            <CFAU value="Y"/>
            <CFA value="CFA_1"/>
            <DIR value="1"/>
            <CPT value="33333-33333"/>
            <SCFAU value="Y"/>
            <SCFA value="SCFA_1"/>
            <SDIR value="1"/>
            <SECLOC value="E"/>
            <MUXLOC value="MUXLOC_1"/>
            <HBAN value="HBAN_1"/>
            <SFNI value="asd1234567881"/>
            <PRI_ADM value="PRI_ADM_1"/>
            <SEC_ADM value="SEC_ADM_1"/>
            <SMUXLOC value="asd12345671"/>
            <NVC value="0"/>
            <PSPEED value="PSPEED"/>
            <LMP value="1"/>
            <N_U value="N"/>
            <BSC value="C"/>
            <ETET value="Y"/>
            <L2CPP value="ABCDEFGHIJABCDEFGHIJABCDE"/>
            <L2CP_ADDR value="AB999"/>
            <MSFS value="12345"/>
            <CCEA value="CCEA_1"/>
            <SCCEA value="SCCEA_1"/>
            <GETO value="A"/>
            <GBTN value="GBT-444-4444"/>
            <GCON value="GCON_1"/>
            <GTEL value="555-555-5555-5555"/>
            <CTX_TEL value="CTX-666-6666"/>
            <CTX_LSTD_NM value="CTX_LSTD_NM_1"/>
            <WACD1 value="WACD1_1"/>
            <WACD2 value="WACD2_1"/>
            <LAG_ID value="LAG_ID"/>
            <LAG_P value="LP"/>
            <DIVCKT value="ABC.ABC/ABC.XYZ.XYZ/ABC.ABC/XYZ.XYZ"/>
            <DIVPON value="ABCABCABCXYZXYZA"/>
            <QPR value="99"/>
            </transport_circuitdetailsection>
        <REMARKS value="REMARKS_1_TRANSPORT"/>
    </TRANSPORT_Form>
	</ASR_Form>
</asr_order>

