<?xml version="1.0" encoding="UTF-8"?>
<asr_order>
	<ASR_Form>
		<asr_adminsection>
			<DTSENT value="${CURR_DT}"/>
			<ICSC value="${ICSC}"/>
			<VER value="${VER}"/>
			<DDD value="${DDD}"/>
			<CCNA value="${CCNA}"/>
			<PON value="${PON}"/>
			<ACTL value="VIBHCA12345"/>
			<BAN value="E"/>
			<REQTYP value="SA"/>
			<QTY value="1"/>
			<PIU value="0"/>
			<RTR value="F"/>
			<ACT value="R"/>
			<ECCKT value="SDFSDFGDSFGSDF"/>
		</asr_adminsection>
		<asr_billsection>
			<ACNA value="SWB"/>
		</asr_billsection>
		<asr_contactsection>
			<IMPCON value="ANKS"/>
			<INIT_TELNO value="123-456-7894"/>
			<INIT_EMAIL value="ANKS@gmail.com"/>
			<INIT value="Ankit"/>
			<IMP_TELNO value="123-333-3334"/>
		</asr_contactsection>
	</ASR_Form>
</asr_order>

