<?xml version="1.0" encoding="UTF-8"?>
<asr_order>
	<ASR_Form>
		<asr_adminsection>
			<DTSENT value="${CURR_DT}"/>
			<ICSC value="${ICSC}"/>
			<VER value="${VER}"/>
			<DDD value="${DDD}"/>
			<CCNA value="${CCNA}"/>
			<PON value="${PON}"/>
			<SUP value="${SUPP}" />
			<QTY value="1"/>
			<ACTL value="VIBHCA12345"/>
			<BAN value="E"/>
			<REQTYP value="LJ"/>
			<RTR value="F"/>
			<ECCKT value="SDFSDFGDSFGSDF1"/>
			<ACT value="R"/>
			<REMARKS value="(Cust Add: AA-WAIKIKI BEACH MARIOTT RESORT)"/>
		</asr_adminsection>
		<asr_billsection>
			<BILLNM value="SDSAFDSFSD"/>
			<ACNA value="ZZZ"/>
		</asr_billsection>
		<asr_contactsection>
			<INIT_TELNO value="981-170-3680"/>
			<INIT value="Shravan"/>
			<DTREC value="06-05-2013-0500AM"/>
		</asr_contactsection>
	</ASR_Form>
	<TRUNKING_Form>
		<servicedetailssection>
			<NCI value="04DS9..AX"/>
			<NC value="AS--"/>
			<LT value="A"/>
			<SLC value="43"/>
			<CSPC value="111-111-111"/>
		</servicedetailssection>
	</TRUNKING_Form>
	<SEQNO value="1875"/>
</asr_order>