<?xml version="1.0" encoding="UTF-8"?><asr_order><ASR_Form><asr_adminsection><DTSENT value="${CURR_DT}"/><ICSC value="${ICSC}"/><QSA value="01"/><RPON value="12"/><UNIT value="B"/><ACTL value="QWERCAUIOPL"/><VER value="${VER}"/><BAN value="E"/><REQTYP value="SC"/><QTY value="1"/><PIU value="100"/><DDD value="${DDD}"/><RTR value="F"/><ACT value="D"/><ECCKT value="96/ARDU/101675//NY"/><CCNA value="${CCNA}"/><PON value="${PON}"/><NOR value="56-78"/></asr_adminsection><asr_billsection><BILLNM value="SSADFSAF"/><ACNA value="SWB"/><FUSF value="E"/></asr_billsection><asr_contactsection><IMPCON value="VIBHA"/><INIT_TELNO value="123-456-7890"/><INIT_EMAIL value="VIB@gmail.com"/><INIT value="Vibha"/><IMP_TELNO value="123-333-3333"/></asr_contactsection></ASR_Form><TRANSPORT_Form><transport_circuitdetailsection><S25 value="C"/><NCI value="04DS9..AX"/><SECLOC value="E"/><SECNCI value="33345"/><NC value="AS--"/></transport_circuitdetailsection></TRANSPORT_Form></asr_order>