<?xml version="1.0" encoding="UTF-8"?>
<asr_order_response>
	<confirmation>
		<CN_Form>
			<cn_adminsection>
				<CDTSENT value="${CURR_DT}"/>
				<CCNA value="${CCNA}"/>
				<PON value="${PON}"/>
				<ICSC value="${ICSC}"/>
				<VER value="${VER}"/>
				<EC_VER value="00"/>
				<AP_REP value="42345235"/>
				<INIT value="Vibha"/>
				<AP_REP_TELNO value="235-253-4534"/>
				<RT value="F"/>
			</cn_adminsection>
		</CN_Form>
	</confirmation>
	<RESPONSE_TYPE value="Confirmation - F"/>
</asr_order_response>