<?xml version="1.0" encoding="UTF-8"?>
<asr_order_response>
	<secondaryconfirmation>
		<CN_Form>
			<cn_adminsection>
				<CDTSENT value="${CURR_DT}"/>
				<CCNA value="${CCNA}"/>
				<PON value="${PON}"/>
				<ICSC value="${ICSC}"/>
				<VER value="${VER}"/>
				<AP_REP_TELNO value="235-252-4543-5"/>
				<AP_REP value="34234234"/>
				<INIT value="Vibha"/>
				<RT value="B"/>
				<EC_VER value="00"/>
			</cn_adminsection>
		</CN_Form>
	</secondaryconfirmation>
	<RESPONSE_TYPE value="Sec Confirmation"/>
</asr_order_response>